parameter_name,math_symbol,python_variable,current_value,unit,original_source,using_files,using_questions,paper_location
O01.lon,\lambda_i,Model.nodes[O01].lon,109.2308517,°,input/调度中心与服务区.xlsx,code/mountain_flood/core/domain.py;code/mountain_flood/validation/replay.py;code/mountain_flood/figure/spatial.py,Q1-Q4,§数据处理与统一物理规则
O01.lat,\phi_i,Model.nodes[O01].lat,23.0085095,°,input/调度中心与服务区.xlsx,code/mountain_flood/core/domain.py;code/mountain_flood/validation/replay.py;code/mountain_flood/figure/spatial.py,Q1-Q4,§数据处理与统一物理规则
O01.z,z_i,Model.nodes[O01].z,127.7,m,input/调度中心与服务区.xlsx,code/mountain_flood/core/domain.py;code/mountain_flood/validation/replay.py;code/mountain_flood/figure/spatial.py,Q1-Q4,§数据处理与统一物理规则
S001.lon,\lambda_i,Model.nodes[S001].lon,109.2432319,°,input/调度中心与服务区.xlsx,code/mountain_flood/core/domain.py;code/mountain_flood/validation/replay.py;code/mountain_flood/figure/spatial.py,Q1-Q4,§数据处理与统一物理规则
S001.lat,\phi_i,Model.nodes[S001].lat,23.0335927,°,input/调度中心与服务区.xlsx,code/mountain_flood/core/domain.py;code/mountain_flood/validation/replay.py;code/mountain_flood/figure/spatial.py,Q1-Q4,§数据处理与统一物理规则
S001.z,z_i,Model.nodes[S001].z,154,m,input/调度中心与服务区.xlsx,code/mountain_flood/core/domain.py;code/mountain_flood/validation/replay.py;code/mountain_flood/figure/spatial.py,Q1-Q4,§数据处理与统一物理规则
S002.lon,\lambda_i,Model.nodes[S002].lon,109.2585519,°,input/调度中心与服务区.xlsx,code/mountain_flood/core/domain.py;code/mountain_flood/validation/replay.py;code/mountain_flood/figure/spatial.py,Q1-Q4,§数据处理与统一物理规则
S002.lat,\phi_i,Model.nodes[S002].lat,23.0703271,°,input/调度中心与服务区.xlsx,code/mountain_flood/core/domain.py;code/mountain_flood/validation/replay.py;code/mountain_flood/figure/spatial.py,Q1-Q4,§数据处理与统一物理规则
S002.z,z_i,Model.nodes[S002].z,189.5,m,input/调度中心与服务区.xlsx,code/mountain_flood/core/domain.py;code/mountain_flood/validation/replay.py;code/mountain_flood/figure/spatial.py,Q1-Q4,§数据处理与统一物理规则
S003.lon,\lambda_i,Model.nodes[S003].lon,109.1688578,°,input/调度中心与服务区.xlsx,code/mountain_flood/core/domain.py;code/mountain_flood/validation/replay.py;code/mountain_flood/figure/spatial.py,Q1-Q4,§数据处理与统一物理规则
S003.lat,\phi_i,Model.nodes[S003].lat,23.0402714,°,input/调度中心与服务区.xlsx,code/mountain_flood/core/domain.py;code/mountain_flood/validation/replay.py;code/mountain_flood/figure/spatial.py,Q1-Q4,§数据处理与统一物理规则
S003.z,z_i,Model.nodes[S003].z,308.5,m,input/调度中心与服务区.xlsx,code/mountain_flood/core/domain.py;code/mountain_flood/validation/replay.py;code/mountain_flood/figure/spatial.py,Q1-Q4,§数据处理与统一物理规则
S004.lon,\lambda_i,Model.nodes[S004].lon,109.2381714,°,input/调度中心与服务区.xlsx,code/mountain_flood/core/domain.py;code/mountain_flood/validation/replay.py;code/mountain_flood/figure/spatial.py,Q1-Q4,§数据处理与统一物理规则
S004.lat,\phi_i,Model.nodes[S004].lat,23.0778414,°,input/调度中心与服务区.xlsx,code/mountain_flood/core/domain.py;code/mountain_flood/validation/replay.py;code/mountain_flood/figure/spatial.py,Q1-Q4,§数据处理与统一物理规则
S004.z,z_i,Model.nodes[S004].z,198.3,m,input/调度中心与服务区.xlsx,code/mountain_flood/core/domain.py;code/mountain_flood/validation/replay.py;code/mountain_flood/figure/spatial.py,Q1-Q4,§数据处理与统一物理规则
S005.lon,\lambda_i,Model.nodes[S005].lon,109.2283003,°,input/调度中心与服务区.xlsx,code/mountain_flood/core/domain.py;code/mountain_flood/validation/replay.py;code/mountain_flood/figure/spatial.py,Q1-Q4,§数据处理与统一物理规则
S005.lat,\phi_i,Model.nodes[S005].lat,23.0561338,°,input/调度中心与服务区.xlsx,code/mountain_flood/core/domain.py;code/mountain_flood/validation/replay.py;code/mountain_flood/figure/spatial.py,Q1-Q4,§数据处理与统一物理规则
S005.z,z_i,Model.nodes[S005].z,165,m,input/调度中心与服务区.xlsx,code/mountain_flood/core/domain.py;code/mountain_flood/validation/replay.py;code/mountain_flood/figure/spatial.py,Q1-Q4,§数据处理与统一物理规则
S006.lon,\lambda_i,Model.nodes[S006].lon,109.1997836,°,input/调度中心与服务区.xlsx,code/mountain_flood/core/domain.py;code/mountain_flood/validation/replay.py;code/mountain_flood/figure/spatial.py,Q1-Q4,§数据处理与统一物理规则
S006.lat,\phi_i,Model.nodes[S006].lat,23.007714,°,input/调度中心与服务区.xlsx,code/mountain_flood/core/domain.py;code/mountain_flood/validation/replay.py;code/mountain_flood/figure/spatial.py,Q1-Q4,§数据处理与统一物理规则
S006.z,z_i,Model.nodes[S006].z,284.8,m,input/调度中心与服务区.xlsx,code/mountain_flood/core/domain.py;code/mountain_flood/validation/replay.py;code/mountain_flood/figure/spatial.py,Q1-Q4,§数据处理与统一物理规则
S007.lon,\lambda_i,Model.nodes[S007].lon,109.1928191,°,input/调度中心与服务区.xlsx,code/mountain_flood/core/domain.py;code/mountain_flood/validation/replay.py;code/mountain_flood/figure/spatial.py,Q1-Q4,§数据处理与统一物理规则
S007.lat,\phi_i,Model.nodes[S007].lat,23.0294186,°,input/调度中心与服务区.xlsx,code/mountain_flood/core/domain.py;code/mountain_flood/validation/replay.py;code/mountain_flood/figure/spatial.py,Q1-Q4,§数据处理与统一物理规则
S007.z,z_i,Model.nodes[S007].z,318.5,m,input/调度中心与服务区.xlsx,code/mountain_flood/core/domain.py;code/mountain_flood/validation/replay.py;code/mountain_flood/figure/spatial.py,Q1-Q4,§数据处理与统一物理规则
S008.lon,\lambda_i,Model.nodes[S008].lon,109.2127472,°,input/调度中心与服务区.xlsx,code/mountain_flood/core/domain.py;code/mountain_flood/validation/replay.py;code/mountain_flood/figure/spatial.py,Q1-Q4,§数据处理与统一物理规则
S008.lat,\phi_i,Model.nodes[S008].lat,23.0795113,°,input/调度中心与服务区.xlsx,code/mountain_flood/core/domain.py;code/mountain_flood/validation/replay.py;code/mountain_flood/figure/spatial.py,Q1-Q4,§数据处理与统一物理规则
S008.z,z_i,Model.nodes[S008].z,240.9,m,input/调度中心与服务区.xlsx,code/mountain_flood/core/domain.py;code/mountain_flood/validation/replay.py;code/mountain_flood/figure/spatial.py,Q1-Q4,§数据处理与统一物理规则
S009.lon,\lambda_i,Model.nodes[S009].lon,109.2541424,°,input/调度中心与服务区.xlsx,code/mountain_flood/core/domain.py;code/mountain_flood/validation/replay.py;code/mountain_flood/figure/spatial.py,Q1-Q4,§数据处理与统一物理规则
S009.lat,\phi_i,Model.nodes[S009].lat,23.0552989,°,input/调度中心与服务区.xlsx,code/mountain_flood/core/domain.py;code/mountain_flood/validation/replay.py;code/mountain_flood/figure/spatial.py,Q1-Q4,§数据处理与统一物理规则
S009.z,z_i,Model.nodes[S009].z,200,m,input/调度中心与服务区.xlsx,code/mountain_flood/core/domain.py;code/mountain_flood/validation/replay.py;code/mountain_flood/figure/spatial.py,Q1-Q4,§数据处理与统一物理规则
S010.lon,\lambda_i,Model.nodes[S010].lon,109.2760168,°,input/调度中心与服务区.xlsx,code/mountain_flood/core/domain.py;code/mountain_flood/validation/replay.py;code/mountain_flood/figure/spatial.py,Q1-Q4,§数据处理与统一物理规则
S010.lat,\phi_i,Model.nodes[S010].lat,23.0194009,°,input/调度中心与服务区.xlsx,code/mountain_flood/core/domain.py;code/mountain_flood/validation/replay.py;code/mountain_flood/figure/spatial.py,Q1-Q4,§数据处理与统一物理规则
S010.z,z_i,Model.nodes[S010].z,321.6,m,input/调度中心与服务区.xlsx,code/mountain_flood/core/domain.py;code/mountain_flood/validation/replay.py;code/mountain_flood/figure/spatial.py,Q1-Q4,§数据处理与统一物理规则
S011.lon,\lambda_i,Model.nodes[S011].lon,109.2203356,°,input/调度中心与服务区.xlsx,code/mountain_flood/core/domain.py;code/mountain_flood/validation/replay.py;code/mountain_flood/figure/spatial.py,Q1-Q4,§数据处理与统一物理规则
S011.lat,\phi_i,Model.nodes[S011].lat,23.0319231,°,input/调度中心与服务区.xlsx,code/mountain_flood/core/domain.py;code/mountain_flood/validation/replay.py;code/mountain_flood/figure/spatial.py,Q1-Q4,§数据处理与统一物理规则
S011.z,z_i,Model.nodes[S011].z,182.1,m,input/调度中心与服务区.xlsx,code/mountain_flood/core/domain.py;code/mountain_flood/validation/replay.py;code/mountain_flood/figure/spatial.py,Q1-Q4,§数据处理与统一物理规则
S012.lon,\lambda_i,Model.nodes[S012].lon,109.2831357,°,input/调度中心与服务区.xlsx,code/mountain_flood/core/domain.py;code/mountain_flood/validation/replay.py;code/mountain_flood/figure/spatial.py,Q1-Q4,§数据处理与统一物理规则
S012.lat,\phi_i,Model.nodes[S012].lat,23.054464,°,input/调度中心与服务区.xlsx,code/mountain_flood/core/domain.py;code/mountain_flood/validation/replay.py;code/mountain_flood/figure/spatial.py,Q1-Q4,§数据处理与统一物理规则
S012.z,z_i,Model.nodes[S012].z,249.8,m,input/调度中心与服务区.xlsx,code/mountain_flood/core/domain.py;code/mountain_flood/validation/replay.py;code/mountain_flood/figure/spatial.py,Q1-Q4,§数据处理与统一物理规则
S013.lon,\lambda_i,Model.nodes[S013].lon,109.2713839,°,input/调度中心与服务区.xlsx,code/mountain_flood/core/domain.py;code/mountain_flood/validation/replay.py;code/mountain_flood/figure/spatial.py,Q1-Q4,§数据处理与统一物理规则
S013.lat,\phi_i,Model.nodes[S013].lat,23.0310882,°,input/调度中心与服务区.xlsx,code/mountain_flood/core/domain.py;code/mountain_flood/validation/replay.py;code/mountain_flood/figure/spatial.py,Q1-Q4,§数据处理与统一物理规则
S013.z,z_i,Model.nodes[S013].z,321.7,m,input/调度中心与服务区.xlsx,code/mountain_flood/core/domain.py;code/mountain_flood/validation/replay.py;code/mountain_flood/figure/spatial.py,Q1-Q4,§数据处理与统一物理规则
S014.lon,\lambda_i,Model.nodes[S014].lon,109.2835966,°,input/调度中心与服务区.xlsx,code/mountain_flood/core/domain.py;code/mountain_flood/validation/replay.py;code/mountain_flood/figure/spatial.py,Q1-Q4,§数据处理与统一物理规则
S014.lat,\phi_i,Model.nodes[S014].lat,23.0052097,°,input/调度中心与服务区.xlsx,code/mountain_flood/core/domain.py;code/mountain_flood/validation/replay.py;code/mountain_flood/figure/spatial.py,Q1-Q4,§数据处理与统一物理规则
S014.z,z_i,Model.nodes[S014].z,321,m,input/调度中心与服务区.xlsx,code/mountain_flood/core/domain.py;code/mountain_flood/validation/replay.py;code/mountain_flood/figure/spatial.py,Q1-Q4,§数据处理与统一物理规则
S015.lon,\lambda_i,Model.nodes[S015].lon,109.1923786,°,input/调度中心与服务区.xlsx,code/mountain_flood/core/domain.py;code/mountain_flood/validation/replay.py;code/mountain_flood/figure/spatial.py,Q1-Q4,§数据处理与统一物理规则
S015.lat,\phi_i,Model.nodes[S015].lat,23.0494548,°,input/调度中心与服务区.xlsx,code/mountain_flood/core/domain.py;code/mountain_flood/validation/replay.py;code/mountain_flood/figure/spatial.py,Q1-Q4,§数据处理与统一物理规则
S015.z,z_i,Model.nodes[S015].z,444.5,m,input/调度中心与服务区.xlsx,code/mountain_flood/core/domain.py;code/mountain_flood/validation/replay.py;code/mountain_flood/figure/spatial.py,Q1-Q4,§数据处理与统一物理规则
A.mass,m_g,Model.types[A][mass],70,kg,input/运输无人机数据.xlsx,code/mountain_flood/core/domain.py;code/mountain_flood/validation/replay.py;code/mountain_flood/problem2/search.py;code/mountain_flood/problem3/schedule.py;code/mountain_flood/problem4/partition.py,Q1-Q4,§数据处理；§问题一至四
A.Q,Q_g,Model.types[A][Q],25,kg,input/运输无人机数据.xlsx,code/mountain_flood/core/domain.py;code/mountain_flood/validation/replay.py;code/mountain_flood/problem2/search.py;code/mountain_flood/problem3/schedule.py;code/mountain_flood/problem4/partition.py,Q1-Q4,§数据处理；§问题一至四
A.V,V_g,Model.types[A][V],0.06,m³,input/运输无人机数据.xlsx,code/mountain_flood/core/domain.py;code/mountain_flood/validation/replay.py;code/mountain_flood/problem2/search.py;code/mountain_flood/problem3/schedule.py;code/mountain_flood/problem4/partition.py,Q1-Q4,§数据处理；§问题一至四
A.vc,v_g^c,Model.types[A][vc],12,m/s,input/运输无人机数据.xlsx,code/mountain_flood/core/domain.py;code/mountain_flood/validation/replay.py;code/mountain_flood/problem2/search.py;code/mountain_flood/problem3/schedule.py;code/mountain_flood/problem4/partition.py,Q1-Q4,§数据处理；§问题一至四
A.L0,L_g^0,Model.types[A][L0],25000,m,input/运输无人机数据.xlsx,code/mountain_flood/core/domain.py;code/mountain_flood/validation/replay.py;code/mountain_flood/problem2/search.py;code/mountain_flood/problem3/schedule.py;code/mountain_flood/problem4/partition.py,Q1-Q4,§数据处理；§问题一至四
A.LF,L_g^F,Model.types[A][LF],20000,m,input/运输无人机数据.xlsx,code/mountain_flood/core/domain.py;code/mountain_flood/validation/replay.py;code/mountain_flood/problem2/search.py;code/mountain_flood/problem3/schedule.py;code/mountain_flood/problem4/partition.py,Q1-Q4,§数据处理；§问题一至四
A.E,E_g^use,Model.types[A][E],4.5,kWh,input/运输无人机数据.xlsx,code/mountain_flood/core/domain.py;code/mountain_flood/validation/replay.py;code/mountain_flood/problem2/search.py;code/mountain_flood/problem3/schedule.py;code/mountain_flood/problem4/partition.py,Q1-Q4,§数据处理；§问题一至四
A.rho,ρ_g,Model.types[A][rho],20,%,input/运输无人机数据.xlsx,code/mountain_flood/core/domain.py;code/mountain_flood/validation/replay.py;code/mountain_flood/problem2/search.py;code/mountain_flood/problem3/schedule.py;code/mountain_flood/problem4/partition.py,Q1-Q4,§数据处理；§问题一至四
A.prep,t_g^prep,Model.types[A][prep],300,s,input/运输无人机数据.xlsx,code/mountain_flood/core/domain.py;code/mountain_flood/validation/replay.py;code/mountain_flood/problem2/search.py;code/mountain_flood/problem3/schedule.py;code/mountain_flood/problem4/partition.py,Q1-Q4,§数据处理；§问题一至四
A.load,t_g^load,Model.types[A][load],30,s,input/运输无人机数据.xlsx,code/mountain_flood/core/domain.py;code/mountain_flood/validation/replay.py;code/mountain_flood/problem2/search.py;code/mountain_flood/problem3/schedule.py;code/mountain_flood/problem4/partition.py,Q1-Q4,§数据处理；§问题一至四
A.handoff,t_g^handoff,Model.types[A][handoff],150,s,input/运输无人机数据.xlsx,code/mountain_flood/core/domain.py;code/mountain_flood/validation/replay.py;code/mountain_flood/problem2/search.py;code/mountain_flood/problem3/schedule.py;code/mountain_flood/problem4/partition.py,Q1-Q4,§数据处理；§问题一至四
A.perbox,t_g^box,Model.types[A][perbox],30,s,input/运输无人机数据.xlsx,code/mountain_flood/core/domain.py;code/mountain_flood/validation/replay.py;code/mountain_flood/problem2/search.py;code/mountain_flood/problem3/schedule.py;code/mountain_flood/problem4/partition.py,Q1-Q4,§数据处理；§问题一至四
A.vu,v_g^↑,Model.types[A][vu],3,m/s,input/运输无人机数据.xlsx,code/mountain_flood/core/domain.py;code/mountain_flood/validation/replay.py;code/mountain_flood/problem2/search.py;code/mountain_flood/problem3/schedule.py;code/mountain_flood/problem4/partition.py,Q1-Q4,§数据处理；§问题一至四
A.vd,v_g^↓,Model.types[A][vd],2.5,m/s,input/运输无人机数据.xlsx,code/mountain_flood/core/domain.py;code/mountain_flood/validation/replay.py;code/mountain_flood/problem2/search.py;code/mountain_flood/problem3/schedule.py;code/mountain_flood/problem4/partition.py,Q1-Q4,§数据处理；§问题一至四
A.eta,η_g,Model.types[A][eta],0.72,1,input/运输无人机数据.xlsx,code/mountain_flood/core/domain.py;code/mountain_flood/validation/replay.py;code/mountain_flood/problem2/search.py;code/mountain_flood/problem3/schedule.py;code/mountain_flood/problem4/partition.py,Q1-Q4,§数据处理；§问题一至四
A.downeta,η_g^↓,Model.types[A][downeta],0,1,input/运输无人机数据.xlsx,code/mountain_flood/core/domain.py;code/mountain_flood/validation/replay.py;code/mountain_flood/problem2/search.py;code/mountain_flood/problem3/schedule.py;code/mountain_flood/problem4/partition.py,Q1-Q4,§数据处理；§问题一至四
A.batteries,B_g,Model.types[A][batteries],6,组,input/运输无人机数据.xlsx,code/mountain_flood/core/domain.py;code/mountain_flood/validation/replay.py;code/mountain_flood/problem2/search.py;code/mountain_flood/problem3/schedule.py;code/mountain_flood/problem4/partition.py,Q1-Q4,§数据处理；§问题一至四
A.charge,T_g^charge,Model.types[A][charge],1800,s,input/运输无人机数据.xlsx,code/mountain_flood/core/domain.py;code/mountain_flood/validation/replay.py;code/mountain_flood/problem2/search.py;code/mountain_flood/problem3/schedule.py;code/mountain_flood/problem4/partition.py,Q1-Q4,§数据处理；§问题一至四
A.units,N_g,len(Model.units[A]),4,架,input/运输无人机数据.xlsx,code/mountain_flood/problem2/search.py;code/mountain_flood/problem4/partition.py,Q2-Q4,§数据处理；§问题四
B.mass,m_g,Model.types[B][mass],65,kg,input/运输无人机数据.xlsx,code/mountain_flood/core/domain.py;code/mountain_flood/validation/replay.py;code/mountain_flood/problem2/search.py;code/mountain_flood/problem3/schedule.py;code/mountain_flood/problem4/partition.py,Q1-Q4,§数据处理；§问题一至四
B.Q,Q_g,Model.types[B][Q],30,kg,input/运输无人机数据.xlsx,code/mountain_flood/core/domain.py;code/mountain_flood/validation/replay.py;code/mountain_flood/problem2/search.py;code/mountain_flood/problem3/schedule.py;code/mountain_flood/problem4/partition.py,Q1-Q4,§数据处理；§问题一至四
B.V,V_g,Model.types[B][V],0.073,m³,input/运输无人机数据.xlsx,code/mountain_flood/core/domain.py;code/mountain_flood/validation/replay.py;code/mountain_flood/problem2/search.py;code/mountain_flood/problem3/schedule.py;code/mountain_flood/problem4/partition.py,Q1-Q4,§数据处理；§问题一至四
B.vc,v_g^c,Model.types[B][vc],15,m/s,input/运输无人机数据.xlsx,code/mountain_flood/core/domain.py;code/mountain_flood/validation/replay.py;code/mountain_flood/problem2/search.py;code/mountain_flood/problem3/schedule.py;code/mountain_flood/problem4/partition.py,Q1-Q4,§数据处理；§问题一至四
B.L0,L_g^0,Model.types[B][L0],28000,m,input/运输无人机数据.xlsx,code/mountain_flood/core/domain.py;code/mountain_flood/validation/replay.py;code/mountain_flood/problem2/search.py;code/mountain_flood/problem3/schedule.py;code/mountain_flood/problem4/partition.py,Q1-Q4,§数据处理；§问题一至四
B.LF,L_g^F,Model.types[B][LF],16000,m,input/运输无人机数据.xlsx,code/mountain_flood/core/domain.py;code/mountain_flood/validation/replay.py;code/mountain_flood/problem2/search.py;code/mountain_flood/problem3/schedule.py;code/mountain_flood/problem4/partition.py,Q1-Q4,§数据处理；§问题一至四
B.E,E_g^use,Model.types[B][E],4,kWh,input/运输无人机数据.xlsx,code/mountain_flood/core/domain.py;code/mountain_flood/validation/replay.py;code/mountain_flood/problem2/search.py;code/mountain_flood/problem3/schedule.py;code/mountain_flood/problem4/partition.py,Q1-Q4,§数据处理；§问题一至四
B.rho,ρ_g,Model.types[B][rho],20,%,input/运输无人机数据.xlsx,code/mountain_flood/core/domain.py;code/mountain_flood/validation/replay.py;code/mountain_flood/problem2/search.py;code/mountain_flood/problem3/schedule.py;code/mountain_flood/problem4/partition.py,Q1-Q4,§数据处理；§问题一至四
B.prep,t_g^prep,Model.types[B][prep],300,s,input/运输无人机数据.xlsx,code/mountain_flood/core/domain.py;code/mountain_flood/validation/replay.py;code/mountain_flood/problem2/search.py;code/mountain_flood/problem3/schedule.py;code/mountain_flood/problem4/partition.py,Q1-Q4,§数据处理；§问题一至四
B.load,t_g^load,Model.types[B][load],30,s,input/运输无人机数据.xlsx,code/mountain_flood/core/domain.py;code/mountain_flood/validation/replay.py;code/mountain_flood/problem2/search.py;code/mountain_flood/problem3/schedule.py;code/mountain_flood/problem4/partition.py,Q1-Q4,§数据处理；§问题一至四
B.handoff,t_g^handoff,Model.types[B][handoff],150,s,input/运输无人机数据.xlsx,code/mountain_flood/core/domain.py;code/mountain_flood/validation/replay.py;code/mountain_flood/problem2/search.py;code/mountain_flood/problem3/schedule.py;code/mountain_flood/problem4/partition.py,Q1-Q4,§数据处理；§问题一至四
B.perbox,t_g^box,Model.types[B][perbox],30,s,input/运输无人机数据.xlsx,code/mountain_flood/core/domain.py;code/mountain_flood/validation/replay.py;code/mountain_flood/problem2/search.py;code/mountain_flood/problem3/schedule.py;code/mountain_flood/problem4/partition.py,Q1-Q4,§数据处理；§问题一至四
B.vu,v_g^↑,Model.types[B][vu],3,m/s,input/运输无人机数据.xlsx,code/mountain_flood/core/domain.py;code/mountain_flood/validation/replay.py;code/mountain_flood/problem2/search.py;code/mountain_flood/problem3/schedule.py;code/mountain_flood/problem4/partition.py,Q1-Q4,§数据处理；§问题一至四
B.vd,v_g^↓,Model.types[B][vd],2.5,m/s,input/运输无人机数据.xlsx,code/mountain_flood/core/domain.py;code/mountain_flood/validation/replay.py;code/mountain_flood/problem2/search.py;code/mountain_flood/problem3/schedule.py;code/mountain_flood/problem4/partition.py,Q1-Q4,§数据处理；§问题一至四
B.eta,η_g,Model.types[B][eta],0.72,1,input/运输无人机数据.xlsx,code/mountain_flood/core/domain.py;code/mountain_flood/validation/replay.py;code/mountain_flood/problem2/search.py;code/mountain_flood/problem3/schedule.py;code/mountain_flood/problem4/partition.py,Q1-Q4,§数据处理；§问题一至四
B.downeta,η_g^↓,Model.types[B][downeta],0,1,input/运输无人机数据.xlsx,code/mountain_flood/core/domain.py;code/mountain_flood/validation/replay.py;code/mountain_flood/problem2/search.py;code/mountain_flood/problem3/schedule.py;code/mountain_flood/problem4/partition.py,Q1-Q4,§数据处理；§问题一至四
B.batteries,B_g,Model.types[B][batteries],4,组,input/运输无人机数据.xlsx,code/mountain_flood/core/domain.py;code/mountain_flood/validation/replay.py;code/mountain_flood/problem2/search.py;code/mountain_flood/problem3/schedule.py;code/mountain_flood/problem4/partition.py,Q1-Q4,§数据处理；§问题一至四
B.charge,T_g^charge,Model.types[B][charge],2400,s,input/运输无人机数据.xlsx,code/mountain_flood/core/domain.py;code/mountain_flood/validation/replay.py;code/mountain_flood/problem2/search.py;code/mountain_flood/problem3/schedule.py;code/mountain_flood/problem4/partition.py,Q1-Q4,§数据处理；§问题一至四
B.units,N_g,len(Model.units[B]),2,架,input/运输无人机数据.xlsx,code/mountain_flood/problem2/search.py;code/mountain_flood/problem4/partition.py,Q2-Q4,§数据处理；§问题四
C.mass,m_g,Model.types[C][mass],69.9,kg,input/运输无人机数据.xlsx,code/mountain_flood/core/domain.py;code/mountain_flood/validation/replay.py;code/mountain_flood/problem2/search.py;code/mountain_flood/problem3/schedule.py;code/mountain_flood/problem4/partition.py,Q1-Q4,§数据处理；§问题一至四
C.Q,Q_g,Model.types[C][Q],80,kg,input/运输无人机数据.xlsx,code/mountain_flood/core/domain.py;code/mountain_flood/validation/replay.py;code/mountain_flood/problem2/search.py;code/mountain_flood/problem3/schedule.py;code/mountain_flood/problem4/partition.py,Q1-Q4,§数据处理；§问题一至四
C.V,V_g,Model.types[C][V],0.25,m³,input/运输无人机数据.xlsx,code/mountain_flood/core/domain.py;code/mountain_flood/validation/replay.py;code/mountain_flood/problem2/search.py;code/mountain_flood/problem3/schedule.py;code/mountain_flood/problem4/partition.py,Q1-Q4,§数据处理；§问题一至四
C.vc,v_g^c,Model.types[C][vc],15,m/s,input/运输无人机数据.xlsx,code/mountain_flood/core/domain.py;code/mountain_flood/validation/replay.py;code/mountain_flood/problem2/search.py;code/mountain_flood/problem3/schedule.py;code/mountain_flood/problem4/partition.py,Q1-Q4,§数据处理；§问题一至四
C.L0,L_g^0,Model.types[C][L0],26000,m,input/运输无人机数据.xlsx,code/mountain_flood/core/domain.py;code/mountain_flood/validation/replay.py;code/mountain_flood/problem2/search.py;code/mountain_flood/problem3/schedule.py;code/mountain_flood/problem4/partition.py,Q1-Q4,§数据处理；§问题一至四
C.LF,L_g^F,Model.types[C][LF],12000,m,input/运输无人机数据.xlsx,code/mountain_flood/core/domain.py;code/mountain_flood/validation/replay.py;code/mountain_flood/problem2/search.py;code/mountain_flood/problem3/schedule.py;code/mountain_flood/problem4/partition.py,Q1-Q4,§数据处理；§问题一至四
C.E,E_g^use,Model.types[C][E],8,kWh,input/运输无人机数据.xlsx,code/mountain_flood/core/domain.py;code/mountain_flood/validation/replay.py;code/mountain_flood/problem2/search.py;code/mountain_flood/problem3/schedule.py;code/mountain_flood/problem4/partition.py,Q1-Q4,§数据处理；§问题一至四
C.rho,ρ_g,Model.types[C][rho],20,%,input/运输无人机数据.xlsx,code/mountain_flood/core/domain.py;code/mountain_flood/validation/replay.py;code/mountain_flood/problem2/search.py;code/mountain_flood/problem3/schedule.py;code/mountain_flood/problem4/partition.py,Q1-Q4,§数据处理；§问题一至四
C.prep,t_g^prep,Model.types[C][prep],300,s,input/运输无人机数据.xlsx,code/mountain_flood/core/domain.py;code/mountain_flood/validation/replay.py;code/mountain_flood/problem2/search.py;code/mountain_flood/problem3/schedule.py;code/mountain_flood/problem4/partition.py,Q1-Q4,§数据处理；§问题一至四
C.load,t_g^load,Model.types[C][load],30,s,input/运输无人机数据.xlsx,code/mountain_flood/core/domain.py;code/mountain_flood/validation/replay.py;code/mountain_flood/problem2/search.py;code/mountain_flood/problem3/schedule.py;code/mountain_flood/problem4/partition.py,Q1-Q4,§数据处理；§问题一至四
C.handoff,t_g^handoff,Model.types[C][handoff],180,s,input/运输无人机数据.xlsx,code/mountain_flood/core/domain.py;code/mountain_flood/validation/replay.py;code/mountain_flood/problem2/search.py;code/mountain_flood/problem3/schedule.py;code/mountain_flood/problem4/partition.py,Q1-Q4,§数据处理；§问题一至四
C.perbox,t_g^box,Model.types[C][perbox],36,s,input/运输无人机数据.xlsx,code/mountain_flood/core/domain.py;code/mountain_flood/validation/replay.py;code/mountain_flood/problem2/search.py;code/mountain_flood/problem3/schedule.py;code/mountain_flood/problem4/partition.py,Q1-Q4,§数据处理；§问题一至四
C.vu,v_g^↑,Model.types[C][vu],2.5,m/s,input/运输无人机数据.xlsx,code/mountain_flood/core/domain.py;code/mountain_flood/validation/replay.py;code/mountain_flood/problem2/search.py;code/mountain_flood/problem3/schedule.py;code/mountain_flood/problem4/partition.py,Q1-Q4,§数据处理；§问题一至四
C.vd,v_g^↓,Model.types[C][vd],2,m/s,input/运输无人机数据.xlsx,code/mountain_flood/core/domain.py;code/mountain_flood/validation/replay.py;code/mountain_flood/problem2/search.py;code/mountain_flood/problem3/schedule.py;code/mountain_flood/problem4/partition.py,Q1-Q4,§数据处理；§问题一至四
C.eta,η_g,Model.types[C][eta],0.72,1,input/运输无人机数据.xlsx,code/mountain_flood/core/domain.py;code/mountain_flood/validation/replay.py;code/mountain_flood/problem2/search.py;code/mountain_flood/problem3/schedule.py;code/mountain_flood/problem4/partition.py,Q1-Q4,§数据处理；§问题一至四
C.downeta,η_g^↓,Model.types[C][downeta],0,1,input/运输无人机数据.xlsx,code/mountain_flood/core/domain.py;code/mountain_flood/validation/replay.py;code/mountain_flood/problem2/search.py;code/mountain_flood/problem3/schedule.py;code/mountain_flood/problem4/partition.py,Q1-Q4,§数据处理；§问题一至四
C.batteries,B_g,Model.types[C][batteries],4,组,input/运输无人机数据.xlsx,code/mountain_flood/core/domain.py;code/mountain_flood/validation/replay.py;code/mountain_flood/problem2/search.py;code/mountain_flood/problem3/schedule.py;code/mountain_flood/problem4/partition.py,Q1-Q4,§数据处理；§问题一至四
C.charge,T_g^charge,Model.types[C][charge],3000,s,input/运输无人机数据.xlsx,code/mountain_flood/core/domain.py;code/mountain_flood/validation/replay.py;code/mountain_flood/problem2/search.py;code/mountain_flood/problem3/schedule.py;code/mountain_flood/problem4/partition.py,Q1-Q4,§数据处理；§问题一至四
C.units,N_g,len(Model.units[C]),2,架,input/运输无人机数据.xlsx,code/mountain_flood/problem2/search.py;code/mountain_flood/problem4/partition.py,Q2-Q4,§数据处理；§问题四
R.airframe_mass,R_airframe_mass,Model.relay[airframe_mass],21,kg,input/中继无人机数据.xlsx,code/mountain_flood/problem3/communication.py;code/mountain_flood/validation/replay.py;code/mountain_flood/problem4/partition.py,Q3-Q4,§通信与中继；§问题三；§问题四
R.module_mass,R_module_mass,Model.relay[module_mass],2.5,kg,input/中继无人机数据.xlsx,code/mountain_flood/problem3/communication.py;code/mountain_flood/validation/replay.py;code/mountain_flood/problem4/partition.py,Q3-Q4,§通信与中继；§问题三；§问题四
R.mass,R_mass,Model.relay[mass],23.5,kg,input/中继无人机数据.xlsx,code/mountain_flood/problem3/communication.py;code/mountain_flood/validation/replay.py;code/mountain_flood/problem4/partition.py,Q3-Q4,§通信与中继；§问题三；§问题四
R.vc,R_vc,Model.relay[vc],15,m/s,input/中继无人机数据.xlsx,code/mountain_flood/problem3/communication.py;code/mountain_flood/validation/replay.py;code/mountain_flood/problem4/partition.py,Q3-Q4,§通信与中继；§问题三；§问题四
R.cruise_power,R_cruise_power,Model.relay[cruise_power],1.15,kW,input/中继无人机数据.xlsx,code/mountain_flood/problem3/communication.py;code/mountain_flood/validation/replay.py;code/mountain_flood/problem4/partition.py,Q3-Q4,§通信与中继；§问题三；§问题四
R.E,R_E,Model.relay[E],3.2,kWh,input/中继无人机数据.xlsx,code/mountain_flood/problem3/communication.py;code/mountain_flood/validation/replay.py;code/mountain_flood/problem4/partition.py,Q3-Q4,§通信与中继；§问题三；§问题四
R.rho,R_rho,Model.relay[rho],20,%,input/中继无人机数据.xlsx,code/mountain_flood/problem3/communication.py;code/mountain_flood/validation/replay.py;code/mountain_flood/problem4/partition.py,Q3-Q4,§通信与中继；§问题三；§问题四
R.prep,R_prep,Model.relay[prep],180,s,input/中继无人机数据.xlsx,code/mountain_flood/problem3/communication.py;code/mountain_flood/validation/replay.py;code/mountain_flood/problem4/partition.py,Q3-Q4,§通信与中继；§问题三；§问题四
R.link_setup,R_link_setup,Model.relay[link_setup],30,s,input/中继无人机数据.xlsx,code/mountain_flood/problem3/communication.py;code/mountain_flood/validation/replay.py;code/mountain_flood/problem4/partition.py,Q3-Q4,§通信与中继；§问题三；§问题四
R.turnaround,R_turnaround,Model.relay[turnaround],300,s,input/中继无人机数据.xlsx,code/mountain_flood/problem3/communication.py;code/mountain_flood/validation/replay.py;code/mountain_flood/problem4/partition.py,Q3-Q4,§通信与中继；§问题三；§问题四
R.vu,R_vu,Model.relay[vu],4,m/s,input/中继无人机数据.xlsx,code/mountain_flood/problem3/communication.py;code/mountain_flood/validation/replay.py;code/mountain_flood/problem4/partition.py,Q3-Q4,§通信与中继；§问题三；§问题四
R.vd,R_vd,Model.relay[vd],3,m/s,input/中继无人机数据.xlsx,code/mountain_flood/problem3/communication.py;code/mountain_flood/validation/replay.py;code/mountain_flood/problem4/partition.py,Q3-Q4,§通信与中继；§问题三；§问题四
R.eta,R_eta,Model.relay[eta],0.72,1,input/中继无人机数据.xlsx,code/mountain_flood/problem3/communication.py;code/mountain_flood/validation/replay.py;code/mountain_flood/problem4/partition.py,Q3-Q4,§通信与中继；§问题三；§问题四
R.downeta,R_downeta,Model.relay[downeta],0,1,input/中继无人机数据.xlsx,code/mountain_flood/problem3/communication.py;code/mountain_flood/validation/replay.py;code/mountain_flood/problem4/partition.py,Q3-Q4,§通信与中继；§问题三；§问题四
R.hover_power,R_hover_power,Model.relay[hover_power],1.05,kW,input/中继无人机数据.xlsx,code/mountain_flood/problem3/communication.py;code/mountain_flood/validation/replay.py;code/mountain_flood/problem4/partition.py,Q3-Q4,§通信与中继；§问题三；§问题四
R.comm_power,R_comm_power,Model.relay[comm_power],0.05,kW,input/中继无人机数据.xlsx,code/mountain_flood/problem3/communication.py;code/mountain_flood/validation/replay.py;code/mountain_flood/problem4/partition.py,Q3-Q4,§通信与中继；§问题三；§问题四
R.max_agl,R_max_agl,Model.relay[max_agl],300,m,input/中继无人机数据.xlsx,code/mountain_flood/problem3/communication.py;code/mountain_flood/validation/replay.py;code/mountain_flood/problem4/partition.py,Q3-Q4,§通信与中继；§问题三；§问题四
R.components,R_components,Model.relay[components],6,组,input/中继无人机数据.xlsx,code/mountain_flood/problem3/communication.py;code/mountain_flood/validation/replay.py;code/mountain_flood/problem4/partition.py,Q3-Q4,§通信与中继；§问题三；§问题四
R.charge,R_charge,Model.relay[charge],1800,s,input/中继无人机数据.xlsx,code/mountain_flood/problem3/communication.py;code/mountain_flood/validation/replay.py;code/mountain_flood/problem4/partition.py,Q3-Q4,§通信与中继；§问题三；§问题四
R.units,N_R,len(Model.relay.units),2,架,input/中继无人机数据.xlsx,code/mountain_flood/validation/replay.py;code/mountain_flood/problem4/partition.py,Q3-Q4,§数据处理；§问题四
comm.frequency_mhz,frequency_mhz,Model.comm.frequency_mhz,2400,MHz,input/通信链路参数.xlsx,code/mountain_flood/core/domain.py;code/mountain_flood/problem3/communication.py,Q3-Q4,§电池与通信状态；§问题三
comm.system_loss_db,system_loss_db,Model.comm.system_loss_db,3,dB/dBm,input/通信链路参数.xlsx,code/mountain_flood/core/domain.py;code/mountain_flood/problem3/communication.py,Q3-Q4,§电池与通信状态；§问题三
comm.obstruction_db,obstruction_db,Model.comm.obstruction_db,10,dB/dBm,input/通信链路参数.xlsx,code/mountain_flood/core/domain.py;code/mountain_flood/problem3/communication.py,Q3-Q4,§电池与通信状态；§问题三
comm.sensitivity_dbm,sensitivity_dbm,Model.comm.sensitivity_dbm,-98,dB/dBm,input/通信链路参数.xlsx,code/mountain_flood/core/domain.py;code/mountain_flood/problem3/communication.py,Q3-Q4,§电池与通信状态；§问题三
comm.fade_margin_db,fade_margin_db,Model.comm.fade_margin_db,8,dB/dBm,input/通信链路参数.xlsx,code/mountain_flood/core/domain.py;code/mountain_flood/problem3/communication.py,Q3-Q4,§电池与通信状态；§问题三
comm.gateway_height_m,gateway_height_m,Model.comm.gateway_height_m,20,m,input/通信链路参数.xlsx,code/mountain_flood/core/domain.py;code/mountain_flood/problem3/communication.py,Q3-Q4,§电池与通信状态；§问题三
comm.direct,L^max_direct,Model.comm.thresholds_db.direct,122,dB,input/通信链路参数.xlsx（由端点功率、增益、灵敏度、裕量及系统损耗推导）,code/mountain_flood/core/domain.py;code/mountain_flood/problem3/communication.py,Q3-Q4,§电池与通信状态；§问题三
comm.access,L^max_access,Model.comm.thresholds_db.access,116,dB,input/通信链路参数.xlsx（由端点功率、增益、灵敏度、裕量及系统损耗推导）,code/mountain_flood/core/domain.py;code/mountain_flood/problem3/communication.py,Q3-Q4,§电池与通信状态；§问题三
comm.backhaul,L^max_backhaul,Model.comm.thresholds_db.backhaul,126,dB,input/通信链路参数.xlsx（由端点功率、增益、灵敏度、裕量及系统损耗推导）,code/mountain_flood/core/domain.py;code/mountain_flood/problem3/communication.py,Q3-Q4,§电池与通信状态；§问题三
S001-MED-01.node,i_b,Model.boxes[S001-MED-01].node,1,服务区索引,input/物资需求与配送时限.xlsx::逐箱货箱清单,code/mountain_flood/core/domain.py;code/mountain_flood/problem2/search.py;code/mountain_flood/validation/replay.py,Q1-Q4,§问题二时限公式；提交表逐箱交付
S001-MED-01.w,w_b,Model.boxes[S001-MED-01].w,3,kg,input/物资需求与配送时限.xlsx::逐箱货箱清单,code/mountain_flood/core/domain.py;code/mountain_flood/problem2/search.py;code/mountain_flood/validation/replay.py,Q1-Q4,§问题二时限公式；提交表逐箱交付
S001-MED-01.v,v_b,Model.boxes[S001-MED-01].v,0.012,m³,input/物资需求与配送时限.xlsx::逐箱货箱清单,code/mountain_flood/core/domain.py;code/mountain_flood/problem2/search.py;code/mountain_flood/validation/replay.py,Q1-Q4,§问题二时限公式；提交表逐箱交付
S001-MED-01.due,d_b,Model.boxes[S001-MED-01].due,3600,s,input/物资需求与配送时限.xlsx::逐箱货箱清单,code/mountain_flood/core/domain.py;code/mountain_flood/problem2/search.py;code/mountain_flood/validation/replay.py,Q1-Q4,§问题二时限公式；提交表逐箱交付
S001-MED-01.deadline,h_b,Model.boxes[S001-MED-01].deadline,3600,s,input/物资需求与配送时限.xlsx::逐箱货箱清单,code/mountain_flood/core/domain.py;code/mountain_flood/problem2/search.py;code/mountain_flood/validation/replay.py,Q1-Q4,§问题二时限公式；提交表逐箱交付
S001-MED-01.priority,π_b,Model.boxes[S001-MED-01].priority,24,系数,input/物资需求与配送时限.xlsx::逐箱货箱清单,code/mountain_flood/core/domain.py;code/mountain_flood/problem2/search.py;code/mountain_flood/validation/replay.py,Q1-Q4,§问题二时限公式；提交表逐箱交付
S001-MED-01.first,F_b,Model.boxes[S001-MED-01].first,True,布尔,input/物资需求与配送时限.xlsx::逐箱货箱清单,code/mountain_flood/core/domain.py;code/mountain_flood/problem2/search.py;code/mountain_flood/validation/replay.py,Q1-Q4,§问题二时限公式；提交表逐箱交付
S001-MED-01.medical,M_b,Model.boxes[S001-MED-01].medical,True,布尔,input/物资需求与配送时限.xlsx::逐箱货箱清单,code/mountain_flood/core/domain.py;code/mountain_flood/problem2/search.py;code/mountain_flood/validation/replay.py,Q1-Q4,§问题二时限公式；提交表逐箱交付
S001-MED-02.node,i_b,Model.boxes[S001-MED-02].node,1,服务区索引,input/物资需求与配送时限.xlsx::逐箱货箱清单,code/mountain_flood/core/domain.py;code/mountain_flood/problem2/search.py;code/mountain_flood/validation/replay.py,Q1-Q4,§问题二时限公式；提交表逐箱交付
S001-MED-02.w,w_b,Model.boxes[S001-MED-02].w,3,kg,input/物资需求与配送时限.xlsx::逐箱货箱清单,code/mountain_flood/core/domain.py;code/mountain_flood/problem2/search.py;code/mountain_flood/validation/replay.py,Q1-Q4,§问题二时限公式；提交表逐箱交付
S001-MED-02.v,v_b,Model.boxes[S001-MED-02].v,0.012,m³,input/物资需求与配送时限.xlsx::逐箱货箱清单,code/mountain_flood/core/domain.py;code/mountain_flood/problem2/search.py;code/mountain_flood/validation/replay.py,Q1-Q4,§问题二时限公式；提交表逐箱交付
S001-MED-02.due,d_b,Model.boxes[S001-MED-02].due,3600,s,input/物资需求与配送时限.xlsx::逐箱货箱清单,code/mountain_flood/core/domain.py;code/mountain_flood/problem2/search.py;code/mountain_flood/validation/replay.py,Q1-Q4,§问题二时限公式；提交表逐箱交付
S001-MED-02.deadline,h_b,Model.boxes[S001-MED-02].deadline,3600,s,input/物资需求与配送时限.xlsx::逐箱货箱清单,code/mountain_flood/core/domain.py;code/mountain_flood/problem2/search.py;code/mountain_flood/validation/replay.py,Q1-Q4,§问题二时限公式；提交表逐箱交付
S001-MED-02.priority,π_b,Model.boxes[S001-MED-02].priority,24,系数,input/物资需求与配送时限.xlsx::逐箱货箱清单,code/mountain_flood/core/domain.py;code/mountain_flood/problem2/search.py;code/mountain_flood/validation/replay.py,Q1-Q4,§问题二时限公式；提交表逐箱交付
S001-MED-02.first,F_b,Model.boxes[S001-MED-02].first,False,布尔,input/物资需求与配送时限.xlsx::逐箱货箱清单,code/mountain_flood/core/domain.py;code/mountain_flood/problem2/search.py;code/mountain_flood/validation/replay.py,Q1-Q4,§问题二时限公式；提交表逐箱交付
S001-MED-02.medical,M_b,Model.boxes[S001-MED-02].medical,True,布尔,input/物资需求与配送时限.xlsx::逐箱货箱清单,code/mountain_flood/core/domain.py;code/mountain_flood/problem2/search.py;code/mountain_flood/validation/replay.py,Q1-Q4,§问题二时限公式；提交表逐箱交付
S001-WAT-01.node,i_b,Model.boxes[S001-WAT-01].node,1,服务区索引,input/物资需求与配送时限.xlsx::逐箱货箱清单,code/mountain_flood/core/domain.py;code/mountain_flood/problem2/search.py;code/mountain_flood/validation/replay.py,Q1-Q4,§问题二时限公式；提交表逐箱交付
S001-WAT-01.w,w_b,Model.boxes[S001-WAT-01].w,14,kg,input/物资需求与配送时限.xlsx::逐箱货箱清单,code/mountain_flood/core/domain.py;code/mountain_flood/problem2/search.py;code/mountain_flood/validation/replay.py,Q1-Q4,§问题二时限公式；提交表逐箱交付
S001-WAT-01.v,v_b,Model.boxes[S001-WAT-01].v,0.027,m³,input/物资需求与配送时限.xlsx::逐箱货箱清单,code/mountain_flood/core/domain.py;code/mountain_flood/problem2/search.py;code/mountain_flood/validation/replay.py,Q1-Q4,§问题二时限公式；提交表逐箱交付
S001-WAT-01.due,d_b,Model.boxes[S001-WAT-01].due,3600,s,input/物资需求与配送时限.xlsx::逐箱货箱清单,code/mountain_flood/core/domain.py;code/mountain_flood/problem2/search.py;code/mountain_flood/validation/replay.py,Q1-Q4,§问题二时限公式；提交表逐箱交付
S001-WAT-01.deadline,h_b,Model.boxes[S001-WAT-01].deadline,3600,s,input/物资需求与配送时限.xlsx::逐箱货箱清单,code/mountain_flood/core/domain.py;code/mountain_flood/problem2/search.py;code/mountain_flood/validation/replay.py,Q1-Q4,§问题二时限公式；提交表逐箱交付
S001-WAT-01.priority,π_b,Model.boxes[S001-WAT-01].priority,12,系数,input/物资需求与配送时限.xlsx::逐箱货箱清单,code/mountain_flood/core/domain.py;code/mountain_flood/problem2/search.py;code/mountain_flood/validation/replay.py,Q1-Q4,§问题二时限公式；提交表逐箱交付
S001-WAT-01.first,F_b,Model.boxes[S001-WAT-01].first,True,布尔,input/物资需求与配送时限.xlsx::逐箱货箱清单,code/mountain_flood/core/domain.py;code/mountain_flood/problem2/search.py;code/mountain_flood/validation/replay.py,Q1-Q4,§问题二时限公式；提交表逐箱交付
S001-WAT-01.medical,M_b,Model.boxes[S001-WAT-01].medical,False,布尔,input/物资需求与配送时限.xlsx::逐箱货箱清单,code/mountain_flood/core/domain.py;code/mountain_flood/problem2/search.py;code/mountain_flood/validation/replay.py,Q1-Q4,§问题二时限公式；提交表逐箱交付
S001-WAT-02.node,i_b,Model.boxes[S001-WAT-02].node,1,服务区索引,input/物资需求与配送时限.xlsx::逐箱货箱清单,code/mountain_flood/core/domain.py;code/mountain_flood/problem2/search.py;code/mountain_flood/validation/replay.py,Q1-Q4,§问题二时限公式；提交表逐箱交付
S001-WAT-02.w,w_b,Model.boxes[S001-WAT-02].w,14,kg,input/物资需求与配送时限.xlsx::逐箱货箱清单,code/mountain_flood/core/domain.py;code/mountain_flood/problem2/search.py;code/mountain_flood/validation/replay.py,Q1-Q4,§问题二时限公式；提交表逐箱交付
S001-WAT-02.v,v_b,Model.boxes[S001-WAT-02].v,0.027,m³,input/物资需求与配送时限.xlsx::逐箱货箱清单,code/mountain_flood/core/domain.py;code/mountain_flood/problem2/search.py;code/mountain_flood/validation/replay.py,Q1-Q4,§问题二时限公式；提交表逐箱交付
S001-WAT-02.due,d_b,Model.boxes[S001-WAT-02].due,3600,s,input/物资需求与配送时限.xlsx::逐箱货箱清单,code/mountain_flood/core/domain.py;code/mountain_flood/problem2/search.py;code/mountain_flood/validation/replay.py,Q1-Q4,§问题二时限公式；提交表逐箱交付
S001-WAT-02.deadline,h_b,Model.boxes[S001-WAT-02].deadline,无硬截止,s,input/物资需求与配送时限.xlsx::逐箱货箱清单,code/mountain_flood/core/domain.py;code/mountain_flood/problem2/search.py;code/mountain_flood/validation/replay.py,Q1-Q4,§问题二时限公式；提交表逐箱交付
S001-WAT-02.priority,π_b,Model.boxes[S001-WAT-02].priority,12,系数,input/物资需求与配送时限.xlsx::逐箱货箱清单,code/mountain_flood/core/domain.py;code/mountain_flood/problem2/search.py;code/mountain_flood/validation/replay.py,Q1-Q4,§问题二时限公式；提交表逐箱交付
S001-WAT-02.first,F_b,Model.boxes[S001-WAT-02].first,False,布尔,input/物资需求与配送时限.xlsx::逐箱货箱清单,code/mountain_flood/core/domain.py;code/mountain_flood/problem2/search.py;code/mountain_flood/validation/replay.py,Q1-Q4,§问题二时限公式；提交表逐箱交付
S001-WAT-02.medical,M_b,Model.boxes[S001-WAT-02].medical,False,布尔,input/物资需求与配送时限.xlsx::逐箱货箱清单,code/mountain_flood/core/domain.py;code/mountain_flood/problem2/search.py;code/mountain_flood/validation/replay.py,Q1-Q4,§问题二时限公式；提交表逐箱交付
S001-WAT-03.node,i_b,Model.boxes[S001-WAT-03].node,1,服务区索引,input/物资需求与配送时限.xlsx::逐箱货箱清单,code/mountain_flood/core/domain.py;code/mountain_flood/problem2/search.py;code/mountain_flood/validation/replay.py,Q1-Q4,§问题二时限公式；提交表逐箱交付
S001-WAT-03.w,w_b,Model.boxes[S001-WAT-03].w,14,kg,input/物资需求与配送时限.xlsx::逐箱货箱清单,code/mountain_flood/core/domain.py;code/mountain_flood/problem2/search.py;code/mountain_flood/validation/replay.py,Q1-Q4,§问题二时限公式；提交表逐箱交付
S001-WAT-03.v,v_b,Model.boxes[S001-WAT-03].v,0.027,m³,input/物资需求与配送时限.xlsx::逐箱货箱清单,code/mountain_flood/core/domain.py;code/mountain_flood/problem2/search.py;code/mountain_flood/validation/replay.py,Q1-Q4,§问题二时限公式；提交表逐箱交付
S001-WAT-03.due,d_b,Model.boxes[S001-WAT-03].due,3600,s,input/物资需求与配送时限.xlsx::逐箱货箱清单,code/mountain_flood/core/domain.py;code/mountain_flood/problem2/search.py;code/mountain_flood/validation/replay.py,Q1-Q4,§问题二时限公式；提交表逐箱交付
S001-WAT-03.deadline,h_b,Model.boxes[S001-WAT-03].deadline,无硬截止,s,input/物资需求与配送时限.xlsx::逐箱货箱清单,code/mountain_flood/core/domain.py;code/mountain_flood/problem2/search.py;code/mountain_flood/validation/replay.py,Q1-Q4,§问题二时限公式；提交表逐箱交付
S001-WAT-03.priority,π_b,Model.boxes[S001-WAT-03].priority,12,系数,input/物资需求与配送时限.xlsx::逐箱货箱清单,code/mountain_flood/core/domain.py;code/mountain_flood/problem2/search.py;code/mountain_flood/validation/replay.py,Q1-Q4,§问题二时限公式；提交表逐箱交付
S001-WAT-03.first,F_b,Model.boxes[S001-WAT-03].first,False,布尔,input/物资需求与配送时限.xlsx::逐箱货箱清单,code/mountain_flood/core/domain.py;code/mountain_flood/problem2/search.py;code/mountain_flood/validation/replay.py,Q1-Q4,§问题二时限公式；提交表逐箱交付
S001-WAT-03.medical,M_b,Model.boxes[S001-WAT-03].medical,False,布尔,input/物资需求与配送时限.xlsx::逐箱货箱清单,code/mountain_flood/core/domain.py;code/mountain_flood/problem2/search.py;code/mountain_flood/validation/replay.py,Q1-Q4,§问题二时限公式；提交表逐箱交付
S001-WAT-04.node,i_b,Model.boxes[S001-WAT-04].node,1,服务区索引,input/物资需求与配送时限.xlsx::逐箱货箱清单,code/mountain_flood/core/domain.py;code/mountain_flood/problem2/search.py;code/mountain_flood/validation/replay.py,Q1-Q4,§问题二时限公式；提交表逐箱交付
S001-WAT-04.w,w_b,Model.boxes[S001-WAT-04].w,14,kg,input/物资需求与配送时限.xlsx::逐箱货箱清单,code/mountain_flood/core/domain.py;code/mountain_flood/problem2/search.py;code/mountain_flood/validation/replay.py,Q1-Q4,§问题二时限公式；提交表逐箱交付
S001-WAT-04.v,v_b,Model.boxes[S001-WAT-04].v,0.027,m³,input/物资需求与配送时限.xlsx::逐箱货箱清单,code/mountain_flood/core/domain.py;code/mountain_flood/problem2/search.py;code/mountain_flood/validation/replay.py,Q1-Q4,§问题二时限公式；提交表逐箱交付
S001-WAT-04.due,d_b,Model.boxes[S001-WAT-04].due,3600,s,input/物资需求与配送时限.xlsx::逐箱货箱清单,code/mountain_flood/core/domain.py;code/mountain_flood/problem2/search.py;code/mountain_flood/validation/replay.py,Q1-Q4,§问题二时限公式；提交表逐箱交付
S001-WAT-04.deadline,h_b,Model.boxes[S001-WAT-04].deadline,无硬截止,s,input/物资需求与配送时限.xlsx::逐箱货箱清单,code/mountain_flood/core/domain.py;code/mountain_flood/problem2/search.py;code/mountain_flood/validation/replay.py,Q1-Q4,§问题二时限公式；提交表逐箱交付
S001-WAT-04.priority,π_b,Model.boxes[S001-WAT-04].priority,12,系数,input/物资需求与配送时限.xlsx::逐箱货箱清单,code/mountain_flood/core/domain.py;code/mountain_flood/problem2/search.py;code/mountain_flood/validation/replay.py,Q1-Q4,§问题二时限公式；提交表逐箱交付
S001-WAT-04.first,F_b,Model.boxes[S001-WAT-04].first,False,布尔,input/物资需求与配送时限.xlsx::逐箱货箱清单,code/mountain_flood/core/domain.py;code/mountain_flood/problem2/search.py;code/mountain_flood/validation/replay.py,Q1-Q4,§问题二时限公式；提交表逐箱交付
S001-WAT-04.medical,M_b,Model.boxes[S001-WAT-04].medical,False,布尔,input/物资需求与配送时限.xlsx::逐箱货箱清单,code/mountain_flood/core/domain.py;code/mountain_flood/problem2/search.py;code/mountain_flood/validation/replay.py,Q1-Q4,§问题二时限公式；提交表逐箱交付
S001-WAT-05.node,i_b,Model.boxes[S001-WAT-05].node,1,服务区索引,input/物资需求与配送时限.xlsx::逐箱货箱清单,code/mountain_flood/core/domain.py;code/mountain_flood/problem2/search.py;code/mountain_flood/validation/replay.py,Q1-Q4,§问题二时限公式；提交表逐箱交付
S001-WAT-05.w,w_b,Model.boxes[S001-WAT-05].w,14,kg,input/物资需求与配送时限.xlsx::逐箱货箱清单,code/mountain_flood/core/domain.py;code/mountain_flood/problem2/search.py;code/mountain_flood/validation/replay.py,Q1-Q4,§问题二时限公式；提交表逐箱交付
S001-WAT-05.v,v_b,Model.boxes[S001-WAT-05].v,0.027,m³,input/物资需求与配送时限.xlsx::逐箱货箱清单,code/mountain_flood/core/domain.py;code/mountain_flood/problem2/search.py;code/mountain_flood/validation/replay.py,Q1-Q4,§问题二时限公式；提交表逐箱交付
S001-WAT-05.due,d_b,Model.boxes[S001-WAT-05].due,3600,s,input/物资需求与配送时限.xlsx::逐箱货箱清单,code/mountain_flood/core/domain.py;code/mountain_flood/problem2/search.py;code/mountain_flood/validation/replay.py,Q1-Q4,§问题二时限公式；提交表逐箱交付
S001-WAT-05.deadline,h_b,Model.boxes[S001-WAT-05].deadline,无硬截止,s,input/物资需求与配送时限.xlsx::逐箱货箱清单,code/mountain_flood/core/domain.py;code/mountain_flood/problem2/search.py;code/mountain_flood/validation/replay.py,Q1-Q4,§问题二时限公式；提交表逐箱交付
S001-WAT-05.priority,π_b,Model.boxes[S001-WAT-05].priority,12,系数,input/物资需求与配送时限.xlsx::逐箱货箱清单,code/mountain_flood/core/domain.py;code/mountain_flood/problem2/search.py;code/mountain_flood/validation/replay.py,Q1-Q4,§问题二时限公式；提交表逐箱交付
S001-WAT-05.first,F_b,Model.boxes[S001-WAT-05].first,False,布尔,input/物资需求与配送时限.xlsx::逐箱货箱清单,code/mountain_flood/core/domain.py;code/mountain_flood/problem2/search.py;code/mountain_flood/validation/replay.py,Q1-Q4,§问题二时限公式；提交表逐箱交付
S001-WAT-05.medical,M_b,Model.boxes[S001-WAT-05].medical,False,布尔,input/物资需求与配送时限.xlsx::逐箱货箱清单,code/mountain_flood/core/domain.py;code/mountain_flood/problem2/search.py;code/mountain_flood/validation/replay.py,Q1-Q4,§问题二时限公式；提交表逐箱交付
S001-WAT-06.node,i_b,Model.boxes[S001-WAT-06].node,1,服务区索引,input/物资需求与配送时限.xlsx::逐箱货箱清单,code/mountain_flood/core/domain.py;code/mountain_flood/problem2/search.py;code/mountain_flood/validation/replay.py,Q1-Q4,§问题二时限公式；提交表逐箱交付
S001-WAT-06.w,w_b,Model.boxes[S001-WAT-06].w,14,kg,input/物资需求与配送时限.xlsx::逐箱货箱清单,code/mountain_flood/core/domain.py;code/mountain_flood/problem2/search.py;code/mountain_flood/validation/replay.py,Q1-Q4,§问题二时限公式；提交表逐箱交付
S001-WAT-06.v,v_b,Model.boxes[S001-WAT-06].v,0.027,m³,input/物资需求与配送时限.xlsx::逐箱货箱清单,code/mountain_flood/core/domain.py;code/mountain_flood/problem2/search.py;code/mountain_flood/validation/replay.py,Q1-Q4,§问题二时限公式；提交表逐箱交付
S001-WAT-06.due,d_b,Model.boxes[S001-WAT-06].due,3600,s,input/物资需求与配送时限.xlsx::逐箱货箱清单,code/mountain_flood/core/domain.py;code/mountain_flood/problem2/search.py;code/mountain_flood/validation/replay.py,Q1-Q4,§问题二时限公式；提交表逐箱交付
S001-WAT-06.deadline,h_b,Model.boxes[S001-WAT-06].deadline,无硬截止,s,input/物资需求与配送时限.xlsx::逐箱货箱清单,code/mountain_flood/core/domain.py;code/mountain_flood/problem2/search.py;code/mountain_flood/validation/replay.py,Q1-Q4,§问题二时限公式；提交表逐箱交付
S001-WAT-06.priority,π_b,Model.boxes[S001-WAT-06].priority,12,系数,input/物资需求与配送时限.xlsx::逐箱货箱清单,code/mountain_flood/core/domain.py;code/mountain_flood/problem2/search.py;code/mountain_flood/validation/replay.py,Q1-Q4,§问题二时限公式；提交表逐箱交付
S001-WAT-06.first,F_b,Model.boxes[S001-WAT-06].first,False,布尔,input/物资需求与配送时限.xlsx::逐箱货箱清单,code/mountain_flood/core/domain.py;code/mountain_flood/problem2/search.py;code/mountain_flood/validation/replay.py,Q1-Q4,§问题二时限公式；提交表逐箱交付
S001-WAT-06.medical,M_b,Model.boxes[S001-WAT-06].medical,False,布尔,input/物资需求与配送时限.xlsx::逐箱货箱清单,code/mountain_flood/core/domain.py;code/mountain_flood/problem2/search.py;code/mountain_flood/validation/replay.py,Q1-Q4,§问题二时限公式；提交表逐箱交付
S001-WAT-07.node,i_b,Model.boxes[S001-WAT-07].node,1,服务区索引,input/物资需求与配送时限.xlsx::逐箱货箱清单,code/mountain_flood/core/domain.py;code/mountain_flood/problem2/search.py;code/mountain_flood/validation/replay.py,Q1-Q4,§问题二时限公式；提交表逐箱交付
S001-WAT-07.w,w_b,Model.boxes[S001-WAT-07].w,14,kg,input/物资需求与配送时限.xlsx::逐箱货箱清单,code/mountain_flood/core/domain.py;code/mountain_flood/problem2/search.py;code/mountain_flood/validation/replay.py,Q1-Q4,§问题二时限公式；提交表逐箱交付
S001-WAT-07.v,v_b,Model.boxes[S001-WAT-07].v,0.027,m³,input/物资需求与配送时限.xlsx::逐箱货箱清单,code/mountain_flood/core/domain.py;code/mountain_flood/problem2/search.py;code/mountain_flood/validation/replay.py,Q1-Q4,§问题二时限公式；提交表逐箱交付
S001-WAT-07.due,d_b,Model.boxes[S001-WAT-07].due,3600,s,input/物资需求与配送时限.xlsx::逐箱货箱清单,code/mountain_flood/core/domain.py;code/mountain_flood/problem2/search.py;code/mountain_flood/validation/replay.py,Q1-Q4,§问题二时限公式；提交表逐箱交付
S001-WAT-07.deadline,h_b,Model.boxes[S001-WAT-07].deadline,无硬截止,s,input/物资需求与配送时限.xlsx::逐箱货箱清单,code/mountain_flood/core/domain.py;code/mountain_flood/problem2/search.py;code/mountain_flood/validation/replay.py,Q1-Q4,§问题二时限公式；提交表逐箱交付
S001-WAT-07.priority,π_b,Model.boxes[S001-WAT-07].priority,12,系数,input/物资需求与配送时限.xlsx::逐箱货箱清单,code/mountain_flood/core/domain.py;code/mountain_flood/problem2/search.py;code/mountain_flood/validation/replay.py,Q1-Q4,§问题二时限公式；提交表逐箱交付
S001-WAT-07.first,F_b,Model.boxes[S001-WAT-07].first,False,布尔,input/物资需求与配送时限.xlsx::逐箱货箱清单,code/mountain_flood/core/domain.py;code/mountain_flood/problem2/search.py;code/mountain_flood/validation/replay.py,Q1-Q4,§问题二时限公式；提交表逐箱交付
S001-WAT-07.medical,M_b,Model.boxes[S001-WAT-07].medical,False,布尔,input/物资需求与配送时限.xlsx::逐箱货箱清单,code/mountain_flood/core/domain.py;code/mountain_flood/problem2/search.py;code/mountain_flood/validation/replay.py,Q1-Q4,§问题二时限公式；提交表逐箱交付
S001-WAT-08.node,i_b,Model.boxes[S001-WAT-08].node,1,服务区索引,input/物资需求与配送时限.xlsx::逐箱货箱清单,code/mountain_flood/core/domain.py;code/mountain_flood/problem2/search.py;code/mountain_flood/validation/replay.py,Q1-Q4,§问题二时限公式；提交表逐箱交付
S001-WAT-08.w,w_b,Model.boxes[S001-WAT-08].w,14,kg,input/物资需求与配送时限.xlsx::逐箱货箱清单,code/mountain_flood/core/domain.py;code/mountain_flood/problem2/search.py;code/mountain_flood/validation/replay.py,Q1-Q4,§问题二时限公式；提交表逐箱交付
S001-WAT-08.v,v_b,Model.boxes[S001-WAT-08].v,0.027,m³,input/物资需求与配送时限.xlsx::逐箱货箱清单,code/mountain_flood/core/domain.py;code/mountain_flood/problem2/search.py;code/mountain_flood/validation/replay.py,Q1-Q4,§问题二时限公式；提交表逐箱交付
S001-WAT-08.due,d_b,Model.boxes[S001-WAT-08].due,3600,s,input/物资需求与配送时限.xlsx::逐箱货箱清单,code/mountain_flood/core/domain.py;code/mountain_flood/problem2/search.py;code/mountain_flood/validation/replay.py,Q1-Q4,§问题二时限公式；提交表逐箱交付
S001-WAT-08.deadline,h_b,Model.boxes[S001-WAT-08].deadline,无硬截止,s,input/物资需求与配送时限.xlsx::逐箱货箱清单,code/mountain_flood/core/domain.py;code/mountain_flood/problem2/search.py;code/mountain_flood/validation/replay.py,Q1-Q4,§问题二时限公式；提交表逐箱交付
S001-WAT-08.priority,π_b,Model.boxes[S001-WAT-08].priority,12,系数,input/物资需求与配送时限.xlsx::逐箱货箱清单,code/mountain_flood/core/domain.py;code/mountain_flood/problem2/search.py;code/mountain_flood/validation/replay.py,Q1-Q4,§问题二时限公式；提交表逐箱交付
S001-WAT-08.first,F_b,Model.boxes[S001-WAT-08].first,False,布尔,input/物资需求与配送时限.xlsx::逐箱货箱清单,code/mountain_flood/core/domain.py;code/mountain_flood/problem2/search.py;code/mountain_flood/validation/replay.py,Q1-Q4,§问题二时限公式；提交表逐箱交付
S001-WAT-08.medical,M_b,Model.boxes[S001-WAT-08].medical,False,布尔,input/物资需求与配送时限.xlsx::逐箱货箱清单,code/mountain_flood/core/domain.py;code/mountain_flood/problem2/search.py;code/mountain_flood/validation/replay.py,Q1-Q4,§问题二时限公式；提交表逐箱交付
S001-FOD-01.node,i_b,Model.boxes[S001-FOD-01].node,1,服务区索引,input/物资需求与配送时限.xlsx::逐箱货箱清单,code/mountain_flood/core/domain.py;code/mountain_flood/problem2/search.py;code/mountain_flood/validation/replay.py,Q1-Q4,§问题二时限公式；提交表逐箱交付
S001-FOD-01.w,w_b,Model.boxes[S001-FOD-01].w,8,kg,input/物资需求与配送时限.xlsx::逐箱货箱清单,code/mountain_flood/core/domain.py;code/mountain_flood/problem2/search.py;code/mountain_flood/validation/replay.py,Q1-Q4,§问题二时限公式；提交表逐箱交付
S001-FOD-01.v,v_b,Model.boxes[S001-FOD-01].v,0.028,m³,input/物资需求与配送时限.xlsx::逐箱货箱清单,code/mountain_flood/core/domain.py;code/mountain_flood/problem2/search.py;code/mountain_flood/validation/replay.py,Q1-Q4,§问题二时限公式；提交表逐箱交付
S001-FOD-01.due,d_b,Model.boxes[S001-FOD-01].due,7200,s,input/物资需求与配送时限.xlsx::逐箱货箱清单,code/mountain_flood/core/domain.py;code/mountain_flood/problem2/search.py;code/mountain_flood/validation/replay.py,Q1-Q4,§问题二时限公式；提交表逐箱交付
S001-FOD-01.deadline,h_b,Model.boxes[S001-FOD-01].deadline,无硬截止,s,input/物资需求与配送时限.xlsx::逐箱货箱清单,code/mountain_flood/core/domain.py;code/mountain_flood/problem2/search.py;code/mountain_flood/validation/replay.py,Q1-Q4,§问题二时限公式；提交表逐箱交付
S001-FOD-01.priority,π_b,Model.boxes[S001-FOD-01].priority,10,系数,input/物资需求与配送时限.xlsx::逐箱货箱清单,code/mountain_flood/core/domain.py;code/mountain_flood/problem2/search.py;code/mountain_flood/validation/replay.py,Q1-Q4,§问题二时限公式；提交表逐箱交付
S001-FOD-01.first,F_b,Model.boxes[S001-FOD-01].first,False,布尔,input/物资需求与配送时限.xlsx::逐箱货箱清单,code/mountain_flood/core/domain.py;code/mountain_flood/problem2/search.py;code/mountain_flood/validation/replay.py,Q1-Q4,§问题二时限公式；提交表逐箱交付
S001-FOD-01.medical,M_b,Model.boxes[S001-FOD-01].medical,False,布尔,input/物资需求与配送时限.xlsx::逐箱货箱清单,code/mountain_flood/core/domain.py;code/mountain_flood/problem2/search.py;code/mountain_flood/validation/replay.py,Q1-Q4,§问题二时限公式；提交表逐箱交付
S001-FOD-02.node,i_b,Model.boxes[S001-FOD-02].node,1,服务区索引,input/物资需求与配送时限.xlsx::逐箱货箱清单,code/mountain_flood/core/domain.py;code/mountain_flood/problem2/search.py;code/mountain_flood/validation/replay.py,Q1-Q4,§问题二时限公式；提交表逐箱交付
S001-FOD-02.w,w_b,Model.boxes[S001-FOD-02].w,8,kg,input/物资需求与配送时限.xlsx::逐箱货箱清单,code/mountain_flood/core/domain.py;code/mountain_flood/problem2/search.py;code/mountain_flood/validation/replay.py,Q1-Q4,§问题二时限公式；提交表逐箱交付
S001-FOD-02.v,v_b,Model.boxes[S001-FOD-02].v,0.028,m³,input/物资需求与配送时限.xlsx::逐箱货箱清单,code/mountain_flood/core/domain.py;code/mountain_flood/problem2/search.py;code/mountain_flood/validation/replay.py,Q1-Q4,§问题二时限公式；提交表逐箱交付
S001-FOD-02.due,d_b,Model.boxes[S001-FOD-02].due,7200,s,input/物资需求与配送时限.xlsx::逐箱货箱清单,code/mountain_flood/core/domain.py;code/mountain_flood/problem2/search.py;code/mountain_flood/validation/replay.py,Q1-Q4,§问题二时限公式；提交表逐箱交付
S001-FOD-02.deadline,h_b,Model.boxes[S001-FOD-02].deadline,无硬截止,s,input/物资需求与配送时限.xlsx::逐箱货箱清单,code/mountain_flood/core/domain.py;code/mountain_flood/problem2/search.py;code/mountain_flood/validation/replay.py,Q1-Q4,§问题二时限公式；提交表逐箱交付
S001-FOD-02.priority,π_b,Model.boxes[S001-FOD-02].priority,10,系数,input/物资需求与配送时限.xlsx::逐箱货箱清单,code/mountain_flood/core/domain.py;code/mountain_flood/problem2/search.py;code/mountain_flood/validation/replay.py,Q1-Q4,§问题二时限公式；提交表逐箱交付
S001-FOD-02.first,F_b,Model.boxes[S001-FOD-02].first,False,布尔,input/物资需求与配送时限.xlsx::逐箱货箱清单,code/mountain_flood/core/domain.py;code/mountain_flood/problem2/search.py;code/mountain_flood/validation/replay.py,Q1-Q4,§问题二时限公式；提交表逐箱交付
S001-FOD-02.medical,M_b,Model.boxes[S001-FOD-02].medical,False,布尔,input/物资需求与配送时限.xlsx::逐箱货箱清单,code/mountain_flood/core/domain.py;code/mountain_flood/problem2/search.py;code/mountain_flood/validation/replay.py,Q1-Q4,§问题二时限公式；提交表逐箱交付
S001-FOD-03.node,i_b,Model.boxes[S001-FOD-03].node,1,服务区索引,input/物资需求与配送时限.xlsx::逐箱货箱清单,code/mountain_flood/core/domain.py;code/mountain_flood/problem2/search.py;code/mountain_flood/validation/replay.py,Q1-Q4,§问题二时限公式；提交表逐箱交付
S001-FOD-03.w,w_b,Model.boxes[S001-FOD-03].w,8,kg,input/物资需求与配送时限.xlsx::逐箱货箱清单,code/mountain_flood/core/domain.py;code/mountain_flood/problem2/search.py;code/mountain_flood/validation/replay.py,Q1-Q4,§问题二时限公式；提交表逐箱交付
S001-FOD-03.v,v_b,Model.boxes[S001-FOD-03].v,0.028,m³,input/物资需求与配送时限.xlsx::逐箱货箱清单,code/mountain_flood/core/domain.py;code/mountain_flood/problem2/search.py;code/mountain_flood/validation/replay.py,Q1-Q4,§问题二时限公式；提交表逐箱交付
S001-FOD-03.due,d_b,Model.boxes[S001-FOD-03].due,7200,s,input/物资需求与配送时限.xlsx::逐箱货箱清单,code/mountain_flood/core/domain.py;code/mountain_flood/problem2/search.py;code/mountain_flood/validation/replay.py,Q1-Q4,§问题二时限公式；提交表逐箱交付
S001-FOD-03.deadline,h_b,Model.boxes[S001-FOD-03].deadline,无硬截止,s,input/物资需求与配送时限.xlsx::逐箱货箱清单,code/mountain_flood/core/domain.py;code/mountain_flood/problem2/search.py;code/mountain_flood/validation/replay.py,Q1-Q4,§问题二时限公式；提交表逐箱交付
S001-FOD-03.priority,π_b,Model.boxes[S001-FOD-03].priority,10,系数,input/物资需求与配送时限.xlsx::逐箱货箱清单,code/mountain_flood/core/domain.py;code/mountain_flood/problem2/search.py;code/mountain_flood/validation/replay.py,Q1-Q4,§问题二时限公式；提交表逐箱交付
S001-FOD-03.first,F_b,Model.boxes[S001-FOD-03].first,False,布尔,input/物资需求与配送时限.xlsx::逐箱货箱清单,code/mountain_flood/core/domain.py;code/mountain_flood/problem2/search.py;code/mountain_flood/validation/replay.py,Q1-Q4,§问题二时限公式；提交表逐箱交付
S001-FOD-03.medical,M_b,Model.boxes[S001-FOD-03].medical,False,布尔,input/物资需求与配送时限.xlsx::逐箱货箱清单,code/mountain_flood/core/domain.py;code/mountain_flood/problem2/search.py;code/mountain_flood/validation/replay.py,Q1-Q4,§问题二时限公式；提交表逐箱交付
S001-HYG-01.node,i_b,Model.boxes[S001-HYG-01].node,1,服务区索引,input/物资需求与配送时限.xlsx::逐箱货箱清单,code/mountain_flood/core/domain.py;code/mountain_flood/problem2/search.py;code/mountain_flood/validation/replay.py,Q1-Q4,§问题二时限公式；提交表逐箱交付
S001-HYG-01.w,w_b,Model.boxes[S001-HYG-01].w,6,kg,input/物资需求与配送时限.xlsx::逐箱货箱清单,code/mountain_flood/core/domain.py;code/mountain_flood/problem2/search.py;code/mountain_flood/validation/replay.py,Q1-Q4,§问题二时限公式；提交表逐箱交付
S001-HYG-01.v,v_b,Model.boxes[S001-HYG-01].v,0.035,m³,input/物资需求与配送时限.xlsx::逐箱货箱清单,code/mountain_flood/core/domain.py;code/mountain_flood/problem2/search.py;code/mountain_flood/validation/replay.py,Q1-Q4,§问题二时限公式；提交表逐箱交付
S001-HYG-01.due,d_b,Model.boxes[S001-HYG-01].due,10800,s,input/物资需求与配送时限.xlsx::逐箱货箱清单,code/mountain_flood/core/domain.py;code/mountain_flood/problem2/search.py;code/mountain_flood/validation/replay.py,Q1-Q4,§问题二时限公式；提交表逐箱交付
S001-HYG-01.deadline,h_b,Model.boxes[S001-HYG-01].deadline,无硬截止,s,input/物资需求与配送时限.xlsx::逐箱货箱清单,code/mountain_flood/core/domain.py;code/mountain_flood/problem2/search.py;code/mountain_flood/validation/replay.py,Q1-Q4,§问题二时限公式；提交表逐箱交付
S001-HYG-01.priority,π_b,Model.boxes[S001-HYG-01].priority,8,系数,input/物资需求与配送时限.xlsx::逐箱货箱清单,code/mountain_flood/core/domain.py;code/mountain_flood/problem2/search.py;code/mountain_flood/validation/replay.py,Q1-Q4,§问题二时限公式；提交表逐箱交付
S001-HYG-01.first,F_b,Model.boxes[S001-HYG-01].first,False,布尔,input/物资需求与配送时限.xlsx::逐箱货箱清单,code/mountain_flood/core/domain.py;code/mountain_flood/problem2/search.py;code/mountain_flood/validation/replay.py,Q1-Q4,§问题二时限公式；提交表逐箱交付
S001-HYG-01.medical,M_b,Model.boxes[S001-HYG-01].medical,False,布尔,input/物资需求与配送时限.xlsx::逐箱货箱清单,code/mountain_flood/core/domain.py;code/mountain_flood/problem2/search.py;code/mountain_flood/validation/replay.py,Q1-Q4,§问题二时限公式；提交表逐箱交付
S001-HYG-02.node,i_b,Model.boxes[S001-HYG-02].node,1,服务区索引,input/物资需求与配送时限.xlsx::逐箱货箱清单,code/mountain_flood/core/domain.py;code/mountain_flood/problem2/search.py;code/mountain_flood/validation/replay.py,Q1-Q4,§问题二时限公式；提交表逐箱交付
S001-HYG-02.w,w_b,Model.boxes[S001-HYG-02].w,6,kg,input/物资需求与配送时限.xlsx::逐箱货箱清单,code/mountain_flood/core/domain.py;code/mountain_flood/problem2/search.py;code/mountain_flood/validation/replay.py,Q1-Q4,§问题二时限公式；提交表逐箱交付
S001-HYG-02.v,v_b,Model.boxes[S001-HYG-02].v,0.035,m³,input/物资需求与配送时限.xlsx::逐箱货箱清单,code/mountain_flood/core/domain.py;code/mountain_flood/problem2/search.py;code/mountain_flood/validation/replay.py,Q1-Q4,§问题二时限公式；提交表逐箱交付
S001-HYG-02.due,d_b,Model.boxes[S001-HYG-02].due,10800,s,input/物资需求与配送时限.xlsx::逐箱货箱清单,code/mountain_flood/core/domain.py;code/mountain_flood/problem2/search.py;code/mountain_flood/validation/replay.py,Q1-Q4,§问题二时限公式；提交表逐箱交付
S001-HYG-02.deadline,h_b,Model.boxes[S001-HYG-02].deadline,无硬截止,s,input/物资需求与配送时限.xlsx::逐箱货箱清单,code/mountain_flood/core/domain.py;code/mountain_flood/problem2/search.py;code/mountain_flood/validation/replay.py,Q1-Q4,§问题二时限公式；提交表逐箱交付
S001-HYG-02.priority,π_b,Model.boxes[S001-HYG-02].priority,8,系数,input/物资需求与配送时限.xlsx::逐箱货箱清单,code/mountain_flood/core/domain.py;code/mountain_flood/problem2/search.py;code/mountain_flood/validation/replay.py,Q1-Q4,§问题二时限公式；提交表逐箱交付
S001-HYG-02.first,F_b,Model.boxes[S001-HYG-02].first,False,布尔,input/物资需求与配送时限.xlsx::逐箱货箱清单,code/mountain_flood/core/domain.py;code/mountain_flood/problem2/search.py;code/mountain_flood/validation/replay.py,Q1-Q4,§问题二时限公式；提交表逐箱交付
S001-HYG-02.medical,M_b,Model.boxes[S001-HYG-02].medical,False,布尔,input/物资需求与配送时限.xlsx::逐箱货箱清单,code/mountain_flood/core/domain.py;code/mountain_flood/problem2/search.py;code/mountain_flood/validation/replay.py,Q1-Q4,§问题二时限公式；提交表逐箱交付
S002-MED-01.node,i_b,Model.boxes[S002-MED-01].node,2,服务区索引,input/物资需求与配送时限.xlsx::逐箱货箱清单,code/mountain_flood/core/domain.py;code/mountain_flood/problem2/search.py;code/mountain_flood/validation/replay.py,Q1-Q4,§问题二时限公式；提交表逐箱交付
S002-MED-01.w,w_b,Model.boxes[S002-MED-01].w,3,kg,input/物资需求与配送时限.xlsx::逐箱货箱清单,code/mountain_flood/core/domain.py;code/mountain_flood/problem2/search.py;code/mountain_flood/validation/replay.py,Q1-Q4,§问题二时限公式；提交表逐箱交付
S002-MED-01.v,v_b,Model.boxes[S002-MED-01].v,0.012,m³,input/物资需求与配送时限.xlsx::逐箱货箱清单,code/mountain_flood/core/domain.py;code/mountain_flood/problem2/search.py;code/mountain_flood/validation/replay.py,Q1-Q4,§问题二时限公式；提交表逐箱交付
S002-MED-01.due,d_b,Model.boxes[S002-MED-01].due,3600,s,input/物资需求与配送时限.xlsx::逐箱货箱清单,code/mountain_flood/core/domain.py;code/mountain_flood/problem2/search.py;code/mountain_flood/validation/replay.py,Q1-Q4,§问题二时限公式；提交表逐箱交付
S002-MED-01.deadline,h_b,Model.boxes[S002-MED-01].deadline,3600,s,input/物资需求与配送时限.xlsx::逐箱货箱清单,code/mountain_flood/core/domain.py;code/mountain_flood/problem2/search.py;code/mountain_flood/validation/replay.py,Q1-Q4,§问题二时限公式；提交表逐箱交付
S002-MED-01.priority,π_b,Model.boxes[S002-MED-01].priority,24,系数,input/物资需求与配送时限.xlsx::逐箱货箱清单,code/mountain_flood/core/domain.py;code/mountain_flood/problem2/search.py;code/mountain_flood/validation/replay.py,Q1-Q4,§问题二时限公式；提交表逐箱交付
S002-MED-01.first,F_b,Model.boxes[S002-MED-01].first,True,布尔,input/物资需求与配送时限.xlsx::逐箱货箱清单,code/mountain_flood/core/domain.py;code/mountain_flood/problem2/search.py;code/mountain_flood/validation/replay.py,Q1-Q4,§问题二时限公式；提交表逐箱交付
S002-MED-01.medical,M_b,Model.boxes[S002-MED-01].medical,True,布尔,input/物资需求与配送时限.xlsx::逐箱货箱清单,code/mountain_flood/core/domain.py;code/mountain_flood/problem2/search.py;code/mountain_flood/validation/replay.py,Q1-Q4,§问题二时限公式；提交表逐箱交付
S002-WAT-01.node,i_b,Model.boxes[S002-WAT-01].node,2,服务区索引,input/物资需求与配送时限.xlsx::逐箱货箱清单,code/mountain_flood/core/domain.py;code/mountain_flood/problem2/search.py;code/mountain_flood/validation/replay.py,Q1-Q4,§问题二时限公式；提交表逐箱交付
S002-WAT-01.w,w_b,Model.boxes[S002-WAT-01].w,14,kg,input/物资需求与配送时限.xlsx::逐箱货箱清单,code/mountain_flood/core/domain.py;code/mountain_flood/problem2/search.py;code/mountain_flood/validation/replay.py,Q1-Q4,§问题二时限公式；提交表逐箱交付
S002-WAT-01.v,v_b,Model.boxes[S002-WAT-01].v,0.027,m³,input/物资需求与配送时限.xlsx::逐箱货箱清单,code/mountain_flood/core/domain.py;code/mountain_flood/problem2/search.py;code/mountain_flood/validation/replay.py,Q1-Q4,§问题二时限公式；提交表逐箱交付
S002-WAT-01.due,d_b,Model.boxes[S002-WAT-01].due,3600,s,input/物资需求与配送时限.xlsx::逐箱货箱清单,code/mountain_flood/core/domain.py;code/mountain_flood/problem2/search.py;code/mountain_flood/validation/replay.py,Q1-Q4,§问题二时限公式；提交表逐箱交付
S002-WAT-01.deadline,h_b,Model.boxes[S002-WAT-01].deadline,3600,s,input/物资需求与配送时限.xlsx::逐箱货箱清单,code/mountain_flood/core/domain.py;code/mountain_flood/problem2/search.py;code/mountain_flood/validation/replay.py,Q1-Q4,§问题二时限公式；提交表逐箱交付
S002-WAT-01.priority,π_b,Model.boxes[S002-WAT-01].priority,12,系数,input/物资需求与配送时限.xlsx::逐箱货箱清单,code/mountain_flood/core/domain.py;code/mountain_flood/problem2/search.py;code/mountain_flood/validation/replay.py,Q1-Q4,§问题二时限公式；提交表逐箱交付
S002-WAT-01.first,F_b,Model.boxes[S002-WAT-01].first,True,布尔,input/物资需求与配送时限.xlsx::逐箱货箱清单,code/mountain_flood/core/domain.py;code/mountain_flood/problem2/search.py;code/mountain_flood/validation/replay.py,Q1-Q4,§问题二时限公式；提交表逐箱交付
S002-WAT-01.medical,M_b,Model.boxes[S002-WAT-01].medical,False,布尔,input/物资需求与配送时限.xlsx::逐箱货箱清单,code/mountain_flood/core/domain.py;code/mountain_flood/problem2/search.py;code/mountain_flood/validation/replay.py,Q1-Q4,§问题二时限公式；提交表逐箱交付
S002-WAT-02.node,i_b,Model.boxes[S002-WAT-02].node,2,服务区索引,input/物资需求与配送时限.xlsx::逐箱货箱清单,code/mountain_flood/core/domain.py;code/mountain_flood/problem2/search.py;code/mountain_flood/validation/replay.py,Q1-Q4,§问题二时限公式；提交表逐箱交付
S002-WAT-02.w,w_b,Model.boxes[S002-WAT-02].w,14,kg,input/物资需求与配送时限.xlsx::逐箱货箱清单,code/mountain_flood/core/domain.py;code/mountain_flood/problem2/search.py;code/mountain_flood/validation/replay.py,Q1-Q4,§问题二时限公式；提交表逐箱交付
S002-WAT-02.v,v_b,Model.boxes[S002-WAT-02].v,0.027,m³,input/物资需求与配送时限.xlsx::逐箱货箱清单,code/mountain_flood/core/domain.py;code/mountain_flood/problem2/search.py;code/mountain_flood/validation/replay.py,Q1-Q4,§问题二时限公式；提交表逐箱交付
S002-WAT-02.due,d_b,Model.boxes[S002-WAT-02].due,3600,s,input/物资需求与配送时限.xlsx::逐箱货箱清单,code/mountain_flood/core/domain.py;code/mountain_flood/problem2/search.py;code/mountain_flood/validation/replay.py,Q1-Q4,§问题二时限公式；提交表逐箱交付
S002-WAT-02.deadline,h_b,Model.boxes[S002-WAT-02].deadline,无硬截止,s,input/物资需求与配送时限.xlsx::逐箱货箱清单,code/mountain_flood/core/domain.py;code/mountain_flood/problem2/search.py;code/mountain_flood/validation/replay.py,Q1-Q4,§问题二时限公式；提交表逐箱交付
S002-WAT-02.priority,π_b,Model.boxes[S002-WAT-02].priority,12,系数,input/物资需求与配送时限.xlsx::逐箱货箱清单,code/mountain_flood/core/domain.py;code/mountain_flood/problem2/search.py;code/mountain_flood/validation/replay.py,Q1-Q4,§问题二时限公式；提交表逐箱交付
S002-WAT-02.first,F_b,Model.boxes[S002-WAT-02].first,False,布尔,input/物资需求与配送时限.xlsx::逐箱货箱清单,code/mountain_flood/core/domain.py;code/mountain_flood/problem2/search.py;code/mountain_flood/validation/replay.py,Q1-Q4,§问题二时限公式；提交表逐箱交付
S002-WAT-02.medical,M_b,Model.boxes[S002-WAT-02].medical,False,布尔,input/物资需求与配送时限.xlsx::逐箱货箱清单,code/mountain_flood/core/domain.py;code/mountain_flood/problem2/search.py;code/mountain_flood/validation/replay.py,Q1-Q4,§问题二时限公式；提交表逐箱交付
S002-WAT-03.node,i_b,Model.boxes[S002-WAT-03].node,2,服务区索引,input/物资需求与配送时限.xlsx::逐箱货箱清单,code/mountain_flood/core/domain.py;code/mountain_flood/problem2/search.py;code/mountain_flood/validation/replay.py,Q1-Q4,§问题二时限公式；提交表逐箱交付
S002-WAT-03.w,w_b,Model.boxes[S002-WAT-03].w,14,kg,input/物资需求与配送时限.xlsx::逐箱货箱清单,code/mountain_flood/core/domain.py;code/mountain_flood/problem2/search.py;code/mountain_flood/validation/replay.py,Q1-Q4,§问题二时限公式；提交表逐箱交付
S002-WAT-03.v,v_b,Model.boxes[S002-WAT-03].v,0.027,m³,input/物资需求与配送时限.xlsx::逐箱货箱清单,code/mountain_flood/core/domain.py;code/mountain_flood/problem2/search.py;code/mountain_flood/validation/replay.py,Q1-Q4,§问题二时限公式；提交表逐箱交付
S002-WAT-03.due,d_b,Model.boxes[S002-WAT-03].due,3600,s,input/物资需求与配送时限.xlsx::逐箱货箱清单,code/mountain_flood/core/domain.py;code/mountain_flood/problem2/search.py;code/mountain_flood/validation/replay.py,Q1-Q4,§问题二时限公式；提交表逐箱交付
S002-WAT-03.deadline,h_b,Model.boxes[S002-WAT-03].deadline,无硬截止,s,input/物资需求与配送时限.xlsx::逐箱货箱清单,code/mountain_flood/core/domain.py;code/mountain_flood/problem2/search.py;code/mountain_flood/validation/replay.py,Q1-Q4,§问题二时限公式；提交表逐箱交付
S002-WAT-03.priority,π_b,Model.boxes[S002-WAT-03].priority,12,系数,input/物资需求与配送时限.xlsx::逐箱货箱清单,code/mountain_flood/core/domain.py;code/mountain_flood/problem2/search.py;code/mountain_flood/validation/replay.py,Q1-Q4,§问题二时限公式；提交表逐箱交付
S002-WAT-03.first,F_b,Model.boxes[S002-WAT-03].first,False,布尔,input/物资需求与配送时限.xlsx::逐箱货箱清单,code/mountain_flood/core/domain.py;code/mountain_flood/problem2/search.py;code/mountain_flood/validation/replay.py,Q1-Q4,§问题二时限公式；提交表逐箱交付
S002-WAT-03.medical,M_b,Model.boxes[S002-WAT-03].medical,False,布尔,input/物资需求与配送时限.xlsx::逐箱货箱清单,code/mountain_flood/core/domain.py;code/mountain_flood/problem2/search.py;code/mountain_flood/validation/replay.py,Q1-Q4,§问题二时限公式；提交表逐箱交付
S002-WAT-04.node,i_b,Model.boxes[S002-WAT-04].node,2,服务区索引,input/物资需求与配送时限.xlsx::逐箱货箱清单,code/mountain_flood/core/domain.py;code/mountain_flood/problem2/search.py;code/mountain_flood/validation/replay.py,Q1-Q4,§问题二时限公式；提交表逐箱交付
S002-WAT-04.w,w_b,Model.boxes[S002-WAT-04].w,14,kg,input/物资需求与配送时限.xlsx::逐箱货箱清单,code/mountain_flood/core/domain.py;code/mountain_flood/problem2/search.py;code/mountain_flood/validation/replay.py,Q1-Q4,§问题二时限公式；提交表逐箱交付
S002-WAT-04.v,v_b,Model.boxes[S002-WAT-04].v,0.027,m³,input/物资需求与配送时限.xlsx::逐箱货箱清单,code/mountain_flood/core/domain.py;code/mountain_flood/problem2/search.py;code/mountain_flood/validation/replay.py,Q1-Q4,§问题二时限公式；提交表逐箱交付
S002-WAT-04.due,d_b,Model.boxes[S002-WAT-04].due,3600,s,input/物资需求与配送时限.xlsx::逐箱货箱清单,code/mountain_flood/core/domain.py;code/mountain_flood/problem2/search.py;code/mountain_flood/validation/replay.py,Q1-Q4,§问题二时限公式；提交表逐箱交付
S002-WAT-04.deadline,h_b,Model.boxes[S002-WAT-04].deadline,无硬截止,s,input/物资需求与配送时限.xlsx::逐箱货箱清单,code/mountain_flood/core/domain.py;code/mountain_flood/problem2/search.py;code/mountain_flood/validation/replay.py,Q1-Q4,§问题二时限公式；提交表逐箱交付
S002-WAT-04.priority,π_b,Model.boxes[S002-WAT-04].priority,12,系数,input/物资需求与配送时限.xlsx::逐箱货箱清单,code/mountain_flood/core/domain.py;code/mountain_flood/problem2/search.py;code/mountain_flood/validation/replay.py,Q1-Q4,§问题二时限公式；提交表逐箱交付
S002-WAT-04.first,F_b,Model.boxes[S002-WAT-04].first,False,布尔,input/物资需求与配送时限.xlsx::逐箱货箱清单,code/mountain_flood/core/domain.py;code/mountain_flood/problem2/search.py;code/mountain_flood/validation/replay.py,Q1-Q4,§问题二时限公式；提交表逐箱交付
S002-WAT-04.medical,M_b,Model.boxes[S002-WAT-04].medical,False,布尔,input/物资需求与配送时限.xlsx::逐箱货箱清单,code/mountain_flood/core/domain.py;code/mountain_flood/problem2/search.py;code/mountain_flood/validation/replay.py,Q1-Q4,§问题二时限公式；提交表逐箱交付
S002-FOD-01.node,i_b,Model.boxes[S002-FOD-01].node,2,服务区索引,input/物资需求与配送时限.xlsx::逐箱货箱清单,code/mountain_flood/core/domain.py;code/mountain_flood/problem2/search.py;code/mountain_flood/validation/replay.py,Q1-Q4,§问题二时限公式；提交表逐箱交付
S002-FOD-01.w,w_b,Model.boxes[S002-FOD-01].w,8,kg,input/物资需求与配送时限.xlsx::逐箱货箱清单,code/mountain_flood/core/domain.py;code/mountain_flood/problem2/search.py;code/mountain_flood/validation/replay.py,Q1-Q4,§问题二时限公式；提交表逐箱交付
S002-FOD-01.v,v_b,Model.boxes[S002-FOD-01].v,0.028,m³,input/物资需求与配送时限.xlsx::逐箱货箱清单,code/mountain_flood/core/domain.py;code/mountain_flood/problem2/search.py;code/mountain_flood/validation/replay.py,Q1-Q4,§问题二时限公式；提交表逐箱交付
S002-FOD-01.due,d_b,Model.boxes[S002-FOD-01].due,7200,s,input/物资需求与配送时限.xlsx::逐箱货箱清单,code/mountain_flood/core/domain.py;code/mountain_flood/problem2/search.py;code/mountain_flood/validation/replay.py,Q1-Q4,§问题二时限公式；提交表逐箱交付
S002-FOD-01.deadline,h_b,Model.boxes[S002-FOD-01].deadline,无硬截止,s,input/物资需求与配送时限.xlsx::逐箱货箱清单,code/mountain_flood/core/domain.py;code/mountain_flood/problem2/search.py;code/mountain_flood/validation/replay.py,Q1-Q4,§问题二时限公式；提交表逐箱交付
S002-FOD-01.priority,π_b,Model.boxes[S002-FOD-01].priority,10,系数,input/物资需求与配送时限.xlsx::逐箱货箱清单,code/mountain_flood/core/domain.py;code/mountain_flood/problem2/search.py;code/mountain_flood/validation/replay.py,Q1-Q4,§问题二时限公式；提交表逐箱交付
S002-FOD-01.first,F_b,Model.boxes[S002-FOD-01].first,False,布尔,input/物资需求与配送时限.xlsx::逐箱货箱清单,code/mountain_flood/core/domain.py;code/mountain_flood/problem2/search.py;code/mountain_flood/validation/replay.py,Q1-Q4,§问题二时限公式；提交表逐箱交付
S002-FOD-01.medical,M_b,Model.boxes[S002-FOD-01].medical,False,布尔,input/物资需求与配送时限.xlsx::逐箱货箱清单,code/mountain_flood/core/domain.py;code/mountain_flood/problem2/search.py;code/mountain_flood/validation/replay.py,Q1-Q4,§问题二时限公式；提交表逐箱交付
S002-FOD-02.node,i_b,Model.boxes[S002-FOD-02].node,2,服务区索引,input/物资需求与配送时限.xlsx::逐箱货箱清单,code/mountain_flood/core/domain.py;code/mountain_flood/problem2/search.py;code/mountain_flood/validation/replay.py,Q1-Q4,§问题二时限公式；提交表逐箱交付
S002-FOD-02.w,w_b,Model.boxes[S002-FOD-02].w,8,kg,input/物资需求与配送时限.xlsx::逐箱货箱清单,code/mountain_flood/core/domain.py;code/mountain_flood/problem2/search.py;code/mountain_flood/validation/replay.py,Q1-Q4,§问题二时限公式；提交表逐箱交付
S002-FOD-02.v,v_b,Model.boxes[S002-FOD-02].v,0.028,m³,input/物资需求与配送时限.xlsx::逐箱货箱清单,code/mountain_flood/core/domain.py;code/mountain_flood/problem2/search.py;code/mountain_flood/validation/replay.py,Q1-Q4,§问题二时限公式；提交表逐箱交付
S002-FOD-02.due,d_b,Model.boxes[S002-FOD-02].due,7200,s,input/物资需求与配送时限.xlsx::逐箱货箱清单,code/mountain_flood/core/domain.py;code/mountain_flood/problem2/search.py;code/mountain_flood/validation/replay.py,Q1-Q4,§问题二时限公式；提交表逐箱交付
S002-FOD-02.deadline,h_b,Model.boxes[S002-FOD-02].deadline,无硬截止,s,input/物资需求与配送时限.xlsx::逐箱货箱清单,code/mountain_flood/core/domain.py;code/mountain_flood/problem2/search.py;code/mountain_flood/validation/replay.py,Q1-Q4,§问题二时限公式；提交表逐箱交付
S002-FOD-02.priority,π_b,Model.boxes[S002-FOD-02].priority,10,系数,input/物资需求与配送时限.xlsx::逐箱货箱清单,code/mountain_flood/core/domain.py;code/mountain_flood/problem2/search.py;code/mountain_flood/validation/replay.py,Q1-Q4,§问题二时限公式；提交表逐箱交付
S002-FOD-02.first,F_b,Model.boxes[S002-FOD-02].first,False,布尔,input/物资需求与配送时限.xlsx::逐箱货箱清单,code/mountain_flood/core/domain.py;code/mountain_flood/problem2/search.py;code/mountain_flood/validation/replay.py,Q1-Q4,§问题二时限公式；提交表逐箱交付
S002-FOD-02.medical,M_b,Model.boxes[S002-FOD-02].medical,False,布尔,input/物资需求与配送时限.xlsx::逐箱货箱清单,code/mountain_flood/core/domain.py;code/mountain_flood/problem2/search.py;code/mountain_flood/validation/replay.py,Q1-Q4,§问题二时限公式；提交表逐箱交付
S002-HYG-01.node,i_b,Model.boxes[S002-HYG-01].node,2,服务区索引,input/物资需求与配送时限.xlsx::逐箱货箱清单,code/mountain_flood/core/domain.py;code/mountain_flood/problem2/search.py;code/mountain_flood/validation/replay.py,Q1-Q4,§问题二时限公式；提交表逐箱交付
S002-HYG-01.w,w_b,Model.boxes[S002-HYG-01].w,6,kg,input/物资需求与配送时限.xlsx::逐箱货箱清单,code/mountain_flood/core/domain.py;code/mountain_flood/problem2/search.py;code/mountain_flood/validation/replay.py,Q1-Q4,§问题二时限公式；提交表逐箱交付
S002-HYG-01.v,v_b,Model.boxes[S002-HYG-01].v,0.035,m³,input/物资需求与配送时限.xlsx::逐箱货箱清单,code/mountain_flood/core/domain.py;code/mountain_flood/problem2/search.py;code/mountain_flood/validation/replay.py,Q1-Q4,§问题二时限公式；提交表逐箱交付
S002-HYG-01.due,d_b,Model.boxes[S002-HYG-01].due,10800,s,input/物资需求与配送时限.xlsx::逐箱货箱清单,code/mountain_flood/core/domain.py;code/mountain_flood/problem2/search.py;code/mountain_flood/validation/replay.py,Q1-Q4,§问题二时限公式；提交表逐箱交付
S002-HYG-01.deadline,h_b,Model.boxes[S002-HYG-01].deadline,无硬截止,s,input/物资需求与配送时限.xlsx::逐箱货箱清单,code/mountain_flood/core/domain.py;code/mountain_flood/problem2/search.py;code/mountain_flood/validation/replay.py,Q1-Q4,§问题二时限公式；提交表逐箱交付
S002-HYG-01.priority,π_b,Model.boxes[S002-HYG-01].priority,8,系数,input/物资需求与配送时限.xlsx::逐箱货箱清单,code/mountain_flood/core/domain.py;code/mountain_flood/problem2/search.py;code/mountain_flood/validation/replay.py,Q1-Q4,§问题二时限公式；提交表逐箱交付
S002-HYG-01.first,F_b,Model.boxes[S002-HYG-01].first,False,布尔,input/物资需求与配送时限.xlsx::逐箱货箱清单,code/mountain_flood/core/domain.py;code/mountain_flood/problem2/search.py;code/mountain_flood/validation/replay.py,Q1-Q4,§问题二时限公式；提交表逐箱交付
S002-HYG-01.medical,M_b,Model.boxes[S002-HYG-01].medical,False,布尔,input/物资需求与配送时限.xlsx::逐箱货箱清单,code/mountain_flood/core/domain.py;code/mountain_flood/problem2/search.py;code/mountain_flood/validation/replay.py,Q1-Q4,§问题二时限公式；提交表逐箱交付
S003-MED-01.node,i_b,Model.boxes[S003-MED-01].node,3,服务区索引,input/物资需求与配送时限.xlsx::逐箱货箱清单,code/mountain_flood/core/domain.py;code/mountain_flood/problem2/search.py;code/mountain_flood/validation/replay.py,Q1-Q4,§问题二时限公式；提交表逐箱交付
S003-MED-01.w,w_b,Model.boxes[S003-MED-01].w,3,kg,input/物资需求与配送时限.xlsx::逐箱货箱清单,code/mountain_flood/core/domain.py;code/mountain_flood/problem2/search.py;code/mountain_flood/validation/replay.py,Q1-Q4,§问题二时限公式；提交表逐箱交付
S003-MED-01.v,v_b,Model.boxes[S003-MED-01].v,0.012,m³,input/物资需求与配送时限.xlsx::逐箱货箱清单,code/mountain_flood/core/domain.py;code/mountain_flood/problem2/search.py;code/mountain_flood/validation/replay.py,Q1-Q4,§问题二时限公式；提交表逐箱交付
S003-MED-01.due,d_b,Model.boxes[S003-MED-01].due,7200,s,input/物资需求与配送时限.xlsx::逐箱货箱清单,code/mountain_flood/core/domain.py;code/mountain_flood/problem2/search.py;code/mountain_flood/validation/replay.py,Q1-Q4,§问题二时限公式；提交表逐箱交付
S003-MED-01.deadline,h_b,Model.boxes[S003-MED-01].deadline,7200,s,input/物资需求与配送时限.xlsx::逐箱货箱清单,code/mountain_flood/core/domain.py;code/mountain_flood/problem2/search.py;code/mountain_flood/validation/replay.py,Q1-Q4,§问题二时限公式；提交表逐箱交付
S003-MED-01.priority,π_b,Model.boxes[S003-MED-01].priority,20,系数,input/物资需求与配送时限.xlsx::逐箱货箱清单,code/mountain_flood/core/domain.py;code/mountain_flood/problem2/search.py;code/mountain_flood/validation/replay.py,Q1-Q4,§问题二时限公式；提交表逐箱交付
S003-MED-01.first,F_b,Model.boxes[S003-MED-01].first,True,布尔,input/物资需求与配送时限.xlsx::逐箱货箱清单,code/mountain_flood/core/domain.py;code/mountain_flood/problem2/search.py;code/mountain_flood/validation/replay.py,Q1-Q4,§问题二时限公式；提交表逐箱交付
S003-MED-01.medical,M_b,Model.boxes[S003-MED-01].medical,True,布尔,input/物资需求与配送时限.xlsx::逐箱货箱清单,code/mountain_flood/core/domain.py;code/mountain_flood/problem2/search.py;code/mountain_flood/validation/replay.py,Q1-Q4,§问题二时限公式；提交表逐箱交付
S003-WAT-01.node,i_b,Model.boxes[S003-WAT-01].node,3,服务区索引,input/物资需求与配送时限.xlsx::逐箱货箱清单,code/mountain_flood/core/domain.py;code/mountain_flood/problem2/search.py;code/mountain_flood/validation/replay.py,Q1-Q4,§问题二时限公式；提交表逐箱交付
S003-WAT-01.w,w_b,Model.boxes[S003-WAT-01].w,14,kg,input/物资需求与配送时限.xlsx::逐箱货箱清单,code/mountain_flood/core/domain.py;code/mountain_flood/problem2/search.py;code/mountain_flood/validation/replay.py,Q1-Q4,§问题二时限公式；提交表逐箱交付
S003-WAT-01.v,v_b,Model.boxes[S003-WAT-01].v,0.027,m³,input/物资需求与配送时限.xlsx::逐箱货箱清单,code/mountain_flood/core/domain.py;code/mountain_flood/problem2/search.py;code/mountain_flood/validation/replay.py,Q1-Q4,§问题二时限公式；提交表逐箱交付
S003-WAT-01.due,d_b,Model.boxes[S003-WAT-01].due,7200,s,input/物资需求与配送时限.xlsx::逐箱货箱清单,code/mountain_flood/core/domain.py;code/mountain_flood/problem2/search.py;code/mountain_flood/validation/replay.py,Q1-Q4,§问题二时限公式；提交表逐箱交付
S003-WAT-01.deadline,h_b,Model.boxes[S003-WAT-01].deadline,7200,s,input/物资需求与配送时限.xlsx::逐箱货箱清单,code/mountain_flood/core/domain.py;code/mountain_flood/problem2/search.py;code/mountain_flood/validation/replay.py,Q1-Q4,§问题二时限公式；提交表逐箱交付
S003-WAT-01.priority,π_b,Model.boxes[S003-WAT-01].priority,10,系数,input/物资需求与配送时限.xlsx::逐箱货箱清单,code/mountain_flood/core/domain.py;code/mountain_flood/problem2/search.py;code/mountain_flood/validation/replay.py,Q1-Q4,§问题二时限公式；提交表逐箱交付
S003-WAT-01.first,F_b,Model.boxes[S003-WAT-01].first,True,布尔,input/物资需求与配送时限.xlsx::逐箱货箱清单,code/mountain_flood/core/domain.py;code/mountain_flood/problem2/search.py;code/mountain_flood/validation/replay.py,Q1-Q4,§问题二时限公式；提交表逐箱交付
S003-WAT-01.medical,M_b,Model.boxes[S003-WAT-01].medical,False,布尔,input/物资需求与配送时限.xlsx::逐箱货箱清单,code/mountain_flood/core/domain.py;code/mountain_flood/problem2/search.py;code/mountain_flood/validation/replay.py,Q1-Q4,§问题二时限公式；提交表逐箱交付
S003-WAT-02.node,i_b,Model.boxes[S003-WAT-02].node,3,服务区索引,input/物资需求与配送时限.xlsx::逐箱货箱清单,code/mountain_flood/core/domain.py;code/mountain_flood/problem2/search.py;code/mountain_flood/validation/replay.py,Q1-Q4,§问题二时限公式；提交表逐箱交付
S003-WAT-02.w,w_b,Model.boxes[S003-WAT-02].w,14,kg,input/物资需求与配送时限.xlsx::逐箱货箱清单,code/mountain_flood/core/domain.py;code/mountain_flood/problem2/search.py;code/mountain_flood/validation/replay.py,Q1-Q4,§问题二时限公式；提交表逐箱交付
S003-WAT-02.v,v_b,Model.boxes[S003-WAT-02].v,0.027,m³,input/物资需求与配送时限.xlsx::逐箱货箱清单,code/mountain_flood/core/domain.py;code/mountain_flood/problem2/search.py;code/mountain_flood/validation/replay.py,Q1-Q4,§问题二时限公式；提交表逐箱交付
S003-WAT-02.due,d_b,Model.boxes[S003-WAT-02].due,7200,s,input/物资需求与配送时限.xlsx::逐箱货箱清单,code/mountain_flood/core/domain.py;code/mountain_flood/problem2/search.py;code/mountain_flood/validation/replay.py,Q1-Q4,§问题二时限公式；提交表逐箱交付
S003-WAT-02.deadline,h_b,Model.boxes[S003-WAT-02].deadline,无硬截止,s,input/物资需求与配送时限.xlsx::逐箱货箱清单,code/mountain_flood/core/domain.py;code/mountain_flood/problem2/search.py;code/mountain_flood/validation/replay.py,Q1-Q4,§问题二时限公式；提交表逐箱交付
S003-WAT-02.priority,π_b,Model.boxes[S003-WAT-02].priority,10,系数,input/物资需求与配送时限.xlsx::逐箱货箱清单,code/mountain_flood/core/domain.py;code/mountain_flood/problem2/search.py;code/mountain_flood/validation/replay.py,Q1-Q4,§问题二时限公式；提交表逐箱交付
S003-WAT-02.first,F_b,Model.boxes[S003-WAT-02].first,False,布尔,input/物资需求与配送时限.xlsx::逐箱货箱清单,code/mountain_flood/core/domain.py;code/mountain_flood/problem2/search.py;code/mountain_flood/validation/replay.py,Q1-Q4,§问题二时限公式；提交表逐箱交付
S003-WAT-02.medical,M_b,Model.boxes[S003-WAT-02].medical,False,布尔,input/物资需求与配送时限.xlsx::逐箱货箱清单,code/mountain_flood/core/domain.py;code/mountain_flood/problem2/search.py;code/mountain_flood/validation/replay.py,Q1-Q4,§问题二时限公式；提交表逐箱交付
S003-WAT-03.node,i_b,Model.boxes[S003-WAT-03].node,3,服务区索引,input/物资需求与配送时限.xlsx::逐箱货箱清单,code/mountain_flood/core/domain.py;code/mountain_flood/problem2/search.py;code/mountain_flood/validation/replay.py,Q1-Q4,§问题二时限公式；提交表逐箱交付
S003-WAT-03.w,w_b,Model.boxes[S003-WAT-03].w,14,kg,input/物资需求与配送时限.xlsx::逐箱货箱清单,code/mountain_flood/core/domain.py;code/mountain_flood/problem2/search.py;code/mountain_flood/validation/replay.py,Q1-Q4,§问题二时限公式；提交表逐箱交付
S003-WAT-03.v,v_b,Model.boxes[S003-WAT-03].v,0.027,m³,input/物资需求与配送时限.xlsx::逐箱货箱清单,code/mountain_flood/core/domain.py;code/mountain_flood/problem2/search.py;code/mountain_flood/validation/replay.py,Q1-Q4,§问题二时限公式；提交表逐箱交付
S003-WAT-03.due,d_b,Model.boxes[S003-WAT-03].due,7200,s,input/物资需求与配送时限.xlsx::逐箱货箱清单,code/mountain_flood/core/domain.py;code/mountain_flood/problem2/search.py;code/mountain_flood/validation/replay.py,Q1-Q4,§问题二时限公式；提交表逐箱交付
S003-WAT-03.deadline,h_b,Model.boxes[S003-WAT-03].deadline,无硬截止,s,input/物资需求与配送时限.xlsx::逐箱货箱清单,code/mountain_flood/core/domain.py;code/mountain_flood/problem2/search.py;code/mountain_flood/validation/replay.py,Q1-Q4,§问题二时限公式；提交表逐箱交付
S003-WAT-03.priority,π_b,Model.boxes[S003-WAT-03].priority,10,系数,input/物资需求与配送时限.xlsx::逐箱货箱清单,code/mountain_flood/core/domain.py;code/mountain_flood/problem2/search.py;code/mountain_flood/validation/replay.py,Q1-Q4,§问题二时限公式；提交表逐箱交付
S003-WAT-03.first,F_b,Model.boxes[S003-WAT-03].first,False,布尔,input/物资需求与配送时限.xlsx::逐箱货箱清单,code/mountain_flood/core/domain.py;code/mountain_flood/problem2/search.py;code/mountain_flood/validation/replay.py,Q1-Q4,§问题二时限公式；提交表逐箱交付
S003-WAT-03.medical,M_b,Model.boxes[S003-WAT-03].medical,False,布尔,input/物资需求与配送时限.xlsx::逐箱货箱清单,code/mountain_flood/core/domain.py;code/mountain_flood/problem2/search.py;code/mountain_flood/validation/replay.py,Q1-Q4,§问题二时限公式；提交表逐箱交付
S003-WAT-04.node,i_b,Model.boxes[S003-WAT-04].node,3,服务区索引,input/物资需求与配送时限.xlsx::逐箱货箱清单,code/mountain_flood/core/domain.py;code/mountain_flood/problem2/search.py;code/mountain_flood/validation/replay.py,Q1-Q4,§问题二时限公式；提交表逐箱交付
S003-WAT-04.w,w_b,Model.boxes[S003-WAT-04].w,14,kg,input/物资需求与配送时限.xlsx::逐箱货箱清单,code/mountain_flood/core/domain.py;code/mountain_flood/problem2/search.py;code/mountain_flood/validation/replay.py,Q1-Q4,§问题二时限公式；提交表逐箱交付
S003-WAT-04.v,v_b,Model.boxes[S003-WAT-04].v,0.027,m³,input/物资需求与配送时限.xlsx::逐箱货箱清单,code/mountain_flood/core/domain.py;code/mountain_flood/problem2/search.py;code/mountain_flood/validation/replay.py,Q1-Q4,§问题二时限公式；提交表逐箱交付
S003-WAT-04.due,d_b,Model.boxes[S003-WAT-04].due,7200,s,input/物资需求与配送时限.xlsx::逐箱货箱清单,code/mountain_flood/core/domain.py;code/mountain_flood/problem2/search.py;code/mountain_flood/validation/replay.py,Q1-Q4,§问题二时限公式；提交表逐箱交付
S003-WAT-04.deadline,h_b,Model.boxes[S003-WAT-04].deadline,无硬截止,s,input/物资需求与配送时限.xlsx::逐箱货箱清单,code/mountain_flood/core/domain.py;code/mountain_flood/problem2/search.py;code/mountain_flood/validation/replay.py,Q1-Q4,§问题二时限公式；提交表逐箱交付
S003-WAT-04.priority,π_b,Model.boxes[S003-WAT-04].priority,10,系数,input/物资需求与配送时限.xlsx::逐箱货箱清单,code/mountain_flood/core/domain.py;code/mountain_flood/problem2/search.py;code/mountain_flood/validation/replay.py,Q1-Q4,§问题二时限公式；提交表逐箱交付
S003-WAT-04.first,F_b,Model.boxes[S003-WAT-04].first,False,布尔,input/物资需求与配送时限.xlsx::逐箱货箱清单,code/mountain_flood/core/domain.py;code/mountain_flood/problem2/search.py;code/mountain_flood/validation/replay.py,Q1-Q4,§问题二时限公式；提交表逐箱交付
S003-WAT-04.medical,M_b,Model.boxes[S003-WAT-04].medical,False,布尔,input/物资需求与配送时限.xlsx::逐箱货箱清单,code/mountain_flood/core/domain.py;code/mountain_flood/problem2/search.py;code/mountain_flood/validation/replay.py,Q1-Q4,§问题二时限公式；提交表逐箱交付
S003-FOD-01.node,i_b,Model.boxes[S003-FOD-01].node,3,服务区索引,input/物资需求与配送时限.xlsx::逐箱货箱清单,code/mountain_flood/core/domain.py;code/mountain_flood/problem2/search.py;code/mountain_flood/validation/replay.py,Q1-Q4,§问题二时限公式；提交表逐箱交付
S003-FOD-01.w,w_b,Model.boxes[S003-FOD-01].w,8,kg,input/物资需求与配送时限.xlsx::逐箱货箱清单,code/mountain_flood/core/domain.py;code/mountain_flood/problem2/search.py;code/mountain_flood/validation/replay.py,Q1-Q4,§问题二时限公式；提交表逐箱交付
S003-FOD-01.v,v_b,Model.boxes[S003-FOD-01].v,0.028,m³,input/物资需求与配送时限.xlsx::逐箱货箱清单,code/mountain_flood/core/domain.py;code/mountain_flood/problem2/search.py;code/mountain_flood/validation/replay.py,Q1-Q4,§问题二时限公式；提交表逐箱交付
S003-FOD-01.due,d_b,Model.boxes[S003-FOD-01].due,10800,s,input/物资需求与配送时限.xlsx::逐箱货箱清单,code/mountain_flood/core/domain.py;code/mountain_flood/problem2/search.py;code/mountain_flood/validation/replay.py,Q1-Q4,§问题二时限公式；提交表逐箱交付
S003-FOD-01.deadline,h_b,Model.boxes[S003-FOD-01].deadline,无硬截止,s,input/物资需求与配送时限.xlsx::逐箱货箱清单,code/mountain_flood/core/domain.py;code/mountain_flood/problem2/search.py;code/mountain_flood/validation/replay.py,Q1-Q4,§问题二时限公式；提交表逐箱交付
S003-FOD-01.priority,π_b,Model.boxes[S003-FOD-01].priority,8,系数,input/物资需求与配送时限.xlsx::逐箱货箱清单,code/mountain_flood/core/domain.py;code/mountain_flood/problem2/search.py;code/mountain_flood/validation/replay.py,Q1-Q4,§问题二时限公式；提交表逐箱交付
S003-FOD-01.first,F_b,Model.boxes[S003-FOD-01].first,False,布尔,input/物资需求与配送时限.xlsx::逐箱货箱清单,code/mountain_flood/core/domain.py;code/mountain_flood/problem2/search.py;code/mountain_flood/validation/replay.py,Q1-Q4,§问题二时限公式；提交表逐箱交付
S003-FOD-01.medical,M_b,Model.boxes[S003-FOD-01].medical,False,布尔,input/物资需求与配送时限.xlsx::逐箱货箱清单,code/mountain_flood/core/domain.py;code/mountain_flood/problem2/search.py;code/mountain_flood/validation/replay.py,Q1-Q4,§问题二时限公式；提交表逐箱交付
S003-FOD-02.node,i_b,Model.boxes[S003-FOD-02].node,3,服务区索引,input/物资需求与配送时限.xlsx::逐箱货箱清单,code/mountain_flood/core/domain.py;code/mountain_flood/problem2/search.py;code/mountain_flood/validation/replay.py,Q1-Q4,§问题二时限公式；提交表逐箱交付
S003-FOD-02.w,w_b,Model.boxes[S003-FOD-02].w,8,kg,input/物资需求与配送时限.xlsx::逐箱货箱清单,code/mountain_flood/core/domain.py;code/mountain_flood/problem2/search.py;code/mountain_flood/validation/replay.py,Q1-Q4,§问题二时限公式；提交表逐箱交付
S003-FOD-02.v,v_b,Model.boxes[S003-FOD-02].v,0.028,m³,input/物资需求与配送时限.xlsx::逐箱货箱清单,code/mountain_flood/core/domain.py;code/mountain_flood/problem2/search.py;code/mountain_flood/validation/replay.py,Q1-Q4,§问题二时限公式；提交表逐箱交付
S003-FOD-02.due,d_b,Model.boxes[S003-FOD-02].due,10800,s,input/物资需求与配送时限.xlsx::逐箱货箱清单,code/mountain_flood/core/domain.py;code/mountain_flood/problem2/search.py;code/mountain_flood/validation/replay.py,Q1-Q4,§问题二时限公式；提交表逐箱交付
S003-FOD-02.deadline,h_b,Model.boxes[S003-FOD-02].deadline,无硬截止,s,input/物资需求与配送时限.xlsx::逐箱货箱清单,code/mountain_flood/core/domain.py;code/mountain_flood/problem2/search.py;code/mountain_flood/validation/replay.py,Q1-Q4,§问题二时限公式；提交表逐箱交付
S003-FOD-02.priority,π_b,Model.boxes[S003-FOD-02].priority,8,系数,input/物资需求与配送时限.xlsx::逐箱货箱清单,code/mountain_flood/core/domain.py;code/mountain_flood/problem2/search.py;code/mountain_flood/validation/replay.py,Q1-Q4,§问题二时限公式；提交表逐箱交付
S003-FOD-02.first,F_b,Model.boxes[S003-FOD-02].first,False,布尔,input/物资需求与配送时限.xlsx::逐箱货箱清单,code/mountain_flood/core/domain.py;code/mountain_flood/problem2/search.py;code/mountain_flood/validation/replay.py,Q1-Q4,§问题二时限公式；提交表逐箱交付
S003-FOD-02.medical,M_b,Model.boxes[S003-FOD-02].medical,False,布尔,input/物资需求与配送时限.xlsx::逐箱货箱清单,code/mountain_flood/core/domain.py;code/mountain_flood/problem2/search.py;code/mountain_flood/validation/replay.py,Q1-Q4,§问题二时限公式；提交表逐箱交付
S003-HYG-01.node,i_b,Model.boxes[S003-HYG-01].node,3,服务区索引,input/物资需求与配送时限.xlsx::逐箱货箱清单,code/mountain_flood/core/domain.py;code/mountain_flood/problem2/search.py;code/mountain_flood/validation/replay.py,Q1-Q4,§问题二时限公式；提交表逐箱交付
S003-HYG-01.w,w_b,Model.boxes[S003-HYG-01].w,6,kg,input/物资需求与配送时限.xlsx::逐箱货箱清单,code/mountain_flood/core/domain.py;code/mountain_flood/problem2/search.py;code/mountain_flood/validation/replay.py,Q1-Q4,§问题二时限公式；提交表逐箱交付
S003-HYG-01.v,v_b,Model.boxes[S003-HYG-01].v,0.035,m³,input/物资需求与配送时限.xlsx::逐箱货箱清单,code/mountain_flood/core/domain.py;code/mountain_flood/problem2/search.py;code/mountain_flood/validation/replay.py,Q1-Q4,§问题二时限公式；提交表逐箱交付
S003-HYG-01.due,d_b,Model.boxes[S003-HYG-01].due,14400,s,input/物资需求与配送时限.xlsx::逐箱货箱清单,code/mountain_flood/core/domain.py;code/mountain_flood/problem2/search.py;code/mountain_flood/validation/replay.py,Q1-Q4,§问题二时限公式；提交表逐箱交付
S003-HYG-01.deadline,h_b,Model.boxes[S003-HYG-01].deadline,无硬截止,s,input/物资需求与配送时限.xlsx::逐箱货箱清单,code/mountain_flood/core/domain.py;code/mountain_flood/problem2/search.py;code/mountain_flood/validation/replay.py,Q1-Q4,§问题二时限公式；提交表逐箱交付
S003-HYG-01.priority,π_b,Model.boxes[S003-HYG-01].priority,6,系数,input/物资需求与配送时限.xlsx::逐箱货箱清单,code/mountain_flood/core/domain.py;code/mountain_flood/problem2/search.py;code/mountain_flood/validation/replay.py,Q1-Q4,§问题二时限公式；提交表逐箱交付
S003-HYG-01.first,F_b,Model.boxes[S003-HYG-01].first,False,布尔,input/物资需求与配送时限.xlsx::逐箱货箱清单,code/mountain_flood/core/domain.py;code/mountain_flood/problem2/search.py;code/mountain_flood/validation/replay.py,Q1-Q4,§问题二时限公式；提交表逐箱交付
S003-HYG-01.medical,M_b,Model.boxes[S003-HYG-01].medical,False,布尔,input/物资需求与配送时限.xlsx::逐箱货箱清单,code/mountain_flood/core/domain.py;code/mountain_flood/problem2/search.py;code/mountain_flood/validation/replay.py,Q1-Q4,§问题二时限公式；提交表逐箱交付
S004-MED-01.node,i_b,Model.boxes[S004-MED-01].node,4,服务区索引,input/物资需求与配送时限.xlsx::逐箱货箱清单,code/mountain_flood/core/domain.py;code/mountain_flood/problem2/search.py;code/mountain_flood/validation/replay.py,Q1-Q4,§问题二时限公式；提交表逐箱交付
S004-MED-01.w,w_b,Model.boxes[S004-MED-01].w,3,kg,input/物资需求与配送时限.xlsx::逐箱货箱清单,code/mountain_flood/core/domain.py;code/mountain_flood/problem2/search.py;code/mountain_flood/validation/replay.py,Q1-Q4,§问题二时限公式；提交表逐箱交付
S004-MED-01.v,v_b,Model.boxes[S004-MED-01].v,0.012,m³,input/物资需求与配送时限.xlsx::逐箱货箱清单,code/mountain_flood/core/domain.py;code/mountain_flood/problem2/search.py;code/mountain_flood/validation/replay.py,Q1-Q4,§问题二时限公式；提交表逐箱交付
S004-MED-01.due,d_b,Model.boxes[S004-MED-01].due,7200,s,input/物资需求与配送时限.xlsx::逐箱货箱清单,code/mountain_flood/core/domain.py;code/mountain_flood/problem2/search.py;code/mountain_flood/validation/replay.py,Q1-Q4,§问题二时限公式；提交表逐箱交付
S004-MED-01.deadline,h_b,Model.boxes[S004-MED-01].deadline,7200,s,input/物资需求与配送时限.xlsx::逐箱货箱清单,code/mountain_flood/core/domain.py;code/mountain_flood/problem2/search.py;code/mountain_flood/validation/replay.py,Q1-Q4,§问题二时限公式；提交表逐箱交付
S004-MED-01.priority,π_b,Model.boxes[S004-MED-01].priority,20,系数,input/物资需求与配送时限.xlsx::逐箱货箱清单,code/mountain_flood/core/domain.py;code/mountain_flood/problem2/search.py;code/mountain_flood/validation/replay.py,Q1-Q4,§问题二时限公式；提交表逐箱交付
S004-MED-01.first,F_b,Model.boxes[S004-MED-01].first,True,布尔,input/物资需求与配送时限.xlsx::逐箱货箱清单,code/mountain_flood/core/domain.py;code/mountain_flood/problem2/search.py;code/mountain_flood/validation/replay.py,Q1-Q4,§问题二时限公式；提交表逐箱交付
S004-MED-01.medical,M_b,Model.boxes[S004-MED-01].medical,True,布尔,input/物资需求与配送时限.xlsx::逐箱货箱清单,code/mountain_flood/core/domain.py;code/mountain_flood/problem2/search.py;code/mountain_flood/validation/replay.py,Q1-Q4,§问题二时限公式；提交表逐箱交付
S004-WAT-01.node,i_b,Model.boxes[S004-WAT-01].node,4,服务区索引,input/物资需求与配送时限.xlsx::逐箱货箱清单,code/mountain_flood/core/domain.py;code/mountain_flood/problem2/search.py;code/mountain_flood/validation/replay.py,Q1-Q4,§问题二时限公式；提交表逐箱交付
S004-WAT-01.w,w_b,Model.boxes[S004-WAT-01].w,14,kg,input/物资需求与配送时限.xlsx::逐箱货箱清单,code/mountain_flood/core/domain.py;code/mountain_flood/problem2/search.py;code/mountain_flood/validation/replay.py,Q1-Q4,§问题二时限公式；提交表逐箱交付
S004-WAT-01.v,v_b,Model.boxes[S004-WAT-01].v,0.027,m³,input/物资需求与配送时限.xlsx::逐箱货箱清单,code/mountain_flood/core/domain.py;code/mountain_flood/problem2/search.py;code/mountain_flood/validation/replay.py,Q1-Q4,§问题二时限公式；提交表逐箱交付
S004-WAT-01.due,d_b,Model.boxes[S004-WAT-01].due,7200,s,input/物资需求与配送时限.xlsx::逐箱货箱清单,code/mountain_flood/core/domain.py;code/mountain_flood/problem2/search.py;code/mountain_flood/validation/replay.py,Q1-Q4,§问题二时限公式；提交表逐箱交付
S004-WAT-01.deadline,h_b,Model.boxes[S004-WAT-01].deadline,7200,s,input/物资需求与配送时限.xlsx::逐箱货箱清单,code/mountain_flood/core/domain.py;code/mountain_flood/problem2/search.py;code/mountain_flood/validation/replay.py,Q1-Q4,§问题二时限公式；提交表逐箱交付
S004-WAT-01.priority,π_b,Model.boxes[S004-WAT-01].priority,10,系数,input/物资需求与配送时限.xlsx::逐箱货箱清单,code/mountain_flood/core/domain.py;code/mountain_flood/problem2/search.py;code/mountain_flood/validation/replay.py,Q1-Q4,§问题二时限公式；提交表逐箱交付
S004-WAT-01.first,F_b,Model.boxes[S004-WAT-01].first,True,布尔,input/物资需求与配送时限.xlsx::逐箱货箱清单,code/mountain_flood/core/domain.py;code/mountain_flood/problem2/search.py;code/mountain_flood/validation/replay.py,Q1-Q4,§问题二时限公式；提交表逐箱交付
S004-WAT-01.medical,M_b,Model.boxes[S004-WAT-01].medical,False,布尔,input/物资需求与配送时限.xlsx::逐箱货箱清单,code/mountain_flood/core/domain.py;code/mountain_flood/problem2/search.py;code/mountain_flood/validation/replay.py,Q1-Q4,§问题二时限公式；提交表逐箱交付
S004-WAT-02.node,i_b,Model.boxes[S004-WAT-02].node,4,服务区索引,input/物资需求与配送时限.xlsx::逐箱货箱清单,code/mountain_flood/core/domain.py;code/mountain_flood/problem2/search.py;code/mountain_flood/validation/replay.py,Q1-Q4,§问题二时限公式；提交表逐箱交付
S004-WAT-02.w,w_b,Model.boxes[S004-WAT-02].w,14,kg,input/物资需求与配送时限.xlsx::逐箱货箱清单,code/mountain_flood/core/domain.py;code/mountain_flood/problem2/search.py;code/mountain_flood/validation/replay.py,Q1-Q4,§问题二时限公式；提交表逐箱交付
S004-WAT-02.v,v_b,Model.boxes[S004-WAT-02].v,0.027,m³,input/物资需求与配送时限.xlsx::逐箱货箱清单,code/mountain_flood/core/domain.py;code/mountain_flood/problem2/search.py;code/mountain_flood/validation/replay.py,Q1-Q4,§问题二时限公式；提交表逐箱交付
S004-WAT-02.due,d_b,Model.boxes[S004-WAT-02].due,7200,s,input/物资需求与配送时限.xlsx::逐箱货箱清单,code/mountain_flood/core/domain.py;code/mountain_flood/problem2/search.py;code/mountain_flood/validation/replay.py,Q1-Q4,§问题二时限公式；提交表逐箱交付
S004-WAT-02.deadline,h_b,Model.boxes[S004-WAT-02].deadline,无硬截止,s,input/物资需求与配送时限.xlsx::逐箱货箱清单,code/mountain_flood/core/domain.py;code/mountain_flood/problem2/search.py;code/mountain_flood/validation/replay.py,Q1-Q4,§问题二时限公式；提交表逐箱交付
S004-WAT-02.priority,π_b,Model.boxes[S004-WAT-02].priority,10,系数,input/物资需求与配送时限.xlsx::逐箱货箱清单,code/mountain_flood/core/domain.py;code/mountain_flood/problem2/search.py;code/mountain_flood/validation/replay.py,Q1-Q4,§问题二时限公式；提交表逐箱交付
S004-WAT-02.first,F_b,Model.boxes[S004-WAT-02].first,False,布尔,input/物资需求与配送时限.xlsx::逐箱货箱清单,code/mountain_flood/core/domain.py;code/mountain_flood/problem2/search.py;code/mountain_flood/validation/replay.py,Q1-Q4,§问题二时限公式；提交表逐箱交付
S004-WAT-02.medical,M_b,Model.boxes[S004-WAT-02].medical,False,布尔,input/物资需求与配送时限.xlsx::逐箱货箱清单,code/mountain_flood/core/domain.py;code/mountain_flood/problem2/search.py;code/mountain_flood/validation/replay.py,Q1-Q4,§问题二时限公式；提交表逐箱交付
S004-WAT-03.node,i_b,Model.boxes[S004-WAT-03].node,4,服务区索引,input/物资需求与配送时限.xlsx::逐箱货箱清单,code/mountain_flood/core/domain.py;code/mountain_flood/problem2/search.py;code/mountain_flood/validation/replay.py,Q1-Q4,§问题二时限公式；提交表逐箱交付
S004-WAT-03.w,w_b,Model.boxes[S004-WAT-03].w,14,kg,input/物资需求与配送时限.xlsx::逐箱货箱清单,code/mountain_flood/core/domain.py;code/mountain_flood/problem2/search.py;code/mountain_flood/validation/replay.py,Q1-Q4,§问题二时限公式；提交表逐箱交付
S004-WAT-03.v,v_b,Model.boxes[S004-WAT-03].v,0.027,m³,input/物资需求与配送时限.xlsx::逐箱货箱清单,code/mountain_flood/core/domain.py;code/mountain_flood/problem2/search.py;code/mountain_flood/validation/replay.py,Q1-Q4,§问题二时限公式；提交表逐箱交付
S004-WAT-03.due,d_b,Model.boxes[S004-WAT-03].due,7200,s,input/物资需求与配送时限.xlsx::逐箱货箱清单,code/mountain_flood/core/domain.py;code/mountain_flood/problem2/search.py;code/mountain_flood/validation/replay.py,Q1-Q4,§问题二时限公式；提交表逐箱交付
S004-WAT-03.deadline,h_b,Model.boxes[S004-WAT-03].deadline,无硬截止,s,input/物资需求与配送时限.xlsx::逐箱货箱清单,code/mountain_flood/core/domain.py;code/mountain_flood/problem2/search.py;code/mountain_flood/validation/replay.py,Q1-Q4,§问题二时限公式；提交表逐箱交付
S004-WAT-03.priority,π_b,Model.boxes[S004-WAT-03].priority,10,系数,input/物资需求与配送时限.xlsx::逐箱货箱清单,code/mountain_flood/core/domain.py;code/mountain_flood/problem2/search.py;code/mountain_flood/validation/replay.py,Q1-Q4,§问题二时限公式；提交表逐箱交付
S004-WAT-03.first,F_b,Model.boxes[S004-WAT-03].first,False,布尔,input/物资需求与配送时限.xlsx::逐箱货箱清单,code/mountain_flood/core/domain.py;code/mountain_flood/problem2/search.py;code/mountain_flood/validation/replay.py,Q1-Q4,§问题二时限公式；提交表逐箱交付
S004-WAT-03.medical,M_b,Model.boxes[S004-WAT-03].medical,False,布尔,input/物资需求与配送时限.xlsx::逐箱货箱清单,code/mountain_flood/core/domain.py;code/mountain_flood/problem2/search.py;code/mountain_flood/validation/replay.py,Q1-Q4,§问题二时限公式；提交表逐箱交付
S004-FOD-01.node,i_b,Model.boxes[S004-FOD-01].node,4,服务区索引,input/物资需求与配送时限.xlsx::逐箱货箱清单,code/mountain_flood/core/domain.py;code/mountain_flood/problem2/search.py;code/mountain_flood/validation/replay.py,Q1-Q4,§问题二时限公式；提交表逐箱交付
S004-FOD-01.w,w_b,Model.boxes[S004-FOD-01].w,8,kg,input/物资需求与配送时限.xlsx::逐箱货箱清单,code/mountain_flood/core/domain.py;code/mountain_flood/problem2/search.py;code/mountain_flood/validation/replay.py,Q1-Q4,§问题二时限公式；提交表逐箱交付
S004-FOD-01.v,v_b,Model.boxes[S004-FOD-01].v,0.028,m³,input/物资需求与配送时限.xlsx::逐箱货箱清单,code/mountain_flood/core/domain.py;code/mountain_flood/problem2/search.py;code/mountain_flood/validation/replay.py,Q1-Q4,§问题二时限公式；提交表逐箱交付
S004-FOD-01.due,d_b,Model.boxes[S004-FOD-01].due,10800,s,input/物资需求与配送时限.xlsx::逐箱货箱清单,code/mountain_flood/core/domain.py;code/mountain_flood/problem2/search.py;code/mountain_flood/validation/replay.py,Q1-Q4,§问题二时限公式；提交表逐箱交付
S004-FOD-01.deadline,h_b,Model.boxes[S004-FOD-01].deadline,无硬截止,s,input/物资需求与配送时限.xlsx::逐箱货箱清单,code/mountain_flood/core/domain.py;code/mountain_flood/problem2/search.py;code/mountain_flood/validation/replay.py,Q1-Q4,§问题二时限公式；提交表逐箱交付
S004-FOD-01.priority,π_b,Model.boxes[S004-FOD-01].priority,8,系数,input/物资需求与配送时限.xlsx::逐箱货箱清单,code/mountain_flood/core/domain.py;code/mountain_flood/problem2/search.py;code/mountain_flood/validation/replay.py,Q1-Q4,§问题二时限公式；提交表逐箱交付
S004-FOD-01.first,F_b,Model.boxes[S004-FOD-01].first,False,布尔,input/物资需求与配送时限.xlsx::逐箱货箱清单,code/mountain_flood/core/domain.py;code/mountain_flood/problem2/search.py;code/mountain_flood/validation/replay.py,Q1-Q4,§问题二时限公式；提交表逐箱交付
S004-FOD-01.medical,M_b,Model.boxes[S004-FOD-01].medical,False,布尔,input/物资需求与配送时限.xlsx::逐箱货箱清单,code/mountain_flood/core/domain.py;code/mountain_flood/problem2/search.py;code/mountain_flood/validation/replay.py,Q1-Q4,§问题二时限公式；提交表逐箱交付
S004-HYG-01.node,i_b,Model.boxes[S004-HYG-01].node,4,服务区索引,input/物资需求与配送时限.xlsx::逐箱货箱清单,code/mountain_flood/core/domain.py;code/mountain_flood/problem2/search.py;code/mountain_flood/validation/replay.py,Q1-Q4,§问题二时限公式；提交表逐箱交付
S004-HYG-01.w,w_b,Model.boxes[S004-HYG-01].w,6,kg,input/物资需求与配送时限.xlsx::逐箱货箱清单,code/mountain_flood/core/domain.py;code/mountain_flood/problem2/search.py;code/mountain_flood/validation/replay.py,Q1-Q4,§问题二时限公式；提交表逐箱交付
S004-HYG-01.v,v_b,Model.boxes[S004-HYG-01].v,0.035,m³,input/物资需求与配送时限.xlsx::逐箱货箱清单,code/mountain_flood/core/domain.py;code/mountain_flood/problem2/search.py;code/mountain_flood/validation/replay.py,Q1-Q4,§问题二时限公式；提交表逐箱交付
S004-HYG-01.due,d_b,Model.boxes[S004-HYG-01].due,14400,s,input/物资需求与配送时限.xlsx::逐箱货箱清单,code/mountain_flood/core/domain.py;code/mountain_flood/problem2/search.py;code/mountain_flood/validation/replay.py,Q1-Q4,§问题二时限公式；提交表逐箱交付
S004-HYG-01.deadline,h_b,Model.boxes[S004-HYG-01].deadline,无硬截止,s,input/物资需求与配送时限.xlsx::逐箱货箱清单,code/mountain_flood/core/domain.py;code/mountain_flood/problem2/search.py;code/mountain_flood/validation/replay.py,Q1-Q4,§问题二时限公式；提交表逐箱交付
S004-HYG-01.priority,π_b,Model.boxes[S004-HYG-01].priority,6,系数,input/物资需求与配送时限.xlsx::逐箱货箱清单,code/mountain_flood/core/domain.py;code/mountain_flood/problem2/search.py;code/mountain_flood/validation/replay.py,Q1-Q4,§问题二时限公式；提交表逐箱交付
S004-HYG-01.first,F_b,Model.boxes[S004-HYG-01].first,False,布尔,input/物资需求与配送时限.xlsx::逐箱货箱清单,code/mountain_flood/core/domain.py;code/mountain_flood/problem2/search.py;code/mountain_flood/validation/replay.py,Q1-Q4,§问题二时限公式；提交表逐箱交付
S004-HYG-01.medical,M_b,Model.boxes[S004-HYG-01].medical,False,布尔,input/物资需求与配送时限.xlsx::逐箱货箱清单,code/mountain_flood/core/domain.py;code/mountain_flood/problem2/search.py;code/mountain_flood/validation/replay.py,Q1-Q4,§问题二时限公式；提交表逐箱交付
S005-MED-01.node,i_b,Model.boxes[S005-MED-01].node,5,服务区索引,input/物资需求与配送时限.xlsx::逐箱货箱清单,code/mountain_flood/core/domain.py;code/mountain_flood/problem2/search.py;code/mountain_flood/validation/replay.py,Q1-Q4,§问题二时限公式；提交表逐箱交付
S005-MED-01.w,w_b,Model.boxes[S005-MED-01].w,3,kg,input/物资需求与配送时限.xlsx::逐箱货箱清单,code/mountain_flood/core/domain.py;code/mountain_flood/problem2/search.py;code/mountain_flood/validation/replay.py,Q1-Q4,§问题二时限公式；提交表逐箱交付
S005-MED-01.v,v_b,Model.boxes[S005-MED-01].v,0.012,m³,input/物资需求与配送时限.xlsx::逐箱货箱清单,code/mountain_flood/core/domain.py;code/mountain_flood/problem2/search.py;code/mountain_flood/validation/replay.py,Q1-Q4,§问题二时限公式；提交表逐箱交付
S005-MED-01.due,d_b,Model.boxes[S005-MED-01].due,10800,s,input/物资需求与配送时限.xlsx::逐箱货箱清单,code/mountain_flood/core/domain.py;code/mountain_flood/problem2/search.py;code/mountain_flood/validation/replay.py,Q1-Q4,§问题二时限公式；提交表逐箱交付
S005-MED-01.deadline,h_b,Model.boxes[S005-MED-01].deadline,10800,s,input/物资需求与配送时限.xlsx::逐箱货箱清单,code/mountain_flood/core/domain.py;code/mountain_flood/problem2/search.py;code/mountain_flood/validation/replay.py,Q1-Q4,§问题二时限公式；提交表逐箱交付
S005-MED-01.priority,π_b,Model.boxes[S005-MED-01].priority,16,系数,input/物资需求与配送时限.xlsx::逐箱货箱清单,code/mountain_flood/core/domain.py;code/mountain_flood/problem2/search.py;code/mountain_flood/validation/replay.py,Q1-Q4,§问题二时限公式；提交表逐箱交付
S005-MED-01.first,F_b,Model.boxes[S005-MED-01].first,True,布尔,input/物资需求与配送时限.xlsx::逐箱货箱清单,code/mountain_flood/core/domain.py;code/mountain_flood/problem2/search.py;code/mountain_flood/validation/replay.py,Q1-Q4,§问题二时限公式；提交表逐箱交付
S005-MED-01.medical,M_b,Model.boxes[S005-MED-01].medical,True,布尔,input/物资需求与配送时限.xlsx::逐箱货箱清单,code/mountain_flood/core/domain.py;code/mountain_flood/problem2/search.py;code/mountain_flood/validation/replay.py,Q1-Q4,§问题二时限公式；提交表逐箱交付
S005-WAT-01.node,i_b,Model.boxes[S005-WAT-01].node,5,服务区索引,input/物资需求与配送时限.xlsx::逐箱货箱清单,code/mountain_flood/core/domain.py;code/mountain_flood/problem2/search.py;code/mountain_flood/validation/replay.py,Q1-Q4,§问题二时限公式；提交表逐箱交付
S005-WAT-01.w,w_b,Model.boxes[S005-WAT-01].w,14,kg,input/物资需求与配送时限.xlsx::逐箱货箱清单,code/mountain_flood/core/domain.py;code/mountain_flood/problem2/search.py;code/mountain_flood/validation/replay.py,Q1-Q4,§问题二时限公式；提交表逐箱交付
S005-WAT-01.v,v_b,Model.boxes[S005-WAT-01].v,0.027,m³,input/物资需求与配送时限.xlsx::逐箱货箱清单,code/mountain_flood/core/domain.py;code/mountain_flood/problem2/search.py;code/mountain_flood/validation/replay.py,Q1-Q4,§问题二时限公式；提交表逐箱交付
S005-WAT-01.due,d_b,Model.boxes[S005-WAT-01].due,10800,s,input/物资需求与配送时限.xlsx::逐箱货箱清单,code/mountain_flood/core/domain.py;code/mountain_flood/problem2/search.py;code/mountain_flood/validation/replay.py,Q1-Q4,§问题二时限公式；提交表逐箱交付
S005-WAT-01.deadline,h_b,Model.boxes[S005-WAT-01].deadline,10800,s,input/物资需求与配送时限.xlsx::逐箱货箱清单,code/mountain_flood/core/domain.py;code/mountain_flood/problem2/search.py;code/mountain_flood/validation/replay.py,Q1-Q4,§问题二时限公式；提交表逐箱交付
S005-WAT-01.priority,π_b,Model.boxes[S005-WAT-01].priority,8,系数,input/物资需求与配送时限.xlsx::逐箱货箱清单,code/mountain_flood/core/domain.py;code/mountain_flood/problem2/search.py;code/mountain_flood/validation/replay.py,Q1-Q4,§问题二时限公式；提交表逐箱交付
S005-WAT-01.first,F_b,Model.boxes[S005-WAT-01].first,True,布尔,input/物资需求与配送时限.xlsx::逐箱货箱清单,code/mountain_flood/core/domain.py;code/mountain_flood/problem2/search.py;code/mountain_flood/validation/replay.py,Q1-Q4,§问题二时限公式；提交表逐箱交付
S005-WAT-01.medical,M_b,Model.boxes[S005-WAT-01].medical,False,布尔,input/物资需求与配送时限.xlsx::逐箱货箱清单,code/mountain_flood/core/domain.py;code/mountain_flood/problem2/search.py;code/mountain_flood/validation/replay.py,Q1-Q4,§问题二时限公式；提交表逐箱交付
S005-WAT-02.node,i_b,Model.boxes[S005-WAT-02].node,5,服务区索引,input/物资需求与配送时限.xlsx::逐箱货箱清单,code/mountain_flood/core/domain.py;code/mountain_flood/problem2/search.py;code/mountain_flood/validation/replay.py,Q1-Q4,§问题二时限公式；提交表逐箱交付
S005-WAT-02.w,w_b,Model.boxes[S005-WAT-02].w,14,kg,input/物资需求与配送时限.xlsx::逐箱货箱清单,code/mountain_flood/core/domain.py;code/mountain_flood/problem2/search.py;code/mountain_flood/validation/replay.py,Q1-Q4,§问题二时限公式；提交表逐箱交付
S005-WAT-02.v,v_b,Model.boxes[S005-WAT-02].v,0.027,m³,input/物资需求与配送时限.xlsx::逐箱货箱清单,code/mountain_flood/core/domain.py;code/mountain_flood/problem2/search.py;code/mountain_flood/validation/replay.py,Q1-Q4,§问题二时限公式；提交表逐箱交付
S005-WAT-02.due,d_b,Model.boxes[S005-WAT-02].due,10800,s,input/物资需求与配送时限.xlsx::逐箱货箱清单,code/mountain_flood/core/domain.py;code/mountain_flood/problem2/search.py;code/mountain_flood/validation/replay.py,Q1-Q4,§问题二时限公式；提交表逐箱交付
S005-WAT-02.deadline,h_b,Model.boxes[S005-WAT-02].deadline,无硬截止,s,input/物资需求与配送时限.xlsx::逐箱货箱清单,code/mountain_flood/core/domain.py;code/mountain_flood/problem2/search.py;code/mountain_flood/validation/replay.py,Q1-Q4,§问题二时限公式；提交表逐箱交付
S005-WAT-02.priority,π_b,Model.boxes[S005-WAT-02].priority,8,系数,input/物资需求与配送时限.xlsx::逐箱货箱清单,code/mountain_flood/core/domain.py;code/mountain_flood/problem2/search.py;code/mountain_flood/validation/replay.py,Q1-Q4,§问题二时限公式；提交表逐箱交付
S005-WAT-02.first,F_b,Model.boxes[S005-WAT-02].first,False,布尔,input/物资需求与配送时限.xlsx::逐箱货箱清单,code/mountain_flood/core/domain.py;code/mountain_flood/problem2/search.py;code/mountain_flood/validation/replay.py,Q1-Q4,§问题二时限公式；提交表逐箱交付
S005-WAT-02.medical,M_b,Model.boxes[S005-WAT-02].medical,False,布尔,input/物资需求与配送时限.xlsx::逐箱货箱清单,code/mountain_flood/core/domain.py;code/mountain_flood/problem2/search.py;code/mountain_flood/validation/replay.py,Q1-Q4,§问题二时限公式；提交表逐箱交付
S005-WAT-03.node,i_b,Model.boxes[S005-WAT-03].node,5,服务区索引,input/物资需求与配送时限.xlsx::逐箱货箱清单,code/mountain_flood/core/domain.py;code/mountain_flood/problem2/search.py;code/mountain_flood/validation/replay.py,Q1-Q4,§问题二时限公式；提交表逐箱交付
S005-WAT-03.w,w_b,Model.boxes[S005-WAT-03].w,14,kg,input/物资需求与配送时限.xlsx::逐箱货箱清单,code/mountain_flood/core/domain.py;code/mountain_flood/problem2/search.py;code/mountain_flood/validation/replay.py,Q1-Q4,§问题二时限公式；提交表逐箱交付
S005-WAT-03.v,v_b,Model.boxes[S005-WAT-03].v,0.027,m³,input/物资需求与配送时限.xlsx::逐箱货箱清单,code/mountain_flood/core/domain.py;code/mountain_flood/problem2/search.py;code/mountain_flood/validation/replay.py,Q1-Q4,§问题二时限公式；提交表逐箱交付
S005-WAT-03.due,d_b,Model.boxes[S005-WAT-03].due,10800,s,input/物资需求与配送时限.xlsx::逐箱货箱清单,code/mountain_flood/core/domain.py;code/mountain_flood/problem2/search.py;code/mountain_flood/validation/replay.py,Q1-Q4,§问题二时限公式；提交表逐箱交付
S005-WAT-03.deadline,h_b,Model.boxes[S005-WAT-03].deadline,无硬截止,s,input/物资需求与配送时限.xlsx::逐箱货箱清单,code/mountain_flood/core/domain.py;code/mountain_flood/problem2/search.py;code/mountain_flood/validation/replay.py,Q1-Q4,§问题二时限公式；提交表逐箱交付
S005-WAT-03.priority,π_b,Model.boxes[S005-WAT-03].priority,8,系数,input/物资需求与配送时限.xlsx::逐箱货箱清单,code/mountain_flood/core/domain.py;code/mountain_flood/problem2/search.py;code/mountain_flood/validation/replay.py,Q1-Q4,§问题二时限公式；提交表逐箱交付
S005-WAT-03.first,F_b,Model.boxes[S005-WAT-03].first,False,布尔,input/物资需求与配送时限.xlsx::逐箱货箱清单,code/mountain_flood/core/domain.py;code/mountain_flood/problem2/search.py;code/mountain_flood/validation/replay.py,Q1-Q4,§问题二时限公式；提交表逐箱交付
S005-WAT-03.medical,M_b,Model.boxes[S005-WAT-03].medical,False,布尔,input/物资需求与配送时限.xlsx::逐箱货箱清单,code/mountain_flood/core/domain.py;code/mountain_flood/problem2/search.py;code/mountain_flood/validation/replay.py,Q1-Q4,§问题二时限公式；提交表逐箱交付
S005-FOD-01.node,i_b,Model.boxes[S005-FOD-01].node,5,服务区索引,input/物资需求与配送时限.xlsx::逐箱货箱清单,code/mountain_flood/core/domain.py;code/mountain_flood/problem2/search.py;code/mountain_flood/validation/replay.py,Q1-Q4,§问题二时限公式；提交表逐箱交付
S005-FOD-01.w,w_b,Model.boxes[S005-FOD-01].w,8,kg,input/物资需求与配送时限.xlsx::逐箱货箱清单,code/mountain_flood/core/domain.py;code/mountain_flood/problem2/search.py;code/mountain_flood/validation/replay.py,Q1-Q4,§问题二时限公式；提交表逐箱交付
S005-FOD-01.v,v_b,Model.boxes[S005-FOD-01].v,0.028,m³,input/物资需求与配送时限.xlsx::逐箱货箱清单,code/mountain_flood/core/domain.py;code/mountain_flood/problem2/search.py;code/mountain_flood/validation/replay.py,Q1-Q4,§问题二时限公式；提交表逐箱交付
S005-FOD-01.due,d_b,Model.boxes[S005-FOD-01].due,14400,s,input/物资需求与配送时限.xlsx::逐箱货箱清单,code/mountain_flood/core/domain.py;code/mountain_flood/problem2/search.py;code/mountain_flood/validation/replay.py,Q1-Q4,§问题二时限公式；提交表逐箱交付
S005-FOD-01.deadline,h_b,Model.boxes[S005-FOD-01].deadline,无硬截止,s,input/物资需求与配送时限.xlsx::逐箱货箱清单,code/mountain_flood/core/domain.py;code/mountain_flood/problem2/search.py;code/mountain_flood/validation/replay.py,Q1-Q4,§问题二时限公式；提交表逐箱交付
S005-FOD-01.priority,π_b,Model.boxes[S005-FOD-01].priority,6,系数,input/物资需求与配送时限.xlsx::逐箱货箱清单,code/mountain_flood/core/domain.py;code/mountain_flood/problem2/search.py;code/mountain_flood/validation/replay.py,Q1-Q4,§问题二时限公式；提交表逐箱交付
S005-FOD-01.first,F_b,Model.boxes[S005-FOD-01].first,False,布尔,input/物资需求与配送时限.xlsx::逐箱货箱清单,code/mountain_flood/core/domain.py;code/mountain_flood/problem2/search.py;code/mountain_flood/validation/replay.py,Q1-Q4,§问题二时限公式；提交表逐箱交付
S005-FOD-01.medical,M_b,Model.boxes[S005-FOD-01].medical,False,布尔,input/物资需求与配送时限.xlsx::逐箱货箱清单,code/mountain_flood/core/domain.py;code/mountain_flood/problem2/search.py;code/mountain_flood/validation/replay.py,Q1-Q4,§问题二时限公式；提交表逐箱交付
S005-HYG-01.node,i_b,Model.boxes[S005-HYG-01].node,5,服务区索引,input/物资需求与配送时限.xlsx::逐箱货箱清单,code/mountain_flood/core/domain.py;code/mountain_flood/problem2/search.py;code/mountain_flood/validation/replay.py,Q1-Q4,§问题二时限公式；提交表逐箱交付
S005-HYG-01.w,w_b,Model.boxes[S005-HYG-01].w,6,kg,input/物资需求与配送时限.xlsx::逐箱货箱清单,code/mountain_flood/core/domain.py;code/mountain_flood/problem2/search.py;code/mountain_flood/validation/replay.py,Q1-Q4,§问题二时限公式；提交表逐箱交付
S005-HYG-01.v,v_b,Model.boxes[S005-HYG-01].v,0.035,m³,input/物资需求与配送时限.xlsx::逐箱货箱清单,code/mountain_flood/core/domain.py;code/mountain_flood/problem2/search.py;code/mountain_flood/validation/replay.py,Q1-Q4,§问题二时限公式；提交表逐箱交付
S005-HYG-01.due,d_b,Model.boxes[S005-HYG-01].due,18000,s,input/物资需求与配送时限.xlsx::逐箱货箱清单,code/mountain_flood/core/domain.py;code/mountain_flood/problem2/search.py;code/mountain_flood/validation/replay.py,Q1-Q4,§问题二时限公式；提交表逐箱交付
S005-HYG-01.deadline,h_b,Model.boxes[S005-HYG-01].deadline,无硬截止,s,input/物资需求与配送时限.xlsx::逐箱货箱清单,code/mountain_flood/core/domain.py;code/mountain_flood/problem2/search.py;code/mountain_flood/validation/replay.py,Q1-Q4,§问题二时限公式；提交表逐箱交付
S005-HYG-01.priority,π_b,Model.boxes[S005-HYG-01].priority,4,系数,input/物资需求与配送时限.xlsx::逐箱货箱清单,code/mountain_flood/core/domain.py;code/mountain_flood/problem2/search.py;code/mountain_flood/validation/replay.py,Q1-Q4,§问题二时限公式；提交表逐箱交付
S005-HYG-01.first,F_b,Model.boxes[S005-HYG-01].first,False,布尔,input/物资需求与配送时限.xlsx::逐箱货箱清单,code/mountain_flood/core/domain.py;code/mountain_flood/problem2/search.py;code/mountain_flood/validation/replay.py,Q1-Q4,§问题二时限公式；提交表逐箱交付
S005-HYG-01.medical,M_b,Model.boxes[S005-HYG-01].medical,False,布尔,input/物资需求与配送时限.xlsx::逐箱货箱清单,code/mountain_flood/core/domain.py;code/mountain_flood/problem2/search.py;code/mountain_flood/validation/replay.py,Q1-Q4,§问题二时限公式；提交表逐箱交付
S006-MED-01.node,i_b,Model.boxes[S006-MED-01].node,6,服务区索引,input/物资需求与配送时限.xlsx::逐箱货箱清单,code/mountain_flood/core/domain.py;code/mountain_flood/problem2/search.py;code/mountain_flood/validation/replay.py,Q1-Q4,§问题二时限公式；提交表逐箱交付
S006-MED-01.w,w_b,Model.boxes[S006-MED-01].w,3,kg,input/物资需求与配送时限.xlsx::逐箱货箱清单,code/mountain_flood/core/domain.py;code/mountain_flood/problem2/search.py;code/mountain_flood/validation/replay.py,Q1-Q4,§问题二时限公式；提交表逐箱交付
S006-MED-01.v,v_b,Model.boxes[S006-MED-01].v,0.012,m³,input/物资需求与配送时限.xlsx::逐箱货箱清单,code/mountain_flood/core/domain.py;code/mountain_flood/problem2/search.py;code/mountain_flood/validation/replay.py,Q1-Q4,§问题二时限公式；提交表逐箱交付
S006-MED-01.due,d_b,Model.boxes[S006-MED-01].due,3600,s,input/物资需求与配送时限.xlsx::逐箱货箱清单,code/mountain_flood/core/domain.py;code/mountain_flood/problem2/search.py;code/mountain_flood/validation/replay.py,Q1-Q4,§问题二时限公式；提交表逐箱交付
S006-MED-01.deadline,h_b,Model.boxes[S006-MED-01].deadline,3600,s,input/物资需求与配送时限.xlsx::逐箱货箱清单,code/mountain_flood/core/domain.py;code/mountain_flood/problem2/search.py;code/mountain_flood/validation/replay.py,Q1-Q4,§问题二时限公式；提交表逐箱交付
S006-MED-01.priority,π_b,Model.boxes[S006-MED-01].priority,24,系数,input/物资需求与配送时限.xlsx::逐箱货箱清单,code/mountain_flood/core/domain.py;code/mountain_flood/problem2/search.py;code/mountain_flood/validation/replay.py,Q1-Q4,§问题二时限公式；提交表逐箱交付
S006-MED-01.first,F_b,Model.boxes[S006-MED-01].first,True,布尔,input/物资需求与配送时限.xlsx::逐箱货箱清单,code/mountain_flood/core/domain.py;code/mountain_flood/problem2/search.py;code/mountain_flood/validation/replay.py,Q1-Q4,§问题二时限公式；提交表逐箱交付
S006-MED-01.medical,M_b,Model.boxes[S006-MED-01].medical,True,布尔,input/物资需求与配送时限.xlsx::逐箱货箱清单,code/mountain_flood/core/domain.py;code/mountain_flood/problem2/search.py;code/mountain_flood/validation/replay.py,Q1-Q4,§问题二时限公式；提交表逐箱交付
S006-WAT-01.node,i_b,Model.boxes[S006-WAT-01].node,6,服务区索引,input/物资需求与配送时限.xlsx::逐箱货箱清单,code/mountain_flood/core/domain.py;code/mountain_flood/problem2/search.py;code/mountain_flood/validation/replay.py,Q1-Q4,§问题二时限公式；提交表逐箱交付
S006-WAT-01.w,w_b,Model.boxes[S006-WAT-01].w,14,kg,input/物资需求与配送时限.xlsx::逐箱货箱清单,code/mountain_flood/core/domain.py;code/mountain_flood/problem2/search.py;code/mountain_flood/validation/replay.py,Q1-Q4,§问题二时限公式；提交表逐箱交付
S006-WAT-01.v,v_b,Model.boxes[S006-WAT-01].v,0.027,m³,input/物资需求与配送时限.xlsx::逐箱货箱清单,code/mountain_flood/core/domain.py;code/mountain_flood/problem2/search.py;code/mountain_flood/validation/replay.py,Q1-Q4,§问题二时限公式；提交表逐箱交付
S006-WAT-01.due,d_b,Model.boxes[S006-WAT-01].due,3600,s,input/物资需求与配送时限.xlsx::逐箱货箱清单,code/mountain_flood/core/domain.py;code/mountain_flood/problem2/search.py;code/mountain_flood/validation/replay.py,Q1-Q4,§问题二时限公式；提交表逐箱交付
S006-WAT-01.deadline,h_b,Model.boxes[S006-WAT-01].deadline,3600,s,input/物资需求与配送时限.xlsx::逐箱货箱清单,code/mountain_flood/core/domain.py;code/mountain_flood/problem2/search.py;code/mountain_flood/validation/replay.py,Q1-Q4,§问题二时限公式；提交表逐箱交付
S006-WAT-01.priority,π_b,Model.boxes[S006-WAT-01].priority,12,系数,input/物资需求与配送时限.xlsx::逐箱货箱清单,code/mountain_flood/core/domain.py;code/mountain_flood/problem2/search.py;code/mountain_flood/validation/replay.py,Q1-Q4,§问题二时限公式；提交表逐箱交付
S006-WAT-01.first,F_b,Model.boxes[S006-WAT-01].first,True,布尔,input/物资需求与配送时限.xlsx::逐箱货箱清单,code/mountain_flood/core/domain.py;code/mountain_flood/problem2/search.py;code/mountain_flood/validation/replay.py,Q1-Q4,§问题二时限公式；提交表逐箱交付
S006-WAT-01.medical,M_b,Model.boxes[S006-WAT-01].medical,False,布尔,input/物资需求与配送时限.xlsx::逐箱货箱清单,code/mountain_flood/core/domain.py;code/mountain_flood/problem2/search.py;code/mountain_flood/validation/replay.py,Q1-Q4,§问题二时限公式；提交表逐箱交付
S006-WAT-02.node,i_b,Model.boxes[S006-WAT-02].node,6,服务区索引,input/物资需求与配送时限.xlsx::逐箱货箱清单,code/mountain_flood/core/domain.py;code/mountain_flood/problem2/search.py;code/mountain_flood/validation/replay.py,Q1-Q4,§问题二时限公式；提交表逐箱交付
S006-WAT-02.w,w_b,Model.boxes[S006-WAT-02].w,14,kg,input/物资需求与配送时限.xlsx::逐箱货箱清单,code/mountain_flood/core/domain.py;code/mountain_flood/problem2/search.py;code/mountain_flood/validation/replay.py,Q1-Q4,§问题二时限公式；提交表逐箱交付
S006-WAT-02.v,v_b,Model.boxes[S006-WAT-02].v,0.027,m³,input/物资需求与配送时限.xlsx::逐箱货箱清单,code/mountain_flood/core/domain.py;code/mountain_flood/problem2/search.py;code/mountain_flood/validation/replay.py,Q1-Q4,§问题二时限公式；提交表逐箱交付
S006-WAT-02.due,d_b,Model.boxes[S006-WAT-02].due,3600,s,input/物资需求与配送时限.xlsx::逐箱货箱清单,code/mountain_flood/core/domain.py;code/mountain_flood/problem2/search.py;code/mountain_flood/validation/replay.py,Q1-Q4,§问题二时限公式；提交表逐箱交付
S006-WAT-02.deadline,h_b,Model.boxes[S006-WAT-02].deadline,无硬截止,s,input/物资需求与配送时限.xlsx::逐箱货箱清单,code/mountain_flood/core/domain.py;code/mountain_flood/problem2/search.py;code/mountain_flood/validation/replay.py,Q1-Q4,§问题二时限公式；提交表逐箱交付
S006-WAT-02.priority,π_b,Model.boxes[S006-WAT-02].priority,12,系数,input/物资需求与配送时限.xlsx::逐箱货箱清单,code/mountain_flood/core/domain.py;code/mountain_flood/problem2/search.py;code/mountain_flood/validation/replay.py,Q1-Q4,§问题二时限公式；提交表逐箱交付
S006-WAT-02.first,F_b,Model.boxes[S006-WAT-02].first,False,布尔,input/物资需求与配送时限.xlsx::逐箱货箱清单,code/mountain_flood/core/domain.py;code/mountain_flood/problem2/search.py;code/mountain_flood/validation/replay.py,Q1-Q4,§问题二时限公式；提交表逐箱交付
S006-WAT-02.medical,M_b,Model.boxes[S006-WAT-02].medical,False,布尔,input/物资需求与配送时限.xlsx::逐箱货箱清单,code/mountain_flood/core/domain.py;code/mountain_flood/problem2/search.py;code/mountain_flood/validation/replay.py,Q1-Q4,§问题二时限公式；提交表逐箱交付
S006-WAT-03.node,i_b,Model.boxes[S006-WAT-03].node,6,服务区索引,input/物资需求与配送时限.xlsx::逐箱货箱清单,code/mountain_flood/core/domain.py;code/mountain_flood/problem2/search.py;code/mountain_flood/validation/replay.py,Q1-Q4,§问题二时限公式；提交表逐箱交付
S006-WAT-03.w,w_b,Model.boxes[S006-WAT-03].w,14,kg,input/物资需求与配送时限.xlsx::逐箱货箱清单,code/mountain_flood/core/domain.py;code/mountain_flood/problem2/search.py;code/mountain_flood/validation/replay.py,Q1-Q4,§问题二时限公式；提交表逐箱交付
S006-WAT-03.v,v_b,Model.boxes[S006-WAT-03].v,0.027,m³,input/物资需求与配送时限.xlsx::逐箱货箱清单,code/mountain_flood/core/domain.py;code/mountain_flood/problem2/search.py;code/mountain_flood/validation/replay.py,Q1-Q4,§问题二时限公式；提交表逐箱交付
S006-WAT-03.due,d_b,Model.boxes[S006-WAT-03].due,3600,s,input/物资需求与配送时限.xlsx::逐箱货箱清单,code/mountain_flood/core/domain.py;code/mountain_flood/problem2/search.py;code/mountain_flood/validation/replay.py,Q1-Q4,§问题二时限公式；提交表逐箱交付
S006-WAT-03.deadline,h_b,Model.boxes[S006-WAT-03].deadline,无硬截止,s,input/物资需求与配送时限.xlsx::逐箱货箱清单,code/mountain_flood/core/domain.py;code/mountain_flood/problem2/search.py;code/mountain_flood/validation/replay.py,Q1-Q4,§问题二时限公式；提交表逐箱交付
S006-WAT-03.priority,π_b,Model.boxes[S006-WAT-03].priority,12,系数,input/物资需求与配送时限.xlsx::逐箱货箱清单,code/mountain_flood/core/domain.py;code/mountain_flood/problem2/search.py;code/mountain_flood/validation/replay.py,Q1-Q4,§问题二时限公式；提交表逐箱交付
S006-WAT-03.first,F_b,Model.boxes[S006-WAT-03].first,False,布尔,input/物资需求与配送时限.xlsx::逐箱货箱清单,code/mountain_flood/core/domain.py;code/mountain_flood/problem2/search.py;code/mountain_flood/validation/replay.py,Q1-Q4,§问题二时限公式；提交表逐箱交付
S006-WAT-03.medical,M_b,Model.boxes[S006-WAT-03].medical,False,布尔,input/物资需求与配送时限.xlsx::逐箱货箱清单,code/mountain_flood/core/domain.py;code/mountain_flood/problem2/search.py;code/mountain_flood/validation/replay.py,Q1-Q4,§问题二时限公式；提交表逐箱交付
S006-FOD-01.node,i_b,Model.boxes[S006-FOD-01].node,6,服务区索引,input/物资需求与配送时限.xlsx::逐箱货箱清单,code/mountain_flood/core/domain.py;code/mountain_flood/problem2/search.py;code/mountain_flood/validation/replay.py,Q1-Q4,§问题二时限公式；提交表逐箱交付
S006-FOD-01.w,w_b,Model.boxes[S006-FOD-01].w,8,kg,input/物资需求与配送时限.xlsx::逐箱货箱清单,code/mountain_flood/core/domain.py;code/mountain_flood/problem2/search.py;code/mountain_flood/validation/replay.py,Q1-Q4,§问题二时限公式；提交表逐箱交付
S006-FOD-01.v,v_b,Model.boxes[S006-FOD-01].v,0.028,m³,input/物资需求与配送时限.xlsx::逐箱货箱清单,code/mountain_flood/core/domain.py;code/mountain_flood/problem2/search.py;code/mountain_flood/validation/replay.py,Q1-Q4,§问题二时限公式；提交表逐箱交付
S006-FOD-01.due,d_b,Model.boxes[S006-FOD-01].due,7200,s,input/物资需求与配送时限.xlsx::逐箱货箱清单,code/mountain_flood/core/domain.py;code/mountain_flood/problem2/search.py;code/mountain_flood/validation/replay.py,Q1-Q4,§问题二时限公式；提交表逐箱交付
S006-FOD-01.deadline,h_b,Model.boxes[S006-FOD-01].deadline,无硬截止,s,input/物资需求与配送时限.xlsx::逐箱货箱清单,code/mountain_flood/core/domain.py;code/mountain_flood/problem2/search.py;code/mountain_flood/validation/replay.py,Q1-Q4,§问题二时限公式；提交表逐箱交付
S006-FOD-01.priority,π_b,Model.boxes[S006-FOD-01].priority,10,系数,input/物资需求与配送时限.xlsx::逐箱货箱清单,code/mountain_flood/core/domain.py;code/mountain_flood/problem2/search.py;code/mountain_flood/validation/replay.py,Q1-Q4,§问题二时限公式；提交表逐箱交付
S006-FOD-01.first,F_b,Model.boxes[S006-FOD-01].first,False,布尔,input/物资需求与配送时限.xlsx::逐箱货箱清单,code/mountain_flood/core/domain.py;code/mountain_flood/problem2/search.py;code/mountain_flood/validation/replay.py,Q1-Q4,§问题二时限公式；提交表逐箱交付
S006-FOD-01.medical,M_b,Model.boxes[S006-FOD-01].medical,False,布尔,input/物资需求与配送时限.xlsx::逐箱货箱清单,code/mountain_flood/core/domain.py;code/mountain_flood/problem2/search.py;code/mountain_flood/validation/replay.py,Q1-Q4,§问题二时限公式；提交表逐箱交付
S006-HYG-01.node,i_b,Model.boxes[S006-HYG-01].node,6,服务区索引,input/物资需求与配送时限.xlsx::逐箱货箱清单,code/mountain_flood/core/domain.py;code/mountain_flood/problem2/search.py;code/mountain_flood/validation/replay.py,Q1-Q4,§问题二时限公式；提交表逐箱交付
S006-HYG-01.w,w_b,Model.boxes[S006-HYG-01].w,6,kg,input/物资需求与配送时限.xlsx::逐箱货箱清单,code/mountain_flood/core/domain.py;code/mountain_flood/problem2/search.py;code/mountain_flood/validation/replay.py,Q1-Q4,§问题二时限公式；提交表逐箱交付
S006-HYG-01.v,v_b,Model.boxes[S006-HYG-01].v,0.035,m³,input/物资需求与配送时限.xlsx::逐箱货箱清单,code/mountain_flood/core/domain.py;code/mountain_flood/problem2/search.py;code/mountain_flood/validation/replay.py,Q1-Q4,§问题二时限公式；提交表逐箱交付
S006-HYG-01.due,d_b,Model.boxes[S006-HYG-01].due,10800,s,input/物资需求与配送时限.xlsx::逐箱货箱清单,code/mountain_flood/core/domain.py;code/mountain_flood/problem2/search.py;code/mountain_flood/validation/replay.py,Q1-Q4,§问题二时限公式；提交表逐箱交付
S006-HYG-01.deadline,h_b,Model.boxes[S006-HYG-01].deadline,无硬截止,s,input/物资需求与配送时限.xlsx::逐箱货箱清单,code/mountain_flood/core/domain.py;code/mountain_flood/problem2/search.py;code/mountain_flood/validation/replay.py,Q1-Q4,§问题二时限公式；提交表逐箱交付
S006-HYG-01.priority,π_b,Model.boxes[S006-HYG-01].priority,8,系数,input/物资需求与配送时限.xlsx::逐箱货箱清单,code/mountain_flood/core/domain.py;code/mountain_flood/problem2/search.py;code/mountain_flood/validation/replay.py,Q1-Q4,§问题二时限公式；提交表逐箱交付
S006-HYG-01.first,F_b,Model.boxes[S006-HYG-01].first,False,布尔,input/物资需求与配送时限.xlsx::逐箱货箱清单,code/mountain_flood/core/domain.py;code/mountain_flood/problem2/search.py;code/mountain_flood/validation/replay.py,Q1-Q4,§问题二时限公式；提交表逐箱交付
S006-HYG-01.medical,M_b,Model.boxes[S006-HYG-01].medical,False,布尔,input/物资需求与配送时限.xlsx::逐箱货箱清单,code/mountain_flood/core/domain.py;code/mountain_flood/problem2/search.py;code/mountain_flood/validation/replay.py,Q1-Q4,§问题二时限公式；提交表逐箱交付
S007-MED-01.node,i_b,Model.boxes[S007-MED-01].node,7,服务区索引,input/物资需求与配送时限.xlsx::逐箱货箱清单,code/mountain_flood/core/domain.py;code/mountain_flood/problem2/search.py;code/mountain_flood/validation/replay.py,Q1-Q4,§问题二时限公式；提交表逐箱交付
S007-MED-01.w,w_b,Model.boxes[S007-MED-01].w,3,kg,input/物资需求与配送时限.xlsx::逐箱货箱清单,code/mountain_flood/core/domain.py;code/mountain_flood/problem2/search.py;code/mountain_flood/validation/replay.py,Q1-Q4,§问题二时限公式；提交表逐箱交付
S007-MED-01.v,v_b,Model.boxes[S007-MED-01].v,0.012,m³,input/物资需求与配送时限.xlsx::逐箱货箱清单,code/mountain_flood/core/domain.py;code/mountain_flood/problem2/search.py;code/mountain_flood/validation/replay.py,Q1-Q4,§问题二时限公式；提交表逐箱交付
S007-MED-01.due,d_b,Model.boxes[S007-MED-01].due,3600,s,input/物资需求与配送时限.xlsx::逐箱货箱清单,code/mountain_flood/core/domain.py;code/mountain_flood/problem2/search.py;code/mountain_flood/validation/replay.py,Q1-Q4,§问题二时限公式；提交表逐箱交付
S007-MED-01.deadline,h_b,Model.boxes[S007-MED-01].deadline,3600,s,input/物资需求与配送时限.xlsx::逐箱货箱清单,code/mountain_flood/core/domain.py;code/mountain_flood/problem2/search.py;code/mountain_flood/validation/replay.py,Q1-Q4,§问题二时限公式；提交表逐箱交付
S007-MED-01.priority,π_b,Model.boxes[S007-MED-01].priority,24,系数,input/物资需求与配送时限.xlsx::逐箱货箱清单,code/mountain_flood/core/domain.py;code/mountain_flood/problem2/search.py;code/mountain_flood/validation/replay.py,Q1-Q4,§问题二时限公式；提交表逐箱交付
S007-MED-01.first,F_b,Model.boxes[S007-MED-01].first,True,布尔,input/物资需求与配送时限.xlsx::逐箱货箱清单,code/mountain_flood/core/domain.py;code/mountain_flood/problem2/search.py;code/mountain_flood/validation/replay.py,Q1-Q4,§问题二时限公式；提交表逐箱交付
S007-MED-01.medical,M_b,Model.boxes[S007-MED-01].medical,True,布尔,input/物资需求与配送时限.xlsx::逐箱货箱清单,code/mountain_flood/core/domain.py;code/mountain_flood/problem2/search.py;code/mountain_flood/validation/replay.py,Q1-Q4,§问题二时限公式；提交表逐箱交付
S007-WAT-01.node,i_b,Model.boxes[S007-WAT-01].node,7,服务区索引,input/物资需求与配送时限.xlsx::逐箱货箱清单,code/mountain_flood/core/domain.py;code/mountain_flood/problem2/search.py;code/mountain_flood/validation/replay.py,Q1-Q4,§问题二时限公式；提交表逐箱交付
S007-WAT-01.w,w_b,Model.boxes[S007-WAT-01].w,14,kg,input/物资需求与配送时限.xlsx::逐箱货箱清单,code/mountain_flood/core/domain.py;code/mountain_flood/problem2/search.py;code/mountain_flood/validation/replay.py,Q1-Q4,§问题二时限公式；提交表逐箱交付
S007-WAT-01.v,v_b,Model.boxes[S007-WAT-01].v,0.027,m³,input/物资需求与配送时限.xlsx::逐箱货箱清单,code/mountain_flood/core/domain.py;code/mountain_flood/problem2/search.py;code/mountain_flood/validation/replay.py,Q1-Q4,§问题二时限公式；提交表逐箱交付
S007-WAT-01.due,d_b,Model.boxes[S007-WAT-01].due,3600,s,input/物资需求与配送时限.xlsx::逐箱货箱清单,code/mountain_flood/core/domain.py;code/mountain_flood/problem2/search.py;code/mountain_flood/validation/replay.py,Q1-Q4,§问题二时限公式；提交表逐箱交付
S007-WAT-01.deadline,h_b,Model.boxes[S007-WAT-01].deadline,3600,s,input/物资需求与配送时限.xlsx::逐箱货箱清单,code/mountain_flood/core/domain.py;code/mountain_flood/problem2/search.py;code/mountain_flood/validation/replay.py,Q1-Q4,§问题二时限公式；提交表逐箱交付
S007-WAT-01.priority,π_b,Model.boxes[S007-WAT-01].priority,12,系数,input/物资需求与配送时限.xlsx::逐箱货箱清单,code/mountain_flood/core/domain.py;code/mountain_flood/problem2/search.py;code/mountain_flood/validation/replay.py,Q1-Q4,§问题二时限公式；提交表逐箱交付
S007-WAT-01.first,F_b,Model.boxes[S007-WAT-01].first,True,布尔,input/物资需求与配送时限.xlsx::逐箱货箱清单,code/mountain_flood/core/domain.py;code/mountain_flood/problem2/search.py;code/mountain_flood/validation/replay.py,Q1-Q4,§问题二时限公式；提交表逐箱交付
S007-WAT-01.medical,M_b,Model.boxes[S007-WAT-01].medical,False,布尔,input/物资需求与配送时限.xlsx::逐箱货箱清单,code/mountain_flood/core/domain.py;code/mountain_flood/problem2/search.py;code/mountain_flood/validation/replay.py,Q1-Q4,§问题二时限公式；提交表逐箱交付
S007-WAT-02.node,i_b,Model.boxes[S007-WAT-02].node,7,服务区索引,input/物资需求与配送时限.xlsx::逐箱货箱清单,code/mountain_flood/core/domain.py;code/mountain_flood/problem2/search.py;code/mountain_flood/validation/replay.py,Q1-Q4,§问题二时限公式；提交表逐箱交付
S007-WAT-02.w,w_b,Model.boxes[S007-WAT-02].w,14,kg,input/物资需求与配送时限.xlsx::逐箱货箱清单,code/mountain_flood/core/domain.py;code/mountain_flood/problem2/search.py;code/mountain_flood/validation/replay.py,Q1-Q4,§问题二时限公式；提交表逐箱交付
S007-WAT-02.v,v_b,Model.boxes[S007-WAT-02].v,0.027,m³,input/物资需求与配送时限.xlsx::逐箱货箱清单,code/mountain_flood/core/domain.py;code/mountain_flood/problem2/search.py;code/mountain_flood/validation/replay.py,Q1-Q4,§问题二时限公式；提交表逐箱交付
S007-WAT-02.due,d_b,Model.boxes[S007-WAT-02].due,3600,s,input/物资需求与配送时限.xlsx::逐箱货箱清单,code/mountain_flood/core/domain.py;code/mountain_flood/problem2/search.py;code/mountain_flood/validation/replay.py,Q1-Q4,§问题二时限公式；提交表逐箱交付
S007-WAT-02.deadline,h_b,Model.boxes[S007-WAT-02].deadline,无硬截止,s,input/物资需求与配送时限.xlsx::逐箱货箱清单,code/mountain_flood/core/domain.py;code/mountain_flood/problem2/search.py;code/mountain_flood/validation/replay.py,Q1-Q4,§问题二时限公式；提交表逐箱交付
S007-WAT-02.priority,π_b,Model.boxes[S007-WAT-02].priority,12,系数,input/物资需求与配送时限.xlsx::逐箱货箱清单,code/mountain_flood/core/domain.py;code/mountain_flood/problem2/search.py;code/mountain_flood/validation/replay.py,Q1-Q4,§问题二时限公式；提交表逐箱交付
S007-WAT-02.first,F_b,Model.boxes[S007-WAT-02].first,False,布尔,input/物资需求与配送时限.xlsx::逐箱货箱清单,code/mountain_flood/core/domain.py;code/mountain_flood/problem2/search.py;code/mountain_flood/validation/replay.py,Q1-Q4,§问题二时限公式；提交表逐箱交付
S007-WAT-02.medical,M_b,Model.boxes[S007-WAT-02].medical,False,布尔,input/物资需求与配送时限.xlsx::逐箱货箱清单,code/mountain_flood/core/domain.py;code/mountain_flood/problem2/search.py;code/mountain_flood/validation/replay.py,Q1-Q4,§问题二时限公式；提交表逐箱交付
S007-FOD-01.node,i_b,Model.boxes[S007-FOD-01].node,7,服务区索引,input/物资需求与配送时限.xlsx::逐箱货箱清单,code/mountain_flood/core/domain.py;code/mountain_flood/problem2/search.py;code/mountain_flood/validation/replay.py,Q1-Q4,§问题二时限公式；提交表逐箱交付
S007-FOD-01.w,w_b,Model.boxes[S007-FOD-01].w,8,kg,input/物资需求与配送时限.xlsx::逐箱货箱清单,code/mountain_flood/core/domain.py;code/mountain_flood/problem2/search.py;code/mountain_flood/validation/replay.py,Q1-Q4,§问题二时限公式；提交表逐箱交付
S007-FOD-01.v,v_b,Model.boxes[S007-FOD-01].v,0.028,m³,input/物资需求与配送时限.xlsx::逐箱货箱清单,code/mountain_flood/core/domain.py;code/mountain_flood/problem2/search.py;code/mountain_flood/validation/replay.py,Q1-Q4,§问题二时限公式；提交表逐箱交付
S007-FOD-01.due,d_b,Model.boxes[S007-FOD-01].due,7200,s,input/物资需求与配送时限.xlsx::逐箱货箱清单,code/mountain_flood/core/domain.py;code/mountain_flood/problem2/search.py;code/mountain_flood/validation/replay.py,Q1-Q4,§问题二时限公式；提交表逐箱交付
S007-FOD-01.deadline,h_b,Model.boxes[S007-FOD-01].deadline,无硬截止,s,input/物资需求与配送时限.xlsx::逐箱货箱清单,code/mountain_flood/core/domain.py;code/mountain_flood/problem2/search.py;code/mountain_flood/validation/replay.py,Q1-Q4,§问题二时限公式；提交表逐箱交付
S007-FOD-01.priority,π_b,Model.boxes[S007-FOD-01].priority,10,系数,input/物资需求与配送时限.xlsx::逐箱货箱清单,code/mountain_flood/core/domain.py;code/mountain_flood/problem2/search.py;code/mountain_flood/validation/replay.py,Q1-Q4,§问题二时限公式；提交表逐箱交付
S007-FOD-01.first,F_b,Model.boxes[S007-FOD-01].first,False,布尔,input/物资需求与配送时限.xlsx::逐箱货箱清单,code/mountain_flood/core/domain.py;code/mountain_flood/problem2/search.py;code/mountain_flood/validation/replay.py,Q1-Q4,§问题二时限公式；提交表逐箱交付
S007-FOD-01.medical,M_b,Model.boxes[S007-FOD-01].medical,False,布尔,input/物资需求与配送时限.xlsx::逐箱货箱清单,code/mountain_flood/core/domain.py;code/mountain_flood/problem2/search.py;code/mountain_flood/validation/replay.py,Q1-Q4,§问题二时限公式；提交表逐箱交付
S007-HYG-01.node,i_b,Model.boxes[S007-HYG-01].node,7,服务区索引,input/物资需求与配送时限.xlsx::逐箱货箱清单,code/mountain_flood/core/domain.py;code/mountain_flood/problem2/search.py;code/mountain_flood/validation/replay.py,Q1-Q4,§问题二时限公式；提交表逐箱交付
S007-HYG-01.w,w_b,Model.boxes[S007-HYG-01].w,6,kg,input/物资需求与配送时限.xlsx::逐箱货箱清单,code/mountain_flood/core/domain.py;code/mountain_flood/problem2/search.py;code/mountain_flood/validation/replay.py,Q1-Q4,§问题二时限公式；提交表逐箱交付
S007-HYG-01.v,v_b,Model.boxes[S007-HYG-01].v,0.035,m³,input/物资需求与配送时限.xlsx::逐箱货箱清单,code/mountain_flood/core/domain.py;code/mountain_flood/problem2/search.py;code/mountain_flood/validation/replay.py,Q1-Q4,§问题二时限公式；提交表逐箱交付
S007-HYG-01.due,d_b,Model.boxes[S007-HYG-01].due,10800,s,input/物资需求与配送时限.xlsx::逐箱货箱清单,code/mountain_flood/core/domain.py;code/mountain_flood/problem2/search.py;code/mountain_flood/validation/replay.py,Q1-Q4,§问题二时限公式；提交表逐箱交付
S007-HYG-01.deadline,h_b,Model.boxes[S007-HYG-01].deadline,无硬截止,s,input/物资需求与配送时限.xlsx::逐箱货箱清单,code/mountain_flood/core/domain.py;code/mountain_flood/problem2/search.py;code/mountain_flood/validation/replay.py,Q1-Q4,§问题二时限公式；提交表逐箱交付
S007-HYG-01.priority,π_b,Model.boxes[S007-HYG-01].priority,8,系数,input/物资需求与配送时限.xlsx::逐箱货箱清单,code/mountain_flood/core/domain.py;code/mountain_flood/problem2/search.py;code/mountain_flood/validation/replay.py,Q1-Q4,§问题二时限公式；提交表逐箱交付
S007-HYG-01.first,F_b,Model.boxes[S007-HYG-01].first,False,布尔,input/物资需求与配送时限.xlsx::逐箱货箱清单,code/mountain_flood/core/domain.py;code/mountain_flood/problem2/search.py;code/mountain_flood/validation/replay.py,Q1-Q4,§问题二时限公式；提交表逐箱交付
S007-HYG-01.medical,M_b,Model.boxes[S007-HYG-01].medical,False,布尔,input/物资需求与配送时限.xlsx::逐箱货箱清单,code/mountain_flood/core/domain.py;code/mountain_flood/problem2/search.py;code/mountain_flood/validation/replay.py,Q1-Q4,§问题二时限公式；提交表逐箱交付
S008-MED-01.node,i_b,Model.boxes[S008-MED-01].node,8,服务区索引,input/物资需求与配送时限.xlsx::逐箱货箱清单,code/mountain_flood/core/domain.py;code/mountain_flood/problem2/search.py;code/mountain_flood/validation/replay.py,Q1-Q4,§问题二时限公式；提交表逐箱交付
S008-MED-01.w,w_b,Model.boxes[S008-MED-01].w,3,kg,input/物资需求与配送时限.xlsx::逐箱货箱清单,code/mountain_flood/core/domain.py;code/mountain_flood/problem2/search.py;code/mountain_flood/validation/replay.py,Q1-Q4,§问题二时限公式；提交表逐箱交付
S008-MED-01.v,v_b,Model.boxes[S008-MED-01].v,0.012,m³,input/物资需求与配送时限.xlsx::逐箱货箱清单,code/mountain_flood/core/domain.py;code/mountain_flood/problem2/search.py;code/mountain_flood/validation/replay.py,Q1-Q4,§问题二时限公式；提交表逐箱交付
S008-MED-01.due,d_b,Model.boxes[S008-MED-01].due,7200,s,input/物资需求与配送时限.xlsx::逐箱货箱清单,code/mountain_flood/core/domain.py;code/mountain_flood/problem2/search.py;code/mountain_flood/validation/replay.py,Q1-Q4,§问题二时限公式；提交表逐箱交付
S008-MED-01.deadline,h_b,Model.boxes[S008-MED-01].deadline,7200,s,input/物资需求与配送时限.xlsx::逐箱货箱清单,code/mountain_flood/core/domain.py;code/mountain_flood/problem2/search.py;code/mountain_flood/validation/replay.py,Q1-Q4,§问题二时限公式；提交表逐箱交付
S008-MED-01.priority,π_b,Model.boxes[S008-MED-01].priority,20,系数,input/物资需求与配送时限.xlsx::逐箱货箱清单,code/mountain_flood/core/domain.py;code/mountain_flood/problem2/search.py;code/mountain_flood/validation/replay.py,Q1-Q4,§问题二时限公式；提交表逐箱交付
S008-MED-01.first,F_b,Model.boxes[S008-MED-01].first,True,布尔,input/物资需求与配送时限.xlsx::逐箱货箱清单,code/mountain_flood/core/domain.py;code/mountain_flood/problem2/search.py;code/mountain_flood/validation/replay.py,Q1-Q4,§问题二时限公式；提交表逐箱交付
S008-MED-01.medical,M_b,Model.boxes[S008-MED-01].medical,True,布尔,input/物资需求与配送时限.xlsx::逐箱货箱清单,code/mountain_flood/core/domain.py;code/mountain_flood/problem2/search.py;code/mountain_flood/validation/replay.py,Q1-Q4,§问题二时限公式；提交表逐箱交付
S008-WAT-01.node,i_b,Model.boxes[S008-WAT-01].node,8,服务区索引,input/物资需求与配送时限.xlsx::逐箱货箱清单,code/mountain_flood/core/domain.py;code/mountain_flood/problem2/search.py;code/mountain_flood/validation/replay.py,Q1-Q4,§问题二时限公式；提交表逐箱交付
S008-WAT-01.w,w_b,Model.boxes[S008-WAT-01].w,14,kg,input/物资需求与配送时限.xlsx::逐箱货箱清单,code/mountain_flood/core/domain.py;code/mountain_flood/problem2/search.py;code/mountain_flood/validation/replay.py,Q1-Q4,§问题二时限公式；提交表逐箱交付
S008-WAT-01.v,v_b,Model.boxes[S008-WAT-01].v,0.027,m³,input/物资需求与配送时限.xlsx::逐箱货箱清单,code/mountain_flood/core/domain.py;code/mountain_flood/problem2/search.py;code/mountain_flood/validation/replay.py,Q1-Q4,§问题二时限公式；提交表逐箱交付
S008-WAT-01.due,d_b,Model.boxes[S008-WAT-01].due,7200,s,input/物资需求与配送时限.xlsx::逐箱货箱清单,code/mountain_flood/core/domain.py;code/mountain_flood/problem2/search.py;code/mountain_flood/validation/replay.py,Q1-Q4,§问题二时限公式；提交表逐箱交付
S008-WAT-01.deadline,h_b,Model.boxes[S008-WAT-01].deadline,7200,s,input/物资需求与配送时限.xlsx::逐箱货箱清单,code/mountain_flood/core/domain.py;code/mountain_flood/problem2/search.py;code/mountain_flood/validation/replay.py,Q1-Q4,§问题二时限公式；提交表逐箱交付
S008-WAT-01.priority,π_b,Model.boxes[S008-WAT-01].priority,10,系数,input/物资需求与配送时限.xlsx::逐箱货箱清单,code/mountain_flood/core/domain.py;code/mountain_flood/problem2/search.py;code/mountain_flood/validation/replay.py,Q1-Q4,§问题二时限公式；提交表逐箱交付
S008-WAT-01.first,F_b,Model.boxes[S008-WAT-01].first,True,布尔,input/物资需求与配送时限.xlsx::逐箱货箱清单,code/mountain_flood/core/domain.py;code/mountain_flood/problem2/search.py;code/mountain_flood/validation/replay.py,Q1-Q4,§问题二时限公式；提交表逐箱交付
S008-WAT-01.medical,M_b,Model.boxes[S008-WAT-01].medical,False,布尔,input/物资需求与配送时限.xlsx::逐箱货箱清单,code/mountain_flood/core/domain.py;code/mountain_flood/problem2/search.py;code/mountain_flood/validation/replay.py,Q1-Q4,§问题二时限公式；提交表逐箱交付
S008-WAT-02.node,i_b,Model.boxes[S008-WAT-02].node,8,服务区索引,input/物资需求与配送时限.xlsx::逐箱货箱清单,code/mountain_flood/core/domain.py;code/mountain_flood/problem2/search.py;code/mountain_flood/validation/replay.py,Q1-Q4,§问题二时限公式；提交表逐箱交付
S008-WAT-02.w,w_b,Model.boxes[S008-WAT-02].w,14,kg,input/物资需求与配送时限.xlsx::逐箱货箱清单,code/mountain_flood/core/domain.py;code/mountain_flood/problem2/search.py;code/mountain_flood/validation/replay.py,Q1-Q4,§问题二时限公式；提交表逐箱交付
S008-WAT-02.v,v_b,Model.boxes[S008-WAT-02].v,0.027,m³,input/物资需求与配送时限.xlsx::逐箱货箱清单,code/mountain_flood/core/domain.py;code/mountain_flood/problem2/search.py;code/mountain_flood/validation/replay.py,Q1-Q4,§问题二时限公式；提交表逐箱交付
S008-WAT-02.due,d_b,Model.boxes[S008-WAT-02].due,7200,s,input/物资需求与配送时限.xlsx::逐箱货箱清单,code/mountain_flood/core/domain.py;code/mountain_flood/problem2/search.py;code/mountain_flood/validation/replay.py,Q1-Q4,§问题二时限公式；提交表逐箱交付
S008-WAT-02.deadline,h_b,Model.boxes[S008-WAT-02].deadline,无硬截止,s,input/物资需求与配送时限.xlsx::逐箱货箱清单,code/mountain_flood/core/domain.py;code/mountain_flood/problem2/search.py;code/mountain_flood/validation/replay.py,Q1-Q4,§问题二时限公式；提交表逐箱交付
S008-WAT-02.priority,π_b,Model.boxes[S008-WAT-02].priority,10,系数,input/物资需求与配送时限.xlsx::逐箱货箱清单,code/mountain_flood/core/domain.py;code/mountain_flood/problem2/search.py;code/mountain_flood/validation/replay.py,Q1-Q4,§问题二时限公式；提交表逐箱交付
S008-WAT-02.first,F_b,Model.boxes[S008-WAT-02].first,False,布尔,input/物资需求与配送时限.xlsx::逐箱货箱清单,code/mountain_flood/core/domain.py;code/mountain_flood/problem2/search.py;code/mountain_flood/validation/replay.py,Q1-Q4,§问题二时限公式；提交表逐箱交付
S008-WAT-02.medical,M_b,Model.boxes[S008-WAT-02].medical,False,布尔,input/物资需求与配送时限.xlsx::逐箱货箱清单,code/mountain_flood/core/domain.py;code/mountain_flood/problem2/search.py;code/mountain_flood/validation/replay.py,Q1-Q4,§问题二时限公式；提交表逐箱交付
S008-FOD-01.node,i_b,Model.boxes[S008-FOD-01].node,8,服务区索引,input/物资需求与配送时限.xlsx::逐箱货箱清单,code/mountain_flood/core/domain.py;code/mountain_flood/problem2/search.py;code/mountain_flood/validation/replay.py,Q1-Q4,§问题二时限公式；提交表逐箱交付
S008-FOD-01.w,w_b,Model.boxes[S008-FOD-01].w,8,kg,input/物资需求与配送时限.xlsx::逐箱货箱清单,code/mountain_flood/core/domain.py;code/mountain_flood/problem2/search.py;code/mountain_flood/validation/replay.py,Q1-Q4,§问题二时限公式；提交表逐箱交付
S008-FOD-01.v,v_b,Model.boxes[S008-FOD-01].v,0.028,m³,input/物资需求与配送时限.xlsx::逐箱货箱清单,code/mountain_flood/core/domain.py;code/mountain_flood/problem2/search.py;code/mountain_flood/validation/replay.py,Q1-Q4,§问题二时限公式；提交表逐箱交付
S008-FOD-01.due,d_b,Model.boxes[S008-FOD-01].due,10800,s,input/物资需求与配送时限.xlsx::逐箱货箱清单,code/mountain_flood/core/domain.py;code/mountain_flood/problem2/search.py;code/mountain_flood/validation/replay.py,Q1-Q4,§问题二时限公式；提交表逐箱交付
S008-FOD-01.deadline,h_b,Model.boxes[S008-FOD-01].deadline,无硬截止,s,input/物资需求与配送时限.xlsx::逐箱货箱清单,code/mountain_flood/core/domain.py;code/mountain_flood/problem2/search.py;code/mountain_flood/validation/replay.py,Q1-Q4,§问题二时限公式；提交表逐箱交付
S008-FOD-01.priority,π_b,Model.boxes[S008-FOD-01].priority,8,系数,input/物资需求与配送时限.xlsx::逐箱货箱清单,code/mountain_flood/core/domain.py;code/mountain_flood/problem2/search.py;code/mountain_flood/validation/replay.py,Q1-Q4,§问题二时限公式；提交表逐箱交付
S008-FOD-01.first,F_b,Model.boxes[S008-FOD-01].first,False,布尔,input/物资需求与配送时限.xlsx::逐箱货箱清单,code/mountain_flood/core/domain.py;code/mountain_flood/problem2/search.py;code/mountain_flood/validation/replay.py,Q1-Q4,§问题二时限公式；提交表逐箱交付
S008-FOD-01.medical,M_b,Model.boxes[S008-FOD-01].medical,False,布尔,input/物资需求与配送时限.xlsx::逐箱货箱清单,code/mountain_flood/core/domain.py;code/mountain_flood/problem2/search.py;code/mountain_flood/validation/replay.py,Q1-Q4,§问题二时限公式；提交表逐箱交付
S008-HYG-01.node,i_b,Model.boxes[S008-HYG-01].node,8,服务区索引,input/物资需求与配送时限.xlsx::逐箱货箱清单,code/mountain_flood/core/domain.py;code/mountain_flood/problem2/search.py;code/mountain_flood/validation/replay.py,Q1-Q4,§问题二时限公式；提交表逐箱交付
S008-HYG-01.w,w_b,Model.boxes[S008-HYG-01].w,6,kg,input/物资需求与配送时限.xlsx::逐箱货箱清单,code/mountain_flood/core/domain.py;code/mountain_flood/problem2/search.py;code/mountain_flood/validation/replay.py,Q1-Q4,§问题二时限公式；提交表逐箱交付
S008-HYG-01.v,v_b,Model.boxes[S008-HYG-01].v,0.035,m³,input/物资需求与配送时限.xlsx::逐箱货箱清单,code/mountain_flood/core/domain.py;code/mountain_flood/problem2/search.py;code/mountain_flood/validation/replay.py,Q1-Q4,§问题二时限公式；提交表逐箱交付
S008-HYG-01.due,d_b,Model.boxes[S008-HYG-01].due,14400,s,input/物资需求与配送时限.xlsx::逐箱货箱清单,code/mountain_flood/core/domain.py;code/mountain_flood/problem2/search.py;code/mountain_flood/validation/replay.py,Q1-Q4,§问题二时限公式；提交表逐箱交付
S008-HYG-01.deadline,h_b,Model.boxes[S008-HYG-01].deadline,无硬截止,s,input/物资需求与配送时限.xlsx::逐箱货箱清单,code/mountain_flood/core/domain.py;code/mountain_flood/problem2/search.py;code/mountain_flood/validation/replay.py,Q1-Q4,§问题二时限公式；提交表逐箱交付
S008-HYG-01.priority,π_b,Model.boxes[S008-HYG-01].priority,6,系数,input/物资需求与配送时限.xlsx::逐箱货箱清单,code/mountain_flood/core/domain.py;code/mountain_flood/problem2/search.py;code/mountain_flood/validation/replay.py,Q1-Q4,§问题二时限公式；提交表逐箱交付
S008-HYG-01.first,F_b,Model.boxes[S008-HYG-01].first,False,布尔,input/物资需求与配送时限.xlsx::逐箱货箱清单,code/mountain_flood/core/domain.py;code/mountain_flood/problem2/search.py;code/mountain_flood/validation/replay.py,Q1-Q4,§问题二时限公式；提交表逐箱交付
S008-HYG-01.medical,M_b,Model.boxes[S008-HYG-01].medical,False,布尔,input/物资需求与配送时限.xlsx::逐箱货箱清单,code/mountain_flood/core/domain.py;code/mountain_flood/problem2/search.py;code/mountain_flood/validation/replay.py,Q1-Q4,§问题二时限公式；提交表逐箱交付
S009-MED-01.node,i_b,Model.boxes[S009-MED-01].node,9,服务区索引,input/物资需求与配送时限.xlsx::逐箱货箱清单,code/mountain_flood/core/domain.py;code/mountain_flood/problem2/search.py;code/mountain_flood/validation/replay.py,Q1-Q4,§问题二时限公式；提交表逐箱交付
S009-MED-01.w,w_b,Model.boxes[S009-MED-01].w,3,kg,input/物资需求与配送时限.xlsx::逐箱货箱清单,code/mountain_flood/core/domain.py;code/mountain_flood/problem2/search.py;code/mountain_flood/validation/replay.py,Q1-Q4,§问题二时限公式；提交表逐箱交付
S009-MED-01.v,v_b,Model.boxes[S009-MED-01].v,0.012,m³,input/物资需求与配送时限.xlsx::逐箱货箱清单,code/mountain_flood/core/domain.py;code/mountain_flood/problem2/search.py;code/mountain_flood/validation/replay.py,Q1-Q4,§问题二时限公式；提交表逐箱交付
S009-MED-01.due,d_b,Model.boxes[S009-MED-01].due,10800,s,input/物资需求与配送时限.xlsx::逐箱货箱清单,code/mountain_flood/core/domain.py;code/mountain_flood/problem2/search.py;code/mountain_flood/validation/replay.py,Q1-Q4,§问题二时限公式；提交表逐箱交付
S009-MED-01.deadline,h_b,Model.boxes[S009-MED-01].deadline,10800,s,input/物资需求与配送时限.xlsx::逐箱货箱清单,code/mountain_flood/core/domain.py;code/mountain_flood/problem2/search.py;code/mountain_flood/validation/replay.py,Q1-Q4,§问题二时限公式；提交表逐箱交付
S009-MED-01.priority,π_b,Model.boxes[S009-MED-01].priority,16,系数,input/物资需求与配送时限.xlsx::逐箱货箱清单,code/mountain_flood/core/domain.py;code/mountain_flood/problem2/search.py;code/mountain_flood/validation/replay.py,Q1-Q4,§问题二时限公式；提交表逐箱交付
S009-MED-01.first,F_b,Model.boxes[S009-MED-01].first,True,布尔,input/物资需求与配送时限.xlsx::逐箱货箱清单,code/mountain_flood/core/domain.py;code/mountain_flood/problem2/search.py;code/mountain_flood/validation/replay.py,Q1-Q4,§问题二时限公式；提交表逐箱交付
S009-MED-01.medical,M_b,Model.boxes[S009-MED-01].medical,True,布尔,input/物资需求与配送时限.xlsx::逐箱货箱清单,code/mountain_flood/core/domain.py;code/mountain_flood/problem2/search.py;code/mountain_flood/validation/replay.py,Q1-Q4,§问题二时限公式；提交表逐箱交付
S009-WAT-01.node,i_b,Model.boxes[S009-WAT-01].node,9,服务区索引,input/物资需求与配送时限.xlsx::逐箱货箱清单,code/mountain_flood/core/domain.py;code/mountain_flood/problem2/search.py;code/mountain_flood/validation/replay.py,Q1-Q4,§问题二时限公式；提交表逐箱交付
S009-WAT-01.w,w_b,Model.boxes[S009-WAT-01].w,14,kg,input/物资需求与配送时限.xlsx::逐箱货箱清单,code/mountain_flood/core/domain.py;code/mountain_flood/problem2/search.py;code/mountain_flood/validation/replay.py,Q1-Q4,§问题二时限公式；提交表逐箱交付
S009-WAT-01.v,v_b,Model.boxes[S009-WAT-01].v,0.027,m³,input/物资需求与配送时限.xlsx::逐箱货箱清单,code/mountain_flood/core/domain.py;code/mountain_flood/problem2/search.py;code/mountain_flood/validation/replay.py,Q1-Q4,§问题二时限公式；提交表逐箱交付
S009-WAT-01.due,d_b,Model.boxes[S009-WAT-01].due,10800,s,input/物资需求与配送时限.xlsx::逐箱货箱清单,code/mountain_flood/core/domain.py;code/mountain_flood/problem2/search.py;code/mountain_flood/validation/replay.py,Q1-Q4,§问题二时限公式；提交表逐箱交付
S009-WAT-01.deadline,h_b,Model.boxes[S009-WAT-01].deadline,10800,s,input/物资需求与配送时限.xlsx::逐箱货箱清单,code/mountain_flood/core/domain.py;code/mountain_flood/problem2/search.py;code/mountain_flood/validation/replay.py,Q1-Q4,§问题二时限公式；提交表逐箱交付
S009-WAT-01.priority,π_b,Model.boxes[S009-WAT-01].priority,8,系数,input/物资需求与配送时限.xlsx::逐箱货箱清单,code/mountain_flood/core/domain.py;code/mountain_flood/problem2/search.py;code/mountain_flood/validation/replay.py,Q1-Q4,§问题二时限公式；提交表逐箱交付
S009-WAT-01.first,F_b,Model.boxes[S009-WAT-01].first,True,布尔,input/物资需求与配送时限.xlsx::逐箱货箱清单,code/mountain_flood/core/domain.py;code/mountain_flood/problem2/search.py;code/mountain_flood/validation/replay.py,Q1-Q4,§问题二时限公式；提交表逐箱交付
S009-WAT-01.medical,M_b,Model.boxes[S009-WAT-01].medical,False,布尔,input/物资需求与配送时限.xlsx::逐箱货箱清单,code/mountain_flood/core/domain.py;code/mountain_flood/problem2/search.py;code/mountain_flood/validation/replay.py,Q1-Q4,§问题二时限公式；提交表逐箱交付
S009-FOD-01.node,i_b,Model.boxes[S009-FOD-01].node,9,服务区索引,input/物资需求与配送时限.xlsx::逐箱货箱清单,code/mountain_flood/core/domain.py;code/mountain_flood/problem2/search.py;code/mountain_flood/validation/replay.py,Q1-Q4,§问题二时限公式；提交表逐箱交付
S009-FOD-01.w,w_b,Model.boxes[S009-FOD-01].w,8,kg,input/物资需求与配送时限.xlsx::逐箱货箱清单,code/mountain_flood/core/domain.py;code/mountain_flood/problem2/search.py;code/mountain_flood/validation/replay.py,Q1-Q4,§问题二时限公式；提交表逐箱交付
S009-FOD-01.v,v_b,Model.boxes[S009-FOD-01].v,0.028,m³,input/物资需求与配送时限.xlsx::逐箱货箱清单,code/mountain_flood/core/domain.py;code/mountain_flood/problem2/search.py;code/mountain_flood/validation/replay.py,Q1-Q4,§问题二时限公式；提交表逐箱交付
S009-FOD-01.due,d_b,Model.boxes[S009-FOD-01].due,14400,s,input/物资需求与配送时限.xlsx::逐箱货箱清单,code/mountain_flood/core/domain.py;code/mountain_flood/problem2/search.py;code/mountain_flood/validation/replay.py,Q1-Q4,§问题二时限公式；提交表逐箱交付
S009-FOD-01.deadline,h_b,Model.boxes[S009-FOD-01].deadline,无硬截止,s,input/物资需求与配送时限.xlsx::逐箱货箱清单,code/mountain_flood/core/domain.py;code/mountain_flood/problem2/search.py;code/mountain_flood/validation/replay.py,Q1-Q4,§问题二时限公式；提交表逐箱交付
S009-FOD-01.priority,π_b,Model.boxes[S009-FOD-01].priority,6,系数,input/物资需求与配送时限.xlsx::逐箱货箱清单,code/mountain_flood/core/domain.py;code/mountain_flood/problem2/search.py;code/mountain_flood/validation/replay.py,Q1-Q4,§问题二时限公式；提交表逐箱交付
S009-FOD-01.first,F_b,Model.boxes[S009-FOD-01].first,False,布尔,input/物资需求与配送时限.xlsx::逐箱货箱清单,code/mountain_flood/core/domain.py;code/mountain_flood/problem2/search.py;code/mountain_flood/validation/replay.py,Q1-Q4,§问题二时限公式；提交表逐箱交付
S009-FOD-01.medical,M_b,Model.boxes[S009-FOD-01].medical,False,布尔,input/物资需求与配送时限.xlsx::逐箱货箱清单,code/mountain_flood/core/domain.py;code/mountain_flood/problem2/search.py;code/mountain_flood/validation/replay.py,Q1-Q4,§问题二时限公式；提交表逐箱交付
S010-MED-01.node,i_b,Model.boxes[S010-MED-01].node,10,服务区索引,input/物资需求与配送时限.xlsx::逐箱货箱清单,code/mountain_flood/core/domain.py;code/mountain_flood/problem2/search.py;code/mountain_flood/validation/replay.py,Q1-Q4,§问题二时限公式；提交表逐箱交付
S010-MED-01.w,w_b,Model.boxes[S010-MED-01].w,3,kg,input/物资需求与配送时限.xlsx::逐箱货箱清单,code/mountain_flood/core/domain.py;code/mountain_flood/problem2/search.py;code/mountain_flood/validation/replay.py,Q1-Q4,§问题二时限公式；提交表逐箱交付
S010-MED-01.v,v_b,Model.boxes[S010-MED-01].v,0.012,m³,input/物资需求与配送时限.xlsx::逐箱货箱清单,code/mountain_flood/core/domain.py;code/mountain_flood/problem2/search.py;code/mountain_flood/validation/replay.py,Q1-Q4,§问题二时限公式；提交表逐箱交付
S010-MED-01.due,d_b,Model.boxes[S010-MED-01].due,3600,s,input/物资需求与配送时限.xlsx::逐箱货箱清单,code/mountain_flood/core/domain.py;code/mountain_flood/problem2/search.py;code/mountain_flood/validation/replay.py,Q1-Q4,§问题二时限公式；提交表逐箱交付
S010-MED-01.deadline,h_b,Model.boxes[S010-MED-01].deadline,3600,s,input/物资需求与配送时限.xlsx::逐箱货箱清单,code/mountain_flood/core/domain.py;code/mountain_flood/problem2/search.py;code/mountain_flood/validation/replay.py,Q1-Q4,§问题二时限公式；提交表逐箱交付
S010-MED-01.priority,π_b,Model.boxes[S010-MED-01].priority,24,系数,input/物资需求与配送时限.xlsx::逐箱货箱清单,code/mountain_flood/core/domain.py;code/mountain_flood/problem2/search.py;code/mountain_flood/validation/replay.py,Q1-Q4,§问题二时限公式；提交表逐箱交付
S010-MED-01.first,F_b,Model.boxes[S010-MED-01].first,True,布尔,input/物资需求与配送时限.xlsx::逐箱货箱清单,code/mountain_flood/core/domain.py;code/mountain_flood/problem2/search.py;code/mountain_flood/validation/replay.py,Q1-Q4,§问题二时限公式；提交表逐箱交付
S010-MED-01.medical,M_b,Model.boxes[S010-MED-01].medical,True,布尔,input/物资需求与配送时限.xlsx::逐箱货箱清单,code/mountain_flood/core/domain.py;code/mountain_flood/problem2/search.py;code/mountain_flood/validation/replay.py,Q1-Q4,§问题二时限公式；提交表逐箱交付
S010-WAT-01.node,i_b,Model.boxes[S010-WAT-01].node,10,服务区索引,input/物资需求与配送时限.xlsx::逐箱货箱清单,code/mountain_flood/core/domain.py;code/mountain_flood/problem2/search.py;code/mountain_flood/validation/replay.py,Q1-Q4,§问题二时限公式；提交表逐箱交付
S010-WAT-01.w,w_b,Model.boxes[S010-WAT-01].w,14,kg,input/物资需求与配送时限.xlsx::逐箱货箱清单,code/mountain_flood/core/domain.py;code/mountain_flood/problem2/search.py;code/mountain_flood/validation/replay.py,Q1-Q4,§问题二时限公式；提交表逐箱交付
S010-WAT-01.v,v_b,Model.boxes[S010-WAT-01].v,0.027,m³,input/物资需求与配送时限.xlsx::逐箱货箱清单,code/mountain_flood/core/domain.py;code/mountain_flood/problem2/search.py;code/mountain_flood/validation/replay.py,Q1-Q4,§问题二时限公式；提交表逐箱交付
S010-WAT-01.due,d_b,Model.boxes[S010-WAT-01].due,3600,s,input/物资需求与配送时限.xlsx::逐箱货箱清单,code/mountain_flood/core/domain.py;code/mountain_flood/problem2/search.py;code/mountain_flood/validation/replay.py,Q1-Q4,§问题二时限公式；提交表逐箱交付
S010-WAT-01.deadline,h_b,Model.boxes[S010-WAT-01].deadline,3600,s,input/物资需求与配送时限.xlsx::逐箱货箱清单,code/mountain_flood/core/domain.py;code/mountain_flood/problem2/search.py;code/mountain_flood/validation/replay.py,Q1-Q4,§问题二时限公式；提交表逐箱交付
S010-WAT-01.priority,π_b,Model.boxes[S010-WAT-01].priority,12,系数,input/物资需求与配送时限.xlsx::逐箱货箱清单,code/mountain_flood/core/domain.py;code/mountain_flood/problem2/search.py;code/mountain_flood/validation/replay.py,Q1-Q4,§问题二时限公式；提交表逐箱交付
S010-WAT-01.first,F_b,Model.boxes[S010-WAT-01].first,True,布尔,input/物资需求与配送时限.xlsx::逐箱货箱清单,code/mountain_flood/core/domain.py;code/mountain_flood/problem2/search.py;code/mountain_flood/validation/replay.py,Q1-Q4,§问题二时限公式；提交表逐箱交付
S010-WAT-01.medical,M_b,Model.boxes[S010-WAT-01].medical,False,布尔,input/物资需求与配送时限.xlsx::逐箱货箱清单,code/mountain_flood/core/domain.py;code/mountain_flood/problem2/search.py;code/mountain_flood/validation/replay.py,Q1-Q4,§问题二时限公式；提交表逐箱交付
S010-FOD-01.node,i_b,Model.boxes[S010-FOD-01].node,10,服务区索引,input/物资需求与配送时限.xlsx::逐箱货箱清单,code/mountain_flood/core/domain.py;code/mountain_flood/problem2/search.py;code/mountain_flood/validation/replay.py,Q1-Q4,§问题二时限公式；提交表逐箱交付
S010-FOD-01.w,w_b,Model.boxes[S010-FOD-01].w,8,kg,input/物资需求与配送时限.xlsx::逐箱货箱清单,code/mountain_flood/core/domain.py;code/mountain_flood/problem2/search.py;code/mountain_flood/validation/replay.py,Q1-Q4,§问题二时限公式；提交表逐箱交付
S010-FOD-01.v,v_b,Model.boxes[S010-FOD-01].v,0.028,m³,input/物资需求与配送时限.xlsx::逐箱货箱清单,code/mountain_flood/core/domain.py;code/mountain_flood/problem2/search.py;code/mountain_flood/validation/replay.py,Q1-Q4,§问题二时限公式；提交表逐箱交付
S010-FOD-01.due,d_b,Model.boxes[S010-FOD-01].due,7200,s,input/物资需求与配送时限.xlsx::逐箱货箱清单,code/mountain_flood/core/domain.py;code/mountain_flood/problem2/search.py;code/mountain_flood/validation/replay.py,Q1-Q4,§问题二时限公式；提交表逐箱交付
S010-FOD-01.deadline,h_b,Model.boxes[S010-FOD-01].deadline,无硬截止,s,input/物资需求与配送时限.xlsx::逐箱货箱清单,code/mountain_flood/core/domain.py;code/mountain_flood/problem2/search.py;code/mountain_flood/validation/replay.py,Q1-Q4,§问题二时限公式；提交表逐箱交付
S010-FOD-01.priority,π_b,Model.boxes[S010-FOD-01].priority,10,系数,input/物资需求与配送时限.xlsx::逐箱货箱清单,code/mountain_flood/core/domain.py;code/mountain_flood/problem2/search.py;code/mountain_flood/validation/replay.py,Q1-Q4,§问题二时限公式；提交表逐箱交付
S010-FOD-01.first,F_b,Model.boxes[S010-FOD-01].first,False,布尔,input/物资需求与配送时限.xlsx::逐箱货箱清单,code/mountain_flood/core/domain.py;code/mountain_flood/problem2/search.py;code/mountain_flood/validation/replay.py,Q1-Q4,§问题二时限公式；提交表逐箱交付
S010-FOD-01.medical,M_b,Model.boxes[S010-FOD-01].medical,False,布尔,input/物资需求与配送时限.xlsx::逐箱货箱清单,code/mountain_flood/core/domain.py;code/mountain_flood/problem2/search.py;code/mountain_flood/validation/replay.py,Q1-Q4,§问题二时限公式；提交表逐箱交付
S011-MED-01.node,i_b,Model.boxes[S011-MED-01].node,11,服务区索引,input/物资需求与配送时限.xlsx::逐箱货箱清单,code/mountain_flood/core/domain.py;code/mountain_flood/problem2/search.py;code/mountain_flood/validation/replay.py,Q1-Q4,§问题二时限公式；提交表逐箱交付
S011-MED-01.w,w_b,Model.boxes[S011-MED-01].w,3,kg,input/物资需求与配送时限.xlsx::逐箱货箱清单,code/mountain_flood/core/domain.py;code/mountain_flood/problem2/search.py;code/mountain_flood/validation/replay.py,Q1-Q4,§问题二时限公式；提交表逐箱交付
S011-MED-01.v,v_b,Model.boxes[S011-MED-01].v,0.012,m³,input/物资需求与配送时限.xlsx::逐箱货箱清单,code/mountain_flood/core/domain.py;code/mountain_flood/problem2/search.py;code/mountain_flood/validation/replay.py,Q1-Q4,§问题二时限公式；提交表逐箱交付
S011-MED-01.due,d_b,Model.boxes[S011-MED-01].due,10800,s,input/物资需求与配送时限.xlsx::逐箱货箱清单,code/mountain_flood/core/domain.py;code/mountain_flood/problem2/search.py;code/mountain_flood/validation/replay.py,Q1-Q4,§问题二时限公式；提交表逐箱交付
S011-MED-01.deadline,h_b,Model.boxes[S011-MED-01].deadline,10800,s,input/物资需求与配送时限.xlsx::逐箱货箱清单,code/mountain_flood/core/domain.py;code/mountain_flood/problem2/search.py;code/mountain_flood/validation/replay.py,Q1-Q4,§问题二时限公式；提交表逐箱交付
S011-MED-01.priority,π_b,Model.boxes[S011-MED-01].priority,16,系数,input/物资需求与配送时限.xlsx::逐箱货箱清单,code/mountain_flood/core/domain.py;code/mountain_flood/problem2/search.py;code/mountain_flood/validation/replay.py,Q1-Q4,§问题二时限公式；提交表逐箱交付
S011-MED-01.first,F_b,Model.boxes[S011-MED-01].first,True,布尔,input/物资需求与配送时限.xlsx::逐箱货箱清单,code/mountain_flood/core/domain.py;code/mountain_flood/problem2/search.py;code/mountain_flood/validation/replay.py,Q1-Q4,§问题二时限公式；提交表逐箱交付
S011-MED-01.medical,M_b,Model.boxes[S011-MED-01].medical,True,布尔,input/物资需求与配送时限.xlsx::逐箱货箱清单,code/mountain_flood/core/domain.py;code/mountain_flood/problem2/search.py;code/mountain_flood/validation/replay.py,Q1-Q4,§问题二时限公式；提交表逐箱交付
S011-WAT-01.node,i_b,Model.boxes[S011-WAT-01].node,11,服务区索引,input/物资需求与配送时限.xlsx::逐箱货箱清单,code/mountain_flood/core/domain.py;code/mountain_flood/problem2/search.py;code/mountain_flood/validation/replay.py,Q1-Q4,§问题二时限公式；提交表逐箱交付
S011-WAT-01.w,w_b,Model.boxes[S011-WAT-01].w,14,kg,input/物资需求与配送时限.xlsx::逐箱货箱清单,code/mountain_flood/core/domain.py;code/mountain_flood/problem2/search.py;code/mountain_flood/validation/replay.py,Q1-Q4,§问题二时限公式；提交表逐箱交付
S011-WAT-01.v,v_b,Model.boxes[S011-WAT-01].v,0.027,m³,input/物资需求与配送时限.xlsx::逐箱货箱清单,code/mountain_flood/core/domain.py;code/mountain_flood/problem2/search.py;code/mountain_flood/validation/replay.py,Q1-Q4,§问题二时限公式；提交表逐箱交付
S011-WAT-01.due,d_b,Model.boxes[S011-WAT-01].due,10800,s,input/物资需求与配送时限.xlsx::逐箱货箱清单,code/mountain_flood/core/domain.py;code/mountain_flood/problem2/search.py;code/mountain_flood/validation/replay.py,Q1-Q4,§问题二时限公式；提交表逐箱交付
S011-WAT-01.deadline,h_b,Model.boxes[S011-WAT-01].deadline,10800,s,input/物资需求与配送时限.xlsx::逐箱货箱清单,code/mountain_flood/core/domain.py;code/mountain_flood/problem2/search.py;code/mountain_flood/validation/replay.py,Q1-Q4,§问题二时限公式；提交表逐箱交付
S011-WAT-01.priority,π_b,Model.boxes[S011-WAT-01].priority,8,系数,input/物资需求与配送时限.xlsx::逐箱货箱清单,code/mountain_flood/core/domain.py;code/mountain_flood/problem2/search.py;code/mountain_flood/validation/replay.py,Q1-Q4,§问题二时限公式；提交表逐箱交付
S011-WAT-01.first,F_b,Model.boxes[S011-WAT-01].first,True,布尔,input/物资需求与配送时限.xlsx::逐箱货箱清单,code/mountain_flood/core/domain.py;code/mountain_flood/problem2/search.py;code/mountain_flood/validation/replay.py,Q1-Q4,§问题二时限公式；提交表逐箱交付
S011-WAT-01.medical,M_b,Model.boxes[S011-WAT-01].medical,False,布尔,input/物资需求与配送时限.xlsx::逐箱货箱清单,code/mountain_flood/core/domain.py;code/mountain_flood/problem2/search.py;code/mountain_flood/validation/replay.py,Q1-Q4,§问题二时限公式；提交表逐箱交付
S011-FOD-01.node,i_b,Model.boxes[S011-FOD-01].node,11,服务区索引,input/物资需求与配送时限.xlsx::逐箱货箱清单,code/mountain_flood/core/domain.py;code/mountain_flood/problem2/search.py;code/mountain_flood/validation/replay.py,Q1-Q4,§问题二时限公式；提交表逐箱交付
S011-FOD-01.w,w_b,Model.boxes[S011-FOD-01].w,8,kg,input/物资需求与配送时限.xlsx::逐箱货箱清单,code/mountain_flood/core/domain.py;code/mountain_flood/problem2/search.py;code/mountain_flood/validation/replay.py,Q1-Q4,§问题二时限公式；提交表逐箱交付
S011-FOD-01.v,v_b,Model.boxes[S011-FOD-01].v,0.028,m³,input/物资需求与配送时限.xlsx::逐箱货箱清单,code/mountain_flood/core/domain.py;code/mountain_flood/problem2/search.py;code/mountain_flood/validation/replay.py,Q1-Q4,§问题二时限公式；提交表逐箱交付
S011-FOD-01.due,d_b,Model.boxes[S011-FOD-01].due,14400,s,input/物资需求与配送时限.xlsx::逐箱货箱清单,code/mountain_flood/core/domain.py;code/mountain_flood/problem2/search.py;code/mountain_flood/validation/replay.py,Q1-Q4,§问题二时限公式；提交表逐箱交付
S011-FOD-01.deadline,h_b,Model.boxes[S011-FOD-01].deadline,无硬截止,s,input/物资需求与配送时限.xlsx::逐箱货箱清单,code/mountain_flood/core/domain.py;code/mountain_flood/problem2/search.py;code/mountain_flood/validation/replay.py,Q1-Q4,§问题二时限公式；提交表逐箱交付
S011-FOD-01.priority,π_b,Model.boxes[S011-FOD-01].priority,6,系数,input/物资需求与配送时限.xlsx::逐箱货箱清单,code/mountain_flood/core/domain.py;code/mountain_flood/problem2/search.py;code/mountain_flood/validation/replay.py,Q1-Q4,§问题二时限公式；提交表逐箱交付
S011-FOD-01.first,F_b,Model.boxes[S011-FOD-01].first,False,布尔,input/物资需求与配送时限.xlsx::逐箱货箱清单,code/mountain_flood/core/domain.py;code/mountain_flood/problem2/search.py;code/mountain_flood/validation/replay.py,Q1-Q4,§问题二时限公式；提交表逐箱交付
S011-FOD-01.medical,M_b,Model.boxes[S011-FOD-01].medical,False,布尔,input/物资需求与配送时限.xlsx::逐箱货箱清单,code/mountain_flood/core/domain.py;code/mountain_flood/problem2/search.py;code/mountain_flood/validation/replay.py,Q1-Q4,§问题二时限公式；提交表逐箱交付
S012-MED-01.node,i_b,Model.boxes[S012-MED-01].node,12,服务区索引,input/物资需求与配送时限.xlsx::逐箱货箱清单,code/mountain_flood/core/domain.py;code/mountain_flood/problem2/search.py;code/mountain_flood/validation/replay.py,Q1-Q4,§问题二时限公式；提交表逐箱交付
S012-MED-01.w,w_b,Model.boxes[S012-MED-01].w,3,kg,input/物资需求与配送时限.xlsx::逐箱货箱清单,code/mountain_flood/core/domain.py;code/mountain_flood/problem2/search.py;code/mountain_flood/validation/replay.py,Q1-Q4,§问题二时限公式；提交表逐箱交付
S012-MED-01.v,v_b,Model.boxes[S012-MED-01].v,0.012,m³,input/物资需求与配送时限.xlsx::逐箱货箱清单,code/mountain_flood/core/domain.py;code/mountain_flood/problem2/search.py;code/mountain_flood/validation/replay.py,Q1-Q4,§问题二时限公式；提交表逐箱交付
S012-MED-01.due,d_b,Model.boxes[S012-MED-01].due,7200,s,input/物资需求与配送时限.xlsx::逐箱货箱清单,code/mountain_flood/core/domain.py;code/mountain_flood/problem2/search.py;code/mountain_flood/validation/replay.py,Q1-Q4,§问题二时限公式；提交表逐箱交付
S012-MED-01.deadline,h_b,Model.boxes[S012-MED-01].deadline,3600,s,input/物资需求与配送时限.xlsx::逐箱货箱清单,code/mountain_flood/core/domain.py;code/mountain_flood/problem2/search.py;code/mountain_flood/validation/replay.py,Q1-Q4,§问题二时限公式；提交表逐箱交付
S012-MED-01.priority,π_b,Model.boxes[S012-MED-01].priority,22,系数,input/物资需求与配送时限.xlsx::逐箱货箱清单,code/mountain_flood/core/domain.py;code/mountain_flood/problem2/search.py;code/mountain_flood/validation/replay.py,Q1-Q4,§问题二时限公式；提交表逐箱交付
S012-MED-01.first,F_b,Model.boxes[S012-MED-01].first,True,布尔,input/物资需求与配送时限.xlsx::逐箱货箱清单,code/mountain_flood/core/domain.py;code/mountain_flood/problem2/search.py;code/mountain_flood/validation/replay.py,Q1-Q4,§问题二时限公式；提交表逐箱交付
S012-MED-01.medical,M_b,Model.boxes[S012-MED-01].medical,True,布尔,input/物资需求与配送时限.xlsx::逐箱货箱清单,code/mountain_flood/core/domain.py;code/mountain_flood/problem2/search.py;code/mountain_flood/validation/replay.py,Q1-Q4,§问题二时限公式；提交表逐箱交付
S012-WAT-01.node,i_b,Model.boxes[S012-WAT-01].node,12,服务区索引,input/物资需求与配送时限.xlsx::逐箱货箱清单,code/mountain_flood/core/domain.py;code/mountain_flood/problem2/search.py;code/mountain_flood/validation/replay.py,Q1-Q4,§问题二时限公式；提交表逐箱交付
S012-WAT-01.w,w_b,Model.boxes[S012-WAT-01].w,14,kg,input/物资需求与配送时限.xlsx::逐箱货箱清单,code/mountain_flood/core/domain.py;code/mountain_flood/problem2/search.py;code/mountain_flood/validation/replay.py,Q1-Q4,§问题二时限公式；提交表逐箱交付
S012-WAT-01.v,v_b,Model.boxes[S012-WAT-01].v,0.027,m³,input/物资需求与配送时限.xlsx::逐箱货箱清单,code/mountain_flood/core/domain.py;code/mountain_flood/problem2/search.py;code/mountain_flood/validation/replay.py,Q1-Q4,§问题二时限公式；提交表逐箱交付
S012-WAT-01.due,d_b,Model.boxes[S012-WAT-01].due,3600,s,input/物资需求与配送时限.xlsx::逐箱货箱清单,code/mountain_flood/core/domain.py;code/mountain_flood/problem2/search.py;code/mountain_flood/validation/replay.py,Q1-Q4,§问题二时限公式；提交表逐箱交付
S012-WAT-01.deadline,h_b,Model.boxes[S012-WAT-01].deadline,3600,s,input/物资需求与配送时限.xlsx::逐箱货箱清单,code/mountain_flood/core/domain.py;code/mountain_flood/problem2/search.py;code/mountain_flood/validation/replay.py,Q1-Q4,§问题二时限公式；提交表逐箱交付
S012-WAT-01.priority,π_b,Model.boxes[S012-WAT-01].priority,12,系数,input/物资需求与配送时限.xlsx::逐箱货箱清单,code/mountain_flood/core/domain.py;code/mountain_flood/problem2/search.py;code/mountain_flood/validation/replay.py,Q1-Q4,§问题二时限公式；提交表逐箱交付
S012-WAT-01.first,F_b,Model.boxes[S012-WAT-01].first,True,布尔,input/物资需求与配送时限.xlsx::逐箱货箱清单,code/mountain_flood/core/domain.py;code/mountain_flood/problem2/search.py;code/mountain_flood/validation/replay.py,Q1-Q4,§问题二时限公式；提交表逐箱交付
S012-WAT-01.medical,M_b,Model.boxes[S012-WAT-01].medical,False,布尔,input/物资需求与配送时限.xlsx::逐箱货箱清单,code/mountain_flood/core/domain.py;code/mountain_flood/problem2/search.py;code/mountain_flood/validation/replay.py,Q1-Q4,§问题二时限公式；提交表逐箱交付
S012-FOD-01.node,i_b,Model.boxes[S012-FOD-01].node,12,服务区索引,input/物资需求与配送时限.xlsx::逐箱货箱清单,code/mountain_flood/core/domain.py;code/mountain_flood/problem2/search.py;code/mountain_flood/validation/replay.py,Q1-Q4,§问题二时限公式；提交表逐箱交付
S012-FOD-01.w,w_b,Model.boxes[S012-FOD-01].w,8,kg,input/物资需求与配送时限.xlsx::逐箱货箱清单,code/mountain_flood/core/domain.py;code/mountain_flood/problem2/search.py;code/mountain_flood/validation/replay.py,Q1-Q4,§问题二时限公式；提交表逐箱交付
S012-FOD-01.v,v_b,Model.boxes[S012-FOD-01].v,0.028,m³,input/物资需求与配送时限.xlsx::逐箱货箱清单,code/mountain_flood/core/domain.py;code/mountain_flood/problem2/search.py;code/mountain_flood/validation/replay.py,Q1-Q4,§问题二时限公式；提交表逐箱交付
S012-FOD-01.due,d_b,Model.boxes[S012-FOD-01].due,7200,s,input/物资需求与配送时限.xlsx::逐箱货箱清单,code/mountain_flood/core/domain.py;code/mountain_flood/problem2/search.py;code/mountain_flood/validation/replay.py,Q1-Q4,§问题二时限公式；提交表逐箱交付
S012-FOD-01.deadline,h_b,Model.boxes[S012-FOD-01].deadline,无硬截止,s,input/物资需求与配送时限.xlsx::逐箱货箱清单,code/mountain_flood/core/domain.py;code/mountain_flood/problem2/search.py;code/mountain_flood/validation/replay.py,Q1-Q4,§问题二时限公式；提交表逐箱交付
S012-FOD-01.priority,π_b,Model.boxes[S012-FOD-01].priority,10,系数,input/物资需求与配送时限.xlsx::逐箱货箱清单,code/mountain_flood/core/domain.py;code/mountain_flood/problem2/search.py;code/mountain_flood/validation/replay.py,Q1-Q4,§问题二时限公式；提交表逐箱交付
S012-FOD-01.first,F_b,Model.boxes[S012-FOD-01].first,False,布尔,input/物资需求与配送时限.xlsx::逐箱货箱清单,code/mountain_flood/core/domain.py;code/mountain_flood/problem2/search.py;code/mountain_flood/validation/replay.py,Q1-Q4,§问题二时限公式；提交表逐箱交付
S012-FOD-01.medical,M_b,Model.boxes[S012-FOD-01].medical,False,布尔,input/物资需求与配送时限.xlsx::逐箱货箱清单,code/mountain_flood/core/domain.py;code/mountain_flood/problem2/search.py;code/mountain_flood/validation/replay.py,Q1-Q4,§问题二时限公式；提交表逐箱交付
S013-MED-01.node,i_b,Model.boxes[S013-MED-01].node,13,服务区索引,input/物资需求与配送时限.xlsx::逐箱货箱清单,code/mountain_flood/core/domain.py;code/mountain_flood/problem2/search.py;code/mountain_flood/validation/replay.py,Q1-Q4,§问题二时限公式；提交表逐箱交付
S013-MED-01.w,w_b,Model.boxes[S013-MED-01].w,3,kg,input/物资需求与配送时限.xlsx::逐箱货箱清单,code/mountain_flood/core/domain.py;code/mountain_flood/problem2/search.py;code/mountain_flood/validation/replay.py,Q1-Q4,§问题二时限公式；提交表逐箱交付
S013-MED-01.v,v_b,Model.boxes[S013-MED-01].v,0.012,m³,input/物资需求与配送时限.xlsx::逐箱货箱清单,code/mountain_flood/core/domain.py;code/mountain_flood/problem2/search.py;code/mountain_flood/validation/replay.py,Q1-Q4,§问题二时限公式；提交表逐箱交付
S013-MED-01.due,d_b,Model.boxes[S013-MED-01].due,3600,s,input/物资需求与配送时限.xlsx::逐箱货箱清单,code/mountain_flood/core/domain.py;code/mountain_flood/problem2/search.py;code/mountain_flood/validation/replay.py,Q1-Q4,§问题二时限公式；提交表逐箱交付
S013-MED-01.deadline,h_b,Model.boxes[S013-MED-01].deadline,3600,s,input/物资需求与配送时限.xlsx::逐箱货箱清单,code/mountain_flood/core/domain.py;code/mountain_flood/problem2/search.py;code/mountain_flood/validation/replay.py,Q1-Q4,§问题二时限公式；提交表逐箱交付
S013-MED-01.priority,π_b,Model.boxes[S013-MED-01].priority,24,系数,input/物资需求与配送时限.xlsx::逐箱货箱清单,code/mountain_flood/core/domain.py;code/mountain_flood/problem2/search.py;code/mountain_flood/validation/replay.py,Q1-Q4,§问题二时限公式；提交表逐箱交付
S013-MED-01.first,F_b,Model.boxes[S013-MED-01].first,True,布尔,input/物资需求与配送时限.xlsx::逐箱货箱清单,code/mountain_flood/core/domain.py;code/mountain_flood/problem2/search.py;code/mountain_flood/validation/replay.py,Q1-Q4,§问题二时限公式；提交表逐箱交付
S013-MED-01.medical,M_b,Model.boxes[S013-MED-01].medical,True,布尔,input/物资需求与配送时限.xlsx::逐箱货箱清单,code/mountain_flood/core/domain.py;code/mountain_flood/problem2/search.py;code/mountain_flood/validation/replay.py,Q1-Q4,§问题二时限公式；提交表逐箱交付
S013-WAT-01.node,i_b,Model.boxes[S013-WAT-01].node,13,服务区索引,input/物资需求与配送时限.xlsx::逐箱货箱清单,code/mountain_flood/core/domain.py;code/mountain_flood/problem2/search.py;code/mountain_flood/validation/replay.py,Q1-Q4,§问题二时限公式；提交表逐箱交付
S013-WAT-01.w,w_b,Model.boxes[S013-WAT-01].w,14,kg,input/物资需求与配送时限.xlsx::逐箱货箱清单,code/mountain_flood/core/domain.py;code/mountain_flood/problem2/search.py;code/mountain_flood/validation/replay.py,Q1-Q4,§问题二时限公式；提交表逐箱交付
S013-WAT-01.v,v_b,Model.boxes[S013-WAT-01].v,0.027,m³,input/物资需求与配送时限.xlsx::逐箱货箱清单,code/mountain_flood/core/domain.py;code/mountain_flood/problem2/search.py;code/mountain_flood/validation/replay.py,Q1-Q4,§问题二时限公式；提交表逐箱交付
S013-WAT-01.due,d_b,Model.boxes[S013-WAT-01].due,3600,s,input/物资需求与配送时限.xlsx::逐箱货箱清单,code/mountain_flood/core/domain.py;code/mountain_flood/problem2/search.py;code/mountain_flood/validation/replay.py,Q1-Q4,§问题二时限公式；提交表逐箱交付
S013-WAT-01.deadline,h_b,Model.boxes[S013-WAT-01].deadline,3600,s,input/物资需求与配送时限.xlsx::逐箱货箱清单,code/mountain_flood/core/domain.py;code/mountain_flood/problem2/search.py;code/mountain_flood/validation/replay.py,Q1-Q4,§问题二时限公式；提交表逐箱交付
S013-WAT-01.priority,π_b,Model.boxes[S013-WAT-01].priority,12,系数,input/物资需求与配送时限.xlsx::逐箱货箱清单,code/mountain_flood/core/domain.py;code/mountain_flood/problem2/search.py;code/mountain_flood/validation/replay.py,Q1-Q4,§问题二时限公式；提交表逐箱交付
S013-WAT-01.first,F_b,Model.boxes[S013-WAT-01].first,True,布尔,input/物资需求与配送时限.xlsx::逐箱货箱清单,code/mountain_flood/core/domain.py;code/mountain_flood/problem2/search.py;code/mountain_flood/validation/replay.py,Q1-Q4,§问题二时限公式；提交表逐箱交付
S013-WAT-01.medical,M_b,Model.boxes[S013-WAT-01].medical,False,布尔,input/物资需求与配送时限.xlsx::逐箱货箱清单,code/mountain_flood/core/domain.py;code/mountain_flood/problem2/search.py;code/mountain_flood/validation/replay.py,Q1-Q4,§问题二时限公式；提交表逐箱交付
S013-FOD-01.node,i_b,Model.boxes[S013-FOD-01].node,13,服务区索引,input/物资需求与配送时限.xlsx::逐箱货箱清单,code/mountain_flood/core/domain.py;code/mountain_flood/problem2/search.py;code/mountain_flood/validation/replay.py,Q1-Q4,§问题二时限公式；提交表逐箱交付
S013-FOD-01.w,w_b,Model.boxes[S013-FOD-01].w,8,kg,input/物资需求与配送时限.xlsx::逐箱货箱清单,code/mountain_flood/core/domain.py;code/mountain_flood/problem2/search.py;code/mountain_flood/validation/replay.py,Q1-Q4,§问题二时限公式；提交表逐箱交付
S013-FOD-01.v,v_b,Model.boxes[S013-FOD-01].v,0.028,m³,input/物资需求与配送时限.xlsx::逐箱货箱清单,code/mountain_flood/core/domain.py;code/mountain_flood/problem2/search.py;code/mountain_flood/validation/replay.py,Q1-Q4,§问题二时限公式；提交表逐箱交付
S013-FOD-01.due,d_b,Model.boxes[S013-FOD-01].due,7200,s,input/物资需求与配送时限.xlsx::逐箱货箱清单,code/mountain_flood/core/domain.py;code/mountain_flood/problem2/search.py;code/mountain_flood/validation/replay.py,Q1-Q4,§问题二时限公式；提交表逐箱交付
S013-FOD-01.deadline,h_b,Model.boxes[S013-FOD-01].deadline,无硬截止,s,input/物资需求与配送时限.xlsx::逐箱货箱清单,code/mountain_flood/core/domain.py;code/mountain_flood/problem2/search.py;code/mountain_flood/validation/replay.py,Q1-Q4,§问题二时限公式；提交表逐箱交付
S013-FOD-01.priority,π_b,Model.boxes[S013-FOD-01].priority,10,系数,input/物资需求与配送时限.xlsx::逐箱货箱清单,code/mountain_flood/core/domain.py;code/mountain_flood/problem2/search.py;code/mountain_flood/validation/replay.py,Q1-Q4,§问题二时限公式；提交表逐箱交付
S013-FOD-01.first,F_b,Model.boxes[S013-FOD-01].first,False,布尔,input/物资需求与配送时限.xlsx::逐箱货箱清单,code/mountain_flood/core/domain.py;code/mountain_flood/problem2/search.py;code/mountain_flood/validation/replay.py,Q1-Q4,§问题二时限公式；提交表逐箱交付
S013-FOD-01.medical,M_b,Model.boxes[S013-FOD-01].medical,False,布尔,input/物资需求与配送时限.xlsx::逐箱货箱清单,code/mountain_flood/core/domain.py;code/mountain_flood/problem2/search.py;code/mountain_flood/validation/replay.py,Q1-Q4,§问题二时限公式；提交表逐箱交付
S014-MED-01.node,i_b,Model.boxes[S014-MED-01].node,14,服务区索引,input/物资需求与配送时限.xlsx::逐箱货箱清单,code/mountain_flood/core/domain.py;code/mountain_flood/problem2/search.py;code/mountain_flood/validation/replay.py,Q1-Q4,§问题二时限公式；提交表逐箱交付
S014-MED-01.w,w_b,Model.boxes[S014-MED-01].w,3,kg,input/物资需求与配送时限.xlsx::逐箱货箱清单,code/mountain_flood/core/domain.py;code/mountain_flood/problem2/search.py;code/mountain_flood/validation/replay.py,Q1-Q4,§问题二时限公式；提交表逐箱交付
S014-MED-01.v,v_b,Model.boxes[S014-MED-01].v,0.012,m³,input/物资需求与配送时限.xlsx::逐箱货箱清单,code/mountain_flood/core/domain.py;code/mountain_flood/problem2/search.py;code/mountain_flood/validation/replay.py,Q1-Q4,§问题二时限公式；提交表逐箱交付
S014-MED-01.due,d_b,Model.boxes[S014-MED-01].due,7200,s,input/物资需求与配送时限.xlsx::逐箱货箱清单,code/mountain_flood/core/domain.py;code/mountain_flood/problem2/search.py;code/mountain_flood/validation/replay.py,Q1-Q4,§问题二时限公式；提交表逐箱交付
S014-MED-01.deadline,h_b,Model.boxes[S014-MED-01].deadline,3600,s,input/物资需求与配送时限.xlsx::逐箱货箱清单,code/mountain_flood/core/domain.py;code/mountain_flood/problem2/search.py;code/mountain_flood/validation/replay.py,Q1-Q4,§问题二时限公式；提交表逐箱交付
S014-MED-01.priority,π_b,Model.boxes[S014-MED-01].priority,22,系数,input/物资需求与配送时限.xlsx::逐箱货箱清单,code/mountain_flood/core/domain.py;code/mountain_flood/problem2/search.py;code/mountain_flood/validation/replay.py,Q1-Q4,§问题二时限公式；提交表逐箱交付
S014-MED-01.first,F_b,Model.boxes[S014-MED-01].first,True,布尔,input/物资需求与配送时限.xlsx::逐箱货箱清单,code/mountain_flood/core/domain.py;code/mountain_flood/problem2/search.py;code/mountain_flood/validation/replay.py,Q1-Q4,§问题二时限公式；提交表逐箱交付
S014-MED-01.medical,M_b,Model.boxes[S014-MED-01].medical,True,布尔,input/物资需求与配送时限.xlsx::逐箱货箱清单,code/mountain_flood/core/domain.py;code/mountain_flood/problem2/search.py;code/mountain_flood/validation/replay.py,Q1-Q4,§问题二时限公式；提交表逐箱交付
S014-WAT-01.node,i_b,Model.boxes[S014-WAT-01].node,14,服务区索引,input/物资需求与配送时限.xlsx::逐箱货箱清单,code/mountain_flood/core/domain.py;code/mountain_flood/problem2/search.py;code/mountain_flood/validation/replay.py,Q1-Q4,§问题二时限公式；提交表逐箱交付
S014-WAT-01.w,w_b,Model.boxes[S014-WAT-01].w,14,kg,input/物资需求与配送时限.xlsx::逐箱货箱清单,code/mountain_flood/core/domain.py;code/mountain_flood/problem2/search.py;code/mountain_flood/validation/replay.py,Q1-Q4,§问题二时限公式；提交表逐箱交付
S014-WAT-01.v,v_b,Model.boxes[S014-WAT-01].v,0.027,m³,input/物资需求与配送时限.xlsx::逐箱货箱清单,code/mountain_flood/core/domain.py;code/mountain_flood/problem2/search.py;code/mountain_flood/validation/replay.py,Q1-Q4,§问题二时限公式；提交表逐箱交付
S014-WAT-01.due,d_b,Model.boxes[S014-WAT-01].due,3600,s,input/物资需求与配送时限.xlsx::逐箱货箱清单,code/mountain_flood/core/domain.py;code/mountain_flood/problem2/search.py;code/mountain_flood/validation/replay.py,Q1-Q4,§问题二时限公式；提交表逐箱交付
S014-WAT-01.deadline,h_b,Model.boxes[S014-WAT-01].deadline,3600,s,input/物资需求与配送时限.xlsx::逐箱货箱清单,code/mountain_flood/core/domain.py;code/mountain_flood/problem2/search.py;code/mountain_flood/validation/replay.py,Q1-Q4,§问题二时限公式；提交表逐箱交付
S014-WAT-01.priority,π_b,Model.boxes[S014-WAT-01].priority,12,系数,input/物资需求与配送时限.xlsx::逐箱货箱清单,code/mountain_flood/core/domain.py;code/mountain_flood/problem2/search.py;code/mountain_flood/validation/replay.py,Q1-Q4,§问题二时限公式；提交表逐箱交付
S014-WAT-01.first,F_b,Model.boxes[S014-WAT-01].first,True,布尔,input/物资需求与配送时限.xlsx::逐箱货箱清单,code/mountain_flood/core/domain.py;code/mountain_flood/problem2/search.py;code/mountain_flood/validation/replay.py,Q1-Q4,§问题二时限公式；提交表逐箱交付
S014-WAT-01.medical,M_b,Model.boxes[S014-WAT-01].medical,False,布尔,input/物资需求与配送时限.xlsx::逐箱货箱清单,code/mountain_flood/core/domain.py;code/mountain_flood/problem2/search.py;code/mountain_flood/validation/replay.py,Q1-Q4,§问题二时限公式；提交表逐箱交付
S014-FOD-01.node,i_b,Model.boxes[S014-FOD-01].node,14,服务区索引,input/物资需求与配送时限.xlsx::逐箱货箱清单,code/mountain_flood/core/domain.py;code/mountain_flood/problem2/search.py;code/mountain_flood/validation/replay.py,Q1-Q4,§问题二时限公式；提交表逐箱交付
S014-FOD-01.w,w_b,Model.boxes[S014-FOD-01].w,8,kg,input/物资需求与配送时限.xlsx::逐箱货箱清单,code/mountain_flood/core/domain.py;code/mountain_flood/problem2/search.py;code/mountain_flood/validation/replay.py,Q1-Q4,§问题二时限公式；提交表逐箱交付
S014-FOD-01.v,v_b,Model.boxes[S014-FOD-01].v,0.028,m³,input/物资需求与配送时限.xlsx::逐箱货箱清单,code/mountain_flood/core/domain.py;code/mountain_flood/problem2/search.py;code/mountain_flood/validation/replay.py,Q1-Q4,§问题二时限公式；提交表逐箱交付
S014-FOD-01.due,d_b,Model.boxes[S014-FOD-01].due,7200,s,input/物资需求与配送时限.xlsx::逐箱货箱清单,code/mountain_flood/core/domain.py;code/mountain_flood/problem2/search.py;code/mountain_flood/validation/replay.py,Q1-Q4,§问题二时限公式；提交表逐箱交付
S014-FOD-01.deadline,h_b,Model.boxes[S014-FOD-01].deadline,无硬截止,s,input/物资需求与配送时限.xlsx::逐箱货箱清单,code/mountain_flood/core/domain.py;code/mountain_flood/problem2/search.py;code/mountain_flood/validation/replay.py,Q1-Q4,§问题二时限公式；提交表逐箱交付
S014-FOD-01.priority,π_b,Model.boxes[S014-FOD-01].priority,10,系数,input/物资需求与配送时限.xlsx::逐箱货箱清单,code/mountain_flood/core/domain.py;code/mountain_flood/problem2/search.py;code/mountain_flood/validation/replay.py,Q1-Q4,§问题二时限公式；提交表逐箱交付
S014-FOD-01.first,F_b,Model.boxes[S014-FOD-01].first,False,布尔,input/物资需求与配送时限.xlsx::逐箱货箱清单,code/mountain_flood/core/domain.py;code/mountain_flood/problem2/search.py;code/mountain_flood/validation/replay.py,Q1-Q4,§问题二时限公式；提交表逐箱交付
S014-FOD-01.medical,M_b,Model.boxes[S014-FOD-01].medical,False,布尔,input/物资需求与配送时限.xlsx::逐箱货箱清单,code/mountain_flood/core/domain.py;code/mountain_flood/problem2/search.py;code/mountain_flood/validation/replay.py,Q1-Q4,§问题二时限公式；提交表逐箱交付
S015-MED-01.node,i_b,Model.boxes[S015-MED-01].node,15,服务区索引,input/物资需求与配送时限.xlsx::逐箱货箱清单,code/mountain_flood/core/domain.py;code/mountain_flood/problem2/search.py;code/mountain_flood/validation/replay.py,Q1-Q4,§问题二时限公式；提交表逐箱交付
S015-MED-01.w,w_b,Model.boxes[S015-MED-01].w,3,kg,input/物资需求与配送时限.xlsx::逐箱货箱清单,code/mountain_flood/core/domain.py;code/mountain_flood/problem2/search.py;code/mountain_flood/validation/replay.py,Q1-Q4,§问题二时限公式；提交表逐箱交付
S015-MED-01.v,v_b,Model.boxes[S015-MED-01].v,0.012,m³,input/物资需求与配送时限.xlsx::逐箱货箱清单,code/mountain_flood/core/domain.py;code/mountain_flood/problem2/search.py;code/mountain_flood/validation/replay.py,Q1-Q4,§问题二时限公式；提交表逐箱交付
S015-MED-01.due,d_b,Model.boxes[S015-MED-01].due,7200,s,input/物资需求与配送时限.xlsx::逐箱货箱清单,code/mountain_flood/core/domain.py;code/mountain_flood/problem2/search.py;code/mountain_flood/validation/replay.py,Q1-Q4,§问题二时限公式；提交表逐箱交付
S015-MED-01.deadline,h_b,Model.boxes[S015-MED-01].deadline,7200,s,input/物资需求与配送时限.xlsx::逐箱货箱清单,code/mountain_flood/core/domain.py;code/mountain_flood/problem2/search.py;code/mountain_flood/validation/replay.py,Q1-Q4,§问题二时限公式；提交表逐箱交付
S015-MED-01.priority,π_b,Model.boxes[S015-MED-01].priority,18,系数,input/物资需求与配送时限.xlsx::逐箱货箱清单,code/mountain_flood/core/domain.py;code/mountain_flood/problem2/search.py;code/mountain_flood/validation/replay.py,Q1-Q4,§问题二时限公式；提交表逐箱交付
S015-MED-01.first,F_b,Model.boxes[S015-MED-01].first,True,布尔,input/物资需求与配送时限.xlsx::逐箱货箱清单,code/mountain_flood/core/domain.py;code/mountain_flood/problem2/search.py;code/mountain_flood/validation/replay.py,Q1-Q4,§问题二时限公式；提交表逐箱交付
S015-MED-01.medical,M_b,Model.boxes[S015-MED-01].medical,True,布尔,input/物资需求与配送时限.xlsx::逐箱货箱清单,code/mountain_flood/core/domain.py;code/mountain_flood/problem2/search.py;code/mountain_flood/validation/replay.py,Q1-Q4,§问题二时限公式；提交表逐箱交付
S015-WAT-01.node,i_b,Model.boxes[S015-WAT-01].node,15,服务区索引,input/物资需求与配送时限.xlsx::逐箱货箱清单,code/mountain_flood/core/domain.py;code/mountain_flood/problem2/search.py;code/mountain_flood/validation/replay.py,Q1-Q4,§问题二时限公式；提交表逐箱交付
S015-WAT-01.w,w_b,Model.boxes[S015-WAT-01].w,14,kg,input/物资需求与配送时限.xlsx::逐箱货箱清单,code/mountain_flood/core/domain.py;code/mountain_flood/problem2/search.py;code/mountain_flood/validation/replay.py,Q1-Q4,§问题二时限公式；提交表逐箱交付
S015-WAT-01.v,v_b,Model.boxes[S015-WAT-01].v,0.027,m³,input/物资需求与配送时限.xlsx::逐箱货箱清单,code/mountain_flood/core/domain.py;code/mountain_flood/problem2/search.py;code/mountain_flood/validation/replay.py,Q1-Q4,§问题二时限公式；提交表逐箱交付
S015-WAT-01.due,d_b,Model.boxes[S015-WAT-01].due,10800,s,input/物资需求与配送时限.xlsx::逐箱货箱清单,code/mountain_flood/core/domain.py;code/mountain_flood/problem2/search.py;code/mountain_flood/validation/replay.py,Q1-Q4,§问题二时限公式；提交表逐箱交付
S015-WAT-01.deadline,h_b,Model.boxes[S015-WAT-01].deadline,10800,s,input/物资需求与配送时限.xlsx::逐箱货箱清单,code/mountain_flood/core/domain.py;code/mountain_flood/problem2/search.py;code/mountain_flood/validation/replay.py,Q1-Q4,§问题二时限公式；提交表逐箱交付
S015-WAT-01.priority,π_b,Model.boxes[S015-WAT-01].priority,8,系数,input/物资需求与配送时限.xlsx::逐箱货箱清单,code/mountain_flood/core/domain.py;code/mountain_flood/problem2/search.py;code/mountain_flood/validation/replay.py,Q1-Q4,§问题二时限公式；提交表逐箱交付
S015-WAT-01.first,F_b,Model.boxes[S015-WAT-01].first,True,布尔,input/物资需求与配送时限.xlsx::逐箱货箱清单,code/mountain_flood/core/domain.py;code/mountain_flood/problem2/search.py;code/mountain_flood/validation/replay.py,Q1-Q4,§问题二时限公式；提交表逐箱交付
S015-WAT-01.medical,M_b,Model.boxes[S015-WAT-01].medical,False,布尔,input/物资需求与配送时限.xlsx::逐箱货箱清单,code/mountain_flood/core/domain.py;code/mountain_flood/problem2/search.py;code/mountain_flood/validation/replay.py,Q1-Q4,§问题二时限公式；提交表逐箱交付
S015-FOD-01.node,i_b,Model.boxes[S015-FOD-01].node,15,服务区索引,input/物资需求与配送时限.xlsx::逐箱货箱清单,code/mountain_flood/core/domain.py;code/mountain_flood/problem2/search.py;code/mountain_flood/validation/replay.py,Q1-Q4,§问题二时限公式；提交表逐箱交付
S015-FOD-01.w,w_b,Model.boxes[S015-FOD-01].w,8,kg,input/物资需求与配送时限.xlsx::逐箱货箱清单,code/mountain_flood/core/domain.py;code/mountain_flood/problem2/search.py;code/mountain_flood/validation/replay.py,Q1-Q4,§问题二时限公式；提交表逐箱交付
S015-FOD-01.v,v_b,Model.boxes[S015-FOD-01].v,0.028,m³,input/物资需求与配送时限.xlsx::逐箱货箱清单,code/mountain_flood/core/domain.py;code/mountain_flood/problem2/search.py;code/mountain_flood/validation/replay.py,Q1-Q4,§问题二时限公式；提交表逐箱交付
S015-FOD-01.due,d_b,Model.boxes[S015-FOD-01].due,14400,s,input/物资需求与配送时限.xlsx::逐箱货箱清单,code/mountain_flood/core/domain.py;code/mountain_flood/problem2/search.py;code/mountain_flood/validation/replay.py,Q1-Q4,§问题二时限公式；提交表逐箱交付
S015-FOD-01.deadline,h_b,Model.boxes[S015-FOD-01].deadline,无硬截止,s,input/物资需求与配送时限.xlsx::逐箱货箱清单,code/mountain_flood/core/domain.py;code/mountain_flood/problem2/search.py;code/mountain_flood/validation/replay.py,Q1-Q4,§问题二时限公式；提交表逐箱交付
S015-FOD-01.priority,π_b,Model.boxes[S015-FOD-01].priority,6,系数,input/物资需求与配送时限.xlsx::逐箱货箱清单,code/mountain_flood/core/domain.py;code/mountain_flood/problem2/search.py;code/mountain_flood/validation/replay.py,Q1-Q4,§问题二时限公式；提交表逐箱交付
S015-FOD-01.first,F_b,Model.boxes[S015-FOD-01].first,False,布尔,input/物资需求与配送时限.xlsx::逐箱货箱清单,code/mountain_flood/core/domain.py;code/mountain_flood/problem2/search.py;code/mountain_flood/validation/replay.py,Q1-Q4,§问题二时限公式；提交表逐箱交付
S015-FOD-01.medical,M_b,Model.boxes[S015-FOD-01].medical,False,布尔,input/物资需求与配送时限.xlsx::逐箱货箱清单,code/mountain_flood/core/domain.py;code/mountain_flood/problem2/search.py;code/mountain_flood/validation/replay.py,Q1-Q4,§问题二时限公式；提交表逐箱交付
base_parameters.dem_file,—,base_parameters.dem_file,镇龙乡及周边30米DEM.tif,按字段名,config/base_parameters.json,code/mountain_flood/core/parameters.py;code/mountain_flood/problem3/communication.py;code/mountain_flood/problem2/search.py,Q1-Q4,§假设；§算法实验
base_parameters.terrain_clearance_m,—,base_parameters.terrain_clearance_m,50,按字段名,config/base_parameters.json,code/mountain_flood/core/parameters.py;code/mountain_flood/problem3/communication.py;code/mountain_flood/problem2/search.py,Q1-Q4,§假设；§算法实验
base_parameters.service_height_m,—,base_parameters.service_height_m,30,按字段名,config/base_parameters.json,code/mountain_flood/core/parameters.py;code/mountain_flood/problem3/communication.py;code/mountain_flood/problem2/search.py,Q1-Q4,§假设；§算法实验
base_parameters.gravity_m_s2,—,base_parameters.gravity_m_s2,9.81,按字段名,config/base_parameters.json,code/mountain_flood/core/parameters.py;code/mountain_flood/problem3/communication.py;code/mountain_flood/problem2/search.py,Q1-Q4,§假设；§算法实验
base_parameters.charge_soc_break,—,base_parameters.charge_soc_break,0.9,按字段名,config/base_parameters.json,code/mountain_flood/core/parameters.py;code/mountain_flood/problem3/communication.py;code/mountain_flood/problem2/search.py,Q1-Q4,§假设；§算法实验
base_parameters.charge_first_stage_fraction,—,base_parameters.charge_first_stage_fraction,0.65,按字段名,config/base_parameters.json,code/mountain_flood/core/parameters.py;code/mountain_flood/problem3/communication.py;code/mountain_flood/problem2/search.py,Q1-Q4,§假设；§算法实验
base_parameters.charge_second_stage_fraction,—,base_parameters.charge_second_stage_fraction,0.35,按字段名,config/base_parameters.json,code/mountain_flood/core/parameters.py;code/mountain_flood/problem3/communication.py;code/mountain_flood/problem2/search.py,Q1-Q4,§假设；§算法实验
base_parameters.initial_soc,—,base_parameters.initial_soc,1.0,按字段名,config/base_parameters.json,code/mountain_flood/core/parameters.py;code/mountain_flood/problem3/communication.py;code/mountain_flood/problem2/search.py,Q1-Q4,§假设；§算法实验
base_parameters.relay_max_agl_m,—,base_parameters.relay_max_agl_m,300,按字段名,config/base_parameters.json,code/mountain_flood/core/parameters.py;code/mountain_flood/problem3/communication.py;code/mountain_flood/problem2/search.py,Q1-Q4,§假设；§算法实验
optimization_parameters.method_comparison.methods,—,optimization_parameters.method_comparison.methods,"[""grasp"", ""hill"", ""anneal"", ""tabu""]",按字段名,config/optimization_parameters.json,code/mountain_flood/core/parameters.py;code/mountain_flood/problem3/communication.py;code/mountain_flood/problem2/search.py,Q1-Q4,§假设；§算法实验
optimization_parameters.method_comparison.seeds,—,optimization_parameters.method_comparison.seeds,"[0, 1, 2]",按字段名,config/optimization_parameters.json,code/mountain_flood/core/parameters.py;code/mountain_flood/problem3/communication.py;code/mountain_flood/problem2/search.py,Q1-Q4,§假设；§算法实验
optimization_parameters.method_comparison.search_budget_s,—,optimization_parameters.method_comparison.search_budget_s,6,按字段名,config/optimization_parameters.json,code/mountain_flood/core/parameters.py;code/mountain_flood/problem3/communication.py;code/mountain_flood/problem2/search.py,Q1-Q4,§假设；§算法实验
optimization_parameters.method_comparison.schedule_budget_s,—,optimization_parameters.method_comparison.schedule_budget_s,8,按字段名,config/optimization_parameters.json,code/mountain_flood/core/parameters.py;code/mountain_flood/problem3/communication.py;code/mountain_flood/problem2/search.py,Q1-Q4,§假设；§算法实验
optimization_parameters.method_comparison.cp_sat_seed,—,optimization_parameters.method_comparison.cp_sat_seed,42,按字段名,config/optimization_parameters.json,code/mountain_flood/core/parameters.py;code/mountain_flood/problem3/communication.py;code/mountain_flood/problem2/search.py,Q1-Q4,§假设；§算法实验
optimization_parameters.route_search.max_stops_per_route,—,optimization_parameters.route_search.max_stops_per_route,3,按字段名,config/optimization_parameters.json,code/mountain_flood/core/parameters.py;code/mountain_flood/problem3/communication.py;code/mountain_flood/problem2/search.py,Q1-Q4,§假设；§算法实验
optimization_parameters.route_search.mutation_attempts,—,optimization_parameters.route_search.mutation_attempts,35,按字段名,config/optimization_parameters.json,code/mountain_flood/core/parameters.py;code/mountain_flood/problem3/communication.py;code/mountain_flood/problem2/search.py,Q1-Q4,§假设；§算法实验
optimization_parameters.route_search.hill_neighbors,—,optimization_parameters.route_search.hill_neighbors,10,按字段名,config/optimization_parameters.json,code/mountain_flood/core/parameters.py;code/mountain_flood/problem3/communication.py;code/mountain_flood/problem2/search.py,Q1-Q4,§假设；§算法实验
optimization_parameters.route_search.tabu_neighbors,—,optimization_parameters.route_search.tabu_neighbors,10,按字段名,config/optimization_parameters.json,code/mountain_flood/core/parameters.py;code/mountain_flood/problem3/communication.py;code/mountain_flood/problem2/search.py,Q1-Q4,§假设；§算法实验
optimization_parameters.route_search.hill_restart_interval,—,optimization_parameters.route_search.hill_restart_interval,8,按字段名,config/optimization_parameters.json,code/mountain_flood/core/parameters.py;code/mountain_flood/problem3/communication.py;code/mountain_flood/problem2/search.py,Q1-Q4,§假设；§算法实验
optimization_parameters.route_search.tabu_tenure,—,optimization_parameters.route_search.tabu_tenure,12,按字段名,config/optimization_parameters.json,code/mountain_flood/core/parameters.py;code/mountain_flood/problem3/communication.py;code/mountain_flood/problem2/search.py,Q1-Q4,§假设；§算法实验
optimization_parameters.route_search.anneal_min_temperature,—,optimization_parameters.route_search.anneal_min_temperature,0.001,按字段名,config/optimization_parameters.json,code/mountain_flood/core/parameters.py;code/mountain_flood/problem3/communication.py;code/mountain_flood/problem2/search.py,Q1-Q4,§假设；§算法实验
optimization_parameters.route_search.anneal_acceptance_scale,—,optimization_parameters.route_search.anneal_acceptance_scale,50000,按字段名,config/optimization_parameters.json,code/mountain_flood/core/parameters.py;code/mountain_flood/problem3/communication.py;code/mountain_flood/problem2/search.py,Q1-Q4,§假设；§算法实验
optimization_parameters.route_search.initial_seed_attempts,—,optimization_parameters.route_search.initial_seed_attempts,30,按字段名,config/optimization_parameters.json,code/mountain_flood/core/parameters.py;code/mountain_flood/problem3/communication.py;code/mountain_flood/problem2/search.py,Q1-Q4,§假设；§算法实验
optimization_parameters.route_search.schedule_horizon_s,—,optimization_parameters.route_search.schedule_horizon_s,24000,按字段名,config/optimization_parameters.json,code/mountain_flood/core/parameters.py;code/mountain_flood/problem3/communication.py;code/mountain_flood/problem2/search.py,Q1-Q4,§假设；§算法实验
optimization_parameters.construction.jitter_min,—,optimization_parameters.construction.jitter_min,0.75,按字段名,config/optimization_parameters.json,code/mountain_flood/core/parameters.py;code/mountain_flood/problem3/communication.py;code/mountain_flood/problem2/search.py,Q1-Q4,§假设；§算法实验
optimization_parameters.construction.jitter_max,—,optimization_parameters.construction.jitter_max,1.25,按字段名,config/optimization_parameters.json,code/mountain_flood/core/parameters.py;code/mountain_flood/problem3/communication.py;code/mountain_flood/problem2/search.py,Q1-Q4,§假设；§算法实验
optimization_parameters.construction.exponent_min,—,optimization_parameters.construction.exponent_min,0.1,按字段名,config/optimization_parameters.json,code/mountain_flood/core/parameters.py;code/mountain_flood/problem3/communication.py;code/mountain_flood/problem2/search.py,Q1-Q4,§假设；§算法实验
optimization_parameters.construction.exponent_max,—,optimization_parameters.construction.exponent_max,0.8,按字段名,config/optimization_parameters.json,code/mountain_flood/core/parameters.py;code/mountain_flood/problem3/communication.py;code/mountain_flood/problem2/search.py,Q1-Q4,§假设；§算法实验
optimization_parameters.construction.energy_weight_max,—,optimization_parameters.construction.energy_weight_max,0.2,按字段名,config/optimization_parameters.json,code/mountain_flood/core/parameters.py;code/mountain_flood/problem3/communication.py;code/mountain_flood/problem2/search.py,Q1-Q4,§假设；§算法实验
optimization_parameters.construction.soft_due_offset_s,—,optimization_parameters.construction.soft_due_offset_s,10000,按字段名,config/optimization_parameters.json,code/mountain_flood/core/parameters.py;code/mountain_flood/problem3/communication.py;code/mountain_flood/problem2/search.py,Q1-Q4,§假设；§算法实验
optimization_parameters.construction.seed_shortlist,—,optimization_parameters.construction.seed_shortlist,12,按字段名,config/optimization_parameters.json,code/mountain_flood/core/parameters.py;code/mountain_flood/problem3/communication.py;code/mountain_flood/problem2/search.py,Q1-Q4,§假设；§算法实验
optimization_parameters.construction.hard_priority_multiplier,—,optimization_parameters.construction.hard_priority_multiplier,3,按字段名,config/optimization_parameters.json,code/mountain_flood/core/parameters.py;code/mountain_flood/problem3/communication.py;code/mountain_flood/problem2/search.py,Q1-Q4,§假设；§算法实验
optimization_parameters.construction.marginal_duration_divisor_s,—,optimization_parameters.construction.marginal_duration_divisor_s,600,按字段名,config/optimization_parameters.json,code/mountain_flood/core/parameters.py;code/mountain_flood/problem3/communication.py;code/mountain_flood/problem2/search.py,Q1-Q4,§假设；§算法实验
optimization_parameters.construction.marginal_offset,—,optimization_parameters.construction.marginal_offset,0.15,按字段名,config/optimization_parameters.json,code/mountain_flood/core/parameters.py;code/mountain_flood/problem3/communication.py;code/mountain_flood/problem2/search.py,Q1-Q4,§假设；§算法实验
optimization_parameters.construction.score_time_divisor_s,—,optimization_parameters.construction.score_time_divisor_s,1000,按字段名,config/optimization_parameters.json,code/mountain_flood/core/parameters.py;code/mountain_flood/problem3/communication.py;code/mountain_flood/problem2/search.py,Q1-Q4,§假设；§算法实验
optimization_parameters.construction.tardiness_divisor_s,—,optimization_parameters.construction.tardiness_divisor_s,3600,按字段名,config/optimization_parameters.json,code/mountain_flood/core/parameters.py;code/mountain_flood/problem3/communication.py;code/mountain_flood/problem2/search.py,Q1-Q4,§假设；§算法实验
optimization_parameters.anneal_scalar.hard_violation_weight,—,optimization_parameters.anneal_scalar.hard_violation_weight,10000000,按字段名,config/optimization_parameters.json,code/mountain_flood/core/parameters.py;code/mountain_flood/problem3/communication.py;code/mountain_flood/problem2/search.py,Q1-Q4,§假设；§算法实验
optimization_parameters.anneal_scalar.soft_tardiness_weight,—,optimization_parameters.anneal_scalar.soft_tardiness_weight,100,按字段名,config/optimization_parameters.json,code/mountain_flood/core/parameters.py;code/mountain_flood/problem3/communication.py;code/mountain_flood/problem2/search.py,Q1-Q4,§假设；§算法实验
optimization_parameters.anneal_scalar.makespan_divisor,—,optimization_parameters.anneal_scalar.makespan_divisor,100,按字段名,config/optimization_parameters.json,code/mountain_flood/core/parameters.py;code/mountain_flood/problem3/communication.py;code/mountain_flood/problem2/search.py,Q1-Q4,§假设；§算法实验
optimization_parameters.anneal_scalar.arrival_divisor,—,optimization_parameters.anneal_scalar.arrival_divisor,10,按字段名,config/optimization_parameters.json,code/mountain_flood/core/parameters.py;code/mountain_flood/problem3/communication.py;code/mountain_flood/problem2/search.py,Q1-Q4,§假设；§算法实验
optimization_parameters.q1_capacity_bisection_iterations,—,optimization_parameters.q1_capacity_bisection_iterations,55,按字段名,config/optimization_parameters.json,code/mountain_flood/core/parameters.py;code/mountain_flood/problem3/communication.py;code/mountain_flood/problem2/search.py,Q1-Q4,§假设；§算法实验
optimization_parameters.communication_certificate.step_s,—,optimization_parameters.communication_certificate.step_s,10,按字段名,config/optimization_parameters.json,code/mountain_flood/core/parameters.py;code/mountain_flood/problem3/communication.py;code/mountain_flood/problem2/search.py,Q1-Q4,§假设；§算法实验
optimization_parameters.communication_certificate.max_depth,—,optimization_parameters.communication_certificate.max_depth,6,按字段名,config/optimization_parameters.json,code/mountain_flood/core/parameters.py;code/mountain_flood/problem3/communication.py;code/mountain_flood/problem2/search.py,Q1-Q4,§假设；§算法实验
optimization_parameters.communication_certificate.distance_safety_factor,—,optimization_parameters.communication_certificate.distance_safety_factor,1.0002,按字段名,config/optimization_parameters.json,code/mountain_flood/core/parameters.py;code/mountain_flood/problem3/communication.py;code/mountain_flood/problem2/search.py,Q1-Q4,§假设；§算法实验
optimization_parameters.relay_site_search.grid_m,—,optimization_parameters.relay_site_search.grid_m,750,按字段名,config/optimization_parameters.json,code/mountain_flood/core/parameters.py;code/mountain_flood/problem3/communication.py;code/mountain_flood/problem2/search.py,Q1-Q4,§假设；§算法实验
optimization_parameters.relay_site_search.x_min_m,—,optimization_parameters.relay_site_search.x_min_m,-6000,按字段名,config/optimization_parameters.json,code/mountain_flood/core/parameters.py;code/mountain_flood/problem3/communication.py;code/mountain_flood/problem2/search.py,Q1-Q4,§假设；§算法实验
optimization_parameters.relay_site_search.x_stop_m,—,optimization_parameters.relay_site_search.x_stop_m,6750,按字段名,config/optimization_parameters.json,code/mountain_flood/core/parameters.py;code/mountain_flood/problem3/communication.py;code/mountain_flood/problem2/search.py,Q1-Q4,§假设；§算法实验
optimization_parameters.relay_site_search.y_min_m,—,optimization_parameters.relay_site_search.y_min_m,0,按字段名,config/optimization_parameters.json,code/mountain_flood/core/parameters.py;code/mountain_flood/problem3/communication.py;code/mountain_flood/problem2/search.py,Q1-Q4,§假设；§算法实验
optimization_parameters.relay_site_search.y_stop_m,—,optimization_parameters.relay_site_search.y_stop_m,9750,按字段名,config/optimization_parameters.json,code/mountain_flood/core/parameters.py;code/mountain_flood/problem3/communication.py;code/mountain_flood/problem2/search.py,Q1-Q4,§假设；§算法实验
optimization_parameters.relay_site_search.direct_sampling_m,—,optimization_parameters.relay_site_search.direct_sampling_m,150,按字段名,config/optimization_parameters.json,code/mountain_flood/core/parameters.py;code/mountain_flood/problem3/communication.py;code/mountain_flood/problem2/search.py,Q1-Q4,§假设；§算法实验
optimization_parameters.relay_site_search.direct_gap_threshold_db,—,optimization_parameters.relay_site_search.direct_gap_threshold_db,0.2,按字段名,config/optimization_parameters.json,code/mountain_flood/core/parameters.py;code/mountain_flood/problem3/communication.py;code/mountain_flood/problem2/search.py,Q1-Q4,§假设；§算法实验
optimization_parameters.relay_site_search.required_margin_db,—,optimization_parameters.relay_site_search.required_margin_db,0.3,按字段名,config/optimization_parameters.json,code/mountain_flood/core/parameters.py;code/mountain_flood/problem3/communication.py;code/mountain_flood/problem2/search.py,Q1-Q4,§假设；§算法实验
optimization_parameters.q3_schedule_horizon_s,—,optimization_parameters.q3_schedule_horizon_s,13000,按字段名,config/optimization_parameters.json,code/mountain_flood/core/parameters.py;code/mountain_flood/problem3/communication.py;code/mountain_flood/problem2/search.py,Q1-Q4,§假设；§算法实验
metric.makespan,—,summary / validation / q4,Q2: max transport route end; Q3: max transport/relay end,s,代码定义,code/mountain_flood/problem2/transport.py;code/mountain_flood/validation/replay.py;code/mountain_flood/problem4/partition.py,Q1-Q4,§结果；§问题四；§结论
metric.energy,—,summary / validation / q4,Q2: sum transport route energy; Q3: transport plus relay,kWh,代码定义,code/mountain_flood/problem2/transport.py;code/mountain_flood/validation/replay.py;code/mountain_flood/problem4/partition.py,Q1-Q4,§结果；§问题四；§结论
metric.flight_count,—,summary / validation / q4,"Q1/Q2/Q3 transport route count, Q3 relay separately",架次,代码定义,code/mountain_flood/problem2/transport.py;code/mountain_flood/validation/replay.py;code/mountain_flood/problem4/partition.py,Q1-Q4,§结果；§问题四；§结论
metric.weighted_tardiness,—,summary / validation / q4,"sum nonmedical priority*max(0,arrival-due)",系数·s,代码定义,code/mountain_flood/problem2/transport.py;code/mountain_flood/validation/replay.py;code/mountain_flood/problem4/partition.py,Q1-Q4,§结果；§问题四；§结论
metric.weighted_arrival,—,summary / validation / q4,sum all box priority*arrival / sum priority,s,代码定义,code/mountain_flood/problem2/transport.py;code/mountain_flood/validation/replay.py;code/mountain_flood/problem4/partition.py,Q1-Q4,§结果；§问题四；§结论
metric.comm_coverage,—,summary / validation / q4,certified intervals cover every airborne interval,比例,代码定义,code/mountain_flood/problem2/transport.py;code/mountain_flood/validation/replay.py;code/mountain_flood/problem4/partition.py,Q1-Q4,§结果；§问题四；§结论
metric.resource_utilization,—,summary / validation / q4,peak nonoverlapping machine/battery/component intervals,件,代码定义,code/mountain_flood/problem2/transport.py;code/mountain_flood/validation/replay.py;code/mountain_flood/problem4/partition.py,Q1-Q4,§结果；§问题四；§结论
metric.partition_balance,—,summary / validation / q4,std(group work)/mean(group work),1,代码定义,code/mountain_flood/problem2/transport.py;code/mountain_flood/validation/replay.py;code/mountain_flood/problem4/partition.py,Q1-Q4,§结果；§问题四；§结论
