file,line,value,context,classification
code/assemble_figure_pool.py,13,1,ROOT = Path(__file__).resolve().parents[1],path/bootstrap
code/assemble_figure_pool.py,54,2,"json.dumps(manifest, ensure_ascii=False, indent=2), encoding=""utf-8"")",solver/physics/index; inspect context
code/assemble_figure_pool.py,55,3,"print(f""PASS {len(expected)//3} figures, 3 formats each: {POOL}"")",solver/physics/index; inspect context
code/audit_kmax_archive.py,13,1,ROOT = Path(__file__).resolve().parents[1],path/bootstrap
code/audit_kmax_archive.py,29,48,"if len(data[""trials""]) != 48 or {(t[""kmax""], t[""seed""], t[""method""])",solver/physics/index; inspect context
code/audit_kmax_archive.py,61,1,raise SystemExit(1),solver/physics/index; inspect context
code/audit_kmax_archive.py,25,2,"expected = {(k, seed, method) for k in (2, 3, 4, 5)",solver/physics/index; inspect context
code/audit_kmax_archive.py,25,3,"expected = {(k, seed, method) for k in (2, 3, 4, 5)",solver/physics/index; inspect context
code/audit_kmax_archive.py,25,4,"expected = {(k, seed, method) for k in (2, 3, 4, 5)",solver/physics/index; inspect context
code/audit_kmax_archive.py,25,5,"expected = {(k, seed, method) for k in (2, 3, 4, 5)",solver/physics/index; inspect context
code/audit_kmax_archive.py,26,0,"for seed in (0, 1, 2)",solver/physics/index; inspect context
code/audit_kmax_archive.py,26,1,"for seed in (0, 1, 2)",solver/physics/index; inspect context
code/audit_kmax_archive.py,26,2,"for seed in (0, 1, 2)",solver/physics/index; inspect context
code/audit_kmax_archive.py,49,1e-07,"if abs(replay[""min_transport_soc""] - trial[""min_return_soc""]) > 1e-7:",solver/physics/index; inspect context
code/audit_kmax_archive.py,58,2,"OUTPUT.write_text(json.dumps(output, ensure_ascii=False, indent=2), encoding=""utf-8"")",solver/physics/index; inspect context
code/controlled_stress.py,9,1,ROOT = Path(__file__).resolve().parents[1],path/bootstrap
code/controlled_stress.py,33,0,"for extra in (0, 0.5, 1, 2, 3):",solver/physics/index; inspect context
code/controlled_stress.py,33,0.5,"for extra in (0, 0.5, 1, 2, 3):",solver/physics/index; inspect context
code/controlled_stress.py,33,1,"for extra in (0, 0.5, 1, 2, 3):",solver/physics/index; inspect context
code/controlled_stress.py,33,2,"for extra in (0, 0.5, 1, 2, 3):",solver/physics/index; inspect context
code/controlled_stress.py,33,3,"for extra in (0, 0.5, 1, 2, 3):",solver/physics/index; inspect context
code/controlled_stress.py,20,1.0,"for multiplier in (1.00, 1.01, 1.02, 1.03, 1.05):",solver/physics/index; inspect context
code/controlled_stress.py,20,1.01,"for multiplier in (1.00, 1.01, 1.02, 1.03, 1.05):",solver/physics/index; inspect context
code/controlled_stress.py,20,1.02,"for multiplier in (1.00, 1.01, 1.02, 1.03, 1.05):",solver/physics/index; inspect context
code/controlled_stress.py,20,1.03,"for multiplier in (1.00, 1.01, 1.02, 1.03, 1.05):",solver/physics/index; inspect context
code/controlled_stress.py,20,1.05,"for multiplier in (1.00, 1.01, 1.02, 1.03, 1.05):",solver/physics/index; inspect context
code/controlled_stress.py,39,2,"target.write_text(json.dumps(output, ensure_ascii=False, indent=2), encoding=""utf-8"")",solver/physics/index; inspect context
code/controlled_stress.py,40,2,"print(json.dumps(output, ensure_ascii=False, indent=2))",solver/physics/index; inspect context
code/controlled_stress.py,25,1,soc = 1 - energy / rated,solver/physics/index; inspect context
code/controlled_stress.py,24,1,"rated = route[""energy_kwh""] / (1 - route[""soc""])",solver/physics/index; inspect context
code/controlled_stress.py,28,1e-08,"failures = [row[""route""] for row in rows if row[""reserve_margin_kwh""] < -1e-8]",solver/physics/index; inspect context
code/controlled_stress.py,36,1e-08,"uncertified_intervals=sum(x < -1e-8 for x in margins),",solver/physics/index; inspect context
code/figure_raw_inputs.py,14,1,ROOT = Path(__file__).resolve().parents[1],path/bootstrap
code/figure_raw_inputs.py,16,9,"plt.rcParams.update({""font.family"": ""PingFang SC"", ""font.size"": 9,",solver/physics/index; inspect context
code/figure_raw_inputs.py,37,1,"(hard if row[2] == ""医疗物资"" or row[5] == ""是"" else soft)[row[1]] += 1",solver/physics/index; inspect context
code/figure_raw_inputs.py,70,0,"ax.set_ylim(0, max(values) * 1.15)",solver/physics/index; inspect context
code/figure_raw_inputs.py,87,0,"ax.set_ylim(0, max(values) * 1.2)",solver/physics/index; inspect context
code/figure_raw_inputs.py,29,300,"dpi=300, size_inches=size, grayscale_preview=False, tight=False)",solver/physics/index; inspect context
code/figure_raw_inputs.py,34,1,"boxes = rows(""物资需求与配送时限"", ""逐箱货箱清单"")[1:]",solver/physics/index; inspect context
code/figure_raw_inputs.py,45,2,"ax.legend(frameon=False, ncol=2, loc=""upper right"")",solver/physics/index; inspect context
code/figure_raw_inputs.py,46,0.2,"ax.grid(axis=""y"", alpha=0.2)",solver/physics/index; inspect context
code/figure_raw_inputs.py,47,45,"ax.tick_params(axis=""x"", labelrotation=45)",solver/physics/index; inspect context
code/figure_raw_inputs.py,48,7.2,"export(fig, ""raw_q2_box_deadline_mix"", (7.2, 3.6))",solver/physics/index; inspect context
code/figure_raw_inputs.py,48,3.6,"export(fig, ""raw_q2_box_deadline_mix"", (7.2, 3.6))",solver/physics/index; inspect context
code/figure_raw_inputs.py,53,4,"sensor, fade, system = data[5][4], data[6][4], data[3][4]",solver/physics/index; inspect context
code/figure_raw_inputs.py,53,4,"sensor, fade, system = data[5][4], data[6][4], data[3][4]",solver/physics/index; inspect context
code/figure_raw_inputs.py,53,4,"sensor, fade, system = data[5][4], data[6][4], data[3][4]",solver/physics/index; inspect context
code/figure_raw_inputs.py,70,1.15,"ax.set_ylim(0, max(values) * 1.15)",solver/physics/index; inspect context
code/figure_raw_inputs.py,72,0.2,"ax.grid(axis=""y"", alpha=0.2)",solver/physics/index; inspect context
code/figure_raw_inputs.py,73,5.8,"export(fig, ""raw_q3_link_budgets"", (5.8, 3.2))",solver/physics/index; inspect context
code/figure_raw_inputs.py,73,3.2,"export(fig, ""raw_q3_link_budgets"", (5.8, 3.2))",solver/physics/index; inspect context
code/figure_raw_inputs.py,81,1,"values += [transport[i][1] for i in range(19, 22)]",solver/physics/index; inspect context
code/figure_raw_inputs.py,82,1,"values += [len(relay[6:8]), relay[11][1]]",solver/physics/index; inspect context
code/figure_raw_inputs.py,87,1.2,"ax.set_ylim(0, max(values) * 1.2)",solver/physics/index; inspect context
code/figure_raw_inputs.py,89,0.2,"ax.grid(axis=""y"", alpha=0.2)",solver/physics/index; inspect context
code/figure_raw_inputs.py,90,6.2,"export(fig, ""raw_q4_initial_inventory"", (6.2, 3.3))",solver/physics/index; inspect context
code/figure_raw_inputs.py,90,3.3,"export(fig, ""raw_q4_initial_inventory"", (6.2, 3.3))",solver/physics/index; inspect context
code/figure_raw_inputs.py,37,1,"(hard if row[2] == ""医疗物资"" or row[5] == ""是"" else soft)[row[1]] += 1",solver/physics/index; inspect context
code/figure_raw_inputs.py,38,1,"labels = [f""S{i:03}"" for i in range(1, 16)]",solver/physics/index; inspect context
code/figure_raw_inputs.py,38,16,"labels = [f""S{i:03}"" for i in range(1, 16)]",solver/physics/index; inspect context
code/figure_raw_inputs.py,39,7.2,"fig, ax = plt.subplots(figsize=(7.2, 3.6))",solver/physics/index; inspect context
code/figure_raw_inputs.py,39,3.6,"fig, ax = plt.subplots(figsize=(7.2, 3.6))",solver/physics/index; inspect context
code/figure_raw_inputs.py,53,5,"sensor, fade, system = data[5][4], data[6][4], data[3][4]",solver/physics/index; inspect context
code/figure_raw_inputs.py,53,6,"sensor, fade, system = data[5][4], data[6][4], data[3][4]",solver/physics/index; inspect context
code/figure_raw_inputs.py,53,3,"sensor, fade, system = data[5][4], data[6][4], data[3][4]",solver/physics/index; inspect context
code/figure_raw_inputs.py,54,4,"transmit = {""transport"": (data[7][4], data[8][4]),",solver/physics/index; inspect context
code/figure_raw_inputs.py,54,4,"transmit = {""transport"": (data[7][4], data[8][4]),",solver/physics/index; inspect context
code/figure_raw_inputs.py,55,4,"""access"": (data[9][4], data[10][4]),",solver/physics/index; inspect context
code/figure_raw_inputs.py,55,4,"""access"": (data[9][4], data[10][4]),",solver/physics/index; inspect context
code/figure_raw_inputs.py,56,4,"""backhaul"": (data[11][4], data[12][4]),",solver/physics/index; inspect context
code/figure_raw_inputs.py,56,4,"""backhaul"": (data[11][4], data[12][4]),",solver/physics/index; inspect context
code/figure_raw_inputs.py,57,4,"""gateway"": (data[13][4], data[14][4])}",solver/physics/index; inspect context
code/figure_raw_inputs.py,57,4,"""gateway"": (data[13][4], data[14][4])}",solver/physics/index; inspect context
code/figure_raw_inputs.py,66,5.8,"fig, ax = plt.subplots(figsize=(5.8, 3.2))",solver/physics/index; inspect context
code/figure_raw_inputs.py,66,3.2,"fig, ax = plt.subplots(figsize=(5.8, 3.2))",solver/physics/index; inspect context
code/figure_raw_inputs.py,67,0,"bars = ax.bar([x[0] for x in groups], values, color=[""#315E9D"", ""#CE853D"", ""#69549A""])",solver/physics/index; inspect context
code/figure_raw_inputs.py,69,0.5,"ax.text(bar.get_x() + bar.get_width()/2, value + 0.5, f""{value:.0f}"", ha=""center"")",solver/physics/index; inspect context
code/figure_raw_inputs.py,81,19,"values += [transport[i][1] for i in range(19, 22)]",solver/physics/index; inspect context
code/figure_raw_inputs.py,81,22,"values += [transport[i][1] for i in range(19, 22)]",solver/physics/index; inspect context
code/figure_raw_inputs.py,82,11,"values += [len(relay[6:8]), relay[11][1]]",solver/physics/index; inspect context
code/figure_raw_inputs.py,83,6.2,"fig, ax = plt.subplots(figsize=(6.2, 3.3))",solver/physics/index; inspect context
code/figure_raw_inputs.py,83,3.3,"fig, ax = plt.subplots(figsize=(6.2, 3.3))",solver/physics/index; inspect context
code/figure_raw_inputs.py,86,0.1,"ax.text(bar.get_x() + bar.get_width()/2, value + 0.1, str(value), ha=""center"")",solver/physics/index; inspect context
code/figure_raw_inputs.py,54,7,"transmit = {""transport"": (data[7][4], data[8][4]),",solver/physics/index; inspect context
code/figure_raw_inputs.py,54,8,"transmit = {""transport"": (data[7][4], data[8][4]),",solver/physics/index; inspect context
code/figure_raw_inputs.py,55,9,"""access"": (data[9][4], data[10][4]),",solver/physics/index; inspect context
code/figure_raw_inputs.py,55,10,"""access"": (data[9][4], data[10][4]),",solver/physics/index; inspect context
code/figure_raw_inputs.py,56,11,"""backhaul"": (data[11][4], data[12][4]),",solver/physics/index; inspect context
code/figure_raw_inputs.py,56,12,"""backhaul"": (data[11][4], data[12][4]),",solver/physics/index; inspect context
code/figure_raw_inputs.py,57,13,"""gateway"": (data[13][4], data[14][4])}",solver/physics/index; inspect context
code/figure_raw_inputs.py,57,14,"""gateway"": (data[13][4], data[14][4])}",solver/physics/index; inspect context
code/figure_raw_inputs.py,69,2,"ax.text(bar.get_x() + bar.get_width()/2, value + 0.5, f""{value:.0f}"", ha=""center"")",solver/physics/index; inspect context
code/figure_raw_inputs.py,82,6,"values += [len(relay[6:8]), relay[11][1]]",solver/physics/index; inspect context
code/figure_raw_inputs.py,82,8,"values += [len(relay[6:8]), relay[11][1]]",solver/physics/index; inspect context
code/figure_raw_inputs.py,84,2,"bars = ax.bar(labels, values, color=[""#315E9D""]*3 + [""#CE853D""]*3 + [""#69549A""]*2)",solver/physics/index; inspect context
code/figure_raw_inputs.py,86,2,"ax.text(bar.get_x() + bar.get_width()/2, value + 0.1, str(value), ha=""center"")",solver/physics/index; inspect context
code/figure_raw_inputs.py,80,1,"values = [sum(row[1] == g for row in transport[8:16]) for g in ""ABC""]",solver/physics/index; inspect context
code/figure_raw_inputs.py,84,3,"bars = ax.bar(labels, values, color=[""#315E9D""]*3 + [""#CE853D""]*3 + [""#69549A""]*2)",solver/physics/index; inspect context
code/figure_raw_inputs.py,84,3,"bars = ax.bar(labels, values, color=[""#315E9D""]*3 + [""#CE853D""]*3 + [""#69549A""]*2)",solver/physics/index; inspect context
code/figure_raw_inputs.py,37,2,"(hard if row[2] == ""医疗物资"" or row[5] == ""是"" else soft)[row[1]] += 1",solver/physics/index; inspect context
code/figure_raw_inputs.py,37,5,"(hard if row[2] == ""医疗物资"" or row[5] == ""是"" else soft)[row[1]] += 1",solver/physics/index; inspect context
code/figure_raw_inputs.py,80,8,"values = [sum(row[1] == g for row in transport[8:16]) for g in ""ABC""]",solver/physics/index; inspect context
code/figure_raw_inputs.py,80,16,"values = [sum(row[1] == g for row in transport[8:16]) for g in ""ABC""]",solver/physics/index; inspect context
code/figure_raw_inputs.py,64,1,"values.append(min(first[0] + first[1] + second[1],",solver/physics/index; inspect context
code/figure_raw_inputs.py,65,1,second[0] + second[1] + first[1]) - sensor - fade - system),solver/physics/index; inspect context
code/figure_raw_inputs.py,64,0,"values.append(min(first[0] + first[1] + second[1],",solver/physics/index; inspect context
code/figure_raw_inputs.py,64,1,"values.append(min(first[0] + first[1] + second[1],",solver/physics/index; inspect context
code/figure_raw_inputs.py,65,0,second[0] + second[1] + first[1]) - sensor - fade - system),solver/physics/index; inspect context
code/figure_raw_inputs.py,65,1,second[0] + second[1] + first[1]) - sensor - fade - system),solver/physics/index; inspect context
code/generate_paper_tables.py,15,1,ROOT = Path(__file__).resolve().parents[1],path/bootstrap
code/generate_paper_tables.py,85,1,"for node in range(1, 16):",solver/physics/index; inspect context
code/generate_paper_tables.py,85,16,"for node in range(1, 16):",solver/physics/index; inspect context
code/generate_paper_tables.py,104,1e-06,"assert abs(max(q2_delivery.values()) - q2[""summary""][""last_delivery""]) < 1e-6",solver/physics/index; inspect context
code/generate_paper_tables.py,106,1,"for node in range(1, 16):",solver/physics/index; inspect context
code/generate_paper_tables.py,106,16,"for node in range(1, 16):",solver/physics/index; inspect context
code/generate_paper_tables.py,219,1,"for number, group in enumerate(q4[""schemes""][k][""selected""][""groups""], 1):",solver/physics/index; inspect context
code/generate_paper_tables.py,290,0,"assert m[""hard_violations""] == 0",solver/physics/index; inspect context
code/generate_paper_tables.py,47,60,"return f""{seconds / 60:.2f}""",solver/physics/index; inspect context
code/generate_paper_tables.py,287,12,assert len(trials) == 12 and len(passed) == 12,solver/physics/index; inspect context
code/generate_paper_tables.py,287,12,assert len(trials) == 12 and len(passed) == 12,solver/physics/index; inspect context
code/generate_paper_tables.py,291,0,"zero_late = sum(t[""metrics""][""weighted_tardiness""] == 0 for t in passed)",solver/physics/index; inspect context
code/generate_paper_tables.py,73,60,"f""{stat['makespan']['mean']/60:.2f}$\\pm${stat['makespan']['std']/60:.2f} & """,solver/physics/index; inspect context
code/generate_paper_tables.py,73,60,"f""{stat['makespan']['mean']/60:.2f}$\\pm${stat['makespan']['std']/60:.2f} & """,solver/physics/index; inspect context
code/generate_paper_tables.py,136,100,"f""{route['energy']:.3f} & {100 * route['soc']:.2f}""",solver/physics/index; inspect context
code/generate_paper_tables.py,158,100,"f""{minutes(relay['end'])} & {relay['energy']:.3f} & {100 * relay['soc']:.2f}""",solver/physics/index; inspect context
code/generate_paper_tables.py,262,100,"f""{name} & {row['horizontal_multiplier']:.2f} & {row['min_soc']*100:.2f} & """,solver/physics/index; inspect context
code/generate_paper_tables.py,223,3600,"f""{len(group['transport_ids'])} & {group['work'] / 3600:.2f}""",solver/physics/index; inspect context
code/independent_solution_audit.py,24,1e-06,EPS = 1e-6,solver/physics/index; inspect context
code/independent_solution_audit.py,20,1,ROOT = Path(__file__).resolve().parents[1],path/bootstrap
code/independent_solution_audit.py,188,0.0,energy_total = time_total = 0.0,solver/physics/index; inspect context
code/independent_solution_audit.py,355,0.0,tardiness = 0.0,solver/physics/index; inspect context
code/independent_solution_audit.py,493,0.1,"def dense_tightest(raw: Raw, data: dict, segments: dict, time_step: float = 0.1,",solver/physics/index; inspect context
code/independent_solution_audit.py,494,1.0,sight_step_m: float = 1.0) -> dict:,solver/physics/index; inspect context
code/independent_solution_audit.py,139,1.0,safety: float = 1.0) -> float:,solver/physics/index; inspect context
code/independent_solution_audit.py,236,45,"if len(data[""capacities""]) != 45:",solver/physics/index; inspect context
code/independent_solution_audit.py,249,1e-06,"close(energy_total, data[""summary""][""energy""], ""Q1 total energy"", errors, 1e-6)",solver/physics/index; inspect context
code/independent_solution_audit.py,250,1e-06,"close(time_total, data[""summary""][""time""], ""Q1 total duration"", errors, 1e-6)",solver/physics/index; inspect context
code/independent_solution_audit.py,286,0.0,horizontal = climb = 0.0,solver/physics/index; inspect context
code/independent_solution_audit.py,372,1e-06,"(sum(r[""energy""] for r in data.get(""relays"", []))), summary[""energy""], f""{name} total energy"", errors, 1e-6)",solver/physics/index; inspect context
code/independent_solution_audit.py,505,0,"minimum, worst_time, obstruction_count = math.inf, None, 0",solver/physics/index; inspect context
code/independent_solution_audit.py,558,0,"return 0 if output[""status""] == ""PASS"" else 1",solver/physics/index; inspect context
code/independent_solution_audit.py,558,1,"return 0 if output[""status""] == ""PASS"" else 1",solver/physics/index; inspect context
code/independent_solution_audit.py,49,50,"fixed_conventions = {""terrain_clearance_m"": 50, ""service_height_m"": 30,",solver/physics/index; inspect context
code/independent_solution_audit.py,49,30,"fixed_conventions = {""terrain_clearance_m"": 50, ""service_height_m"": 30,",solver/physics/index; inspect context
code/independent_solution_audit.py,50,9.81,"""gravity_m_s2"": 9.81, ""charge_soc_break"": 0.9,",solver/physics/index; inspect context
code/independent_solution_audit.py,50,0.9,"""gravity_m_s2"": 9.81, ""charge_soc_break"": 0.9,",solver/physics/index; inspect context
code/independent_solution_audit.py,51,0.65,"""charge_first_stage_fraction"": 0.65,",solver/physics/index; inspect context
code/independent_solution_audit.py,52,0.35,"""charge_second_stage_fraction"": 0.35, ""initial_soc"": 1.0}",solver/physics/index; inspect context
code/independent_solution_audit.py,52,1.0,"""charge_second_stage_fraction"": 0.35, ""initial_soc"": 1.0}",solver/physics/index; inspect context
code/independent_solution_audit.py,56,1.0002,"if optimization[""communication_certificate""][""distance_safety_factor""] != 1.0002:",solver/physics/index; inspect context
code/independent_solution_audit.py,109,0.0,"cuts = [0.0, 1.0]",solver/physics/index; inspect context
code/independent_solution_audit.py,109,1.0,"cuts = [0.0, 1.0]",solver/physics/index; inspect context
code/independent_solution_audit.py,115,2,mids = (cuts[:-1] + cuts[1:]) / 2,solver/physics/index; inspect context
code/independent_solution_audit.py,136,2,"return GEOD.inv(a[0], a[1], b[0], b[1])[2]",solver/physics/index; inspect context
code/independent_solution_audit.py,140,1000,"d = math.hypot(self.distance(a, b) * safety, b[2] - a[2]) / 1000",solver/physics/index; inspect context
code/independent_solution_audit.py,148,1e-14,if abs(np.linalg.det(matrix)) < 1e-14:,solver/physics/index; inspect context
code/independent_solution_audit.py,177,0.9,return full_charge * (0.65 * (0.9 - soc) / 0.9 + 0.35) if soc < 0.9 else full_charge * 0.35 * (1 - soc) / 0.1,solver/physics/index; inspect context
code/independent_solution_audit.py,177,0.1,return full_charge * (0.65 * (0.9 - soc) / 0.9 + 0.35) if soc < 0.9 else full_charge * 0.35 * (1 - soc) / 0.1,solver/physics/index; inspect context
code/independent_solution_audit.py,213,1,"if len(route[""order""]) != 1:",solver/physics/index; inspect context
code/independent_solution_audit.py,216,0,"node = route[""order""][0]",solver/physics/index; inspect context
code/independent_solution_audit.py,227,1e-07,"close(energy, route[""energy""], f""Q1 S{node:03} energy"", errors, 1e-7)",solver/physics/index; inspect context
code/independent_solution_audit.py,241,0.0,"low, high = 0.0, aircraft[""Q""]",solver/physics/index; inspect context
code/independent_solution_audit.py,242,55,for _ in range(55):,solver/physics/index; inspect context
code/independent_solution_audit.py,248,1e-05,"close(low, entry[""maxload""], f""Q1 S{node:03} {kind} safe capacity"", errors, 1e-5)",solver/physics/index; inspect context
code/independent_solution_audit.py,285,0,"remaining, previous = payload, 0",solver/physics/index; inspect context
code/independent_solution_audit.py,288,0,"for node in [*order, 0]:",solver/physics/index; inspect context
code/independent_solution_audit.py,314,1,"soc = 1 - energy / aircraft[""E""]",solver/physics/index; inspect context
code/independent_solution_audit.py,315,1e-07,"close(energy, route[""energy""], f""{ident} energy"", errors, 1e-7)",solver/physics/index; inspect context
code/independent_solution_audit.py,316,1e-07,"close(soc, route[""soc""], f""{ident} SOC"", errors, 1e-7)",solver/physics/index; inspect context
code/independent_solution_audit.py,389,2,"origin = [raw.nodes[0][2], raw.nodes[0][3], raw.nodes[0][4]]",solver/physics/index; inspect context
code/independent_solution_audit.py,389,3,"origin = [raw.nodes[0][2], raw.nodes[0][3], raw.nodes[0][4]]",solver/physics/index; inspect context
code/independent_solution_audit.py,389,4,"origin = [raw.nodes[0][2], raw.nodes[0][3], raw.nodes[0][4]]",solver/physics/index; inspect context
code/independent_solution_audit.py,404,1,"soc = 1 - energy / t[""E""]",solver/physics/index; inspect context
code/independent_solution_audit.py,405,1e-06,"close(energy, r[""energy""], f""{ident} energy"", errors, 1e-6)",solver/physics/index; inspect context
code/independent_solution_audit.py,406,1e-06,"close(soc, r[""soc""], f""{ident} SOC"", errors, 1e-6)",solver/physics/index; inspect context
code/independent_solution_audit.py,479,1,methods[method] += 1,solver/physics/index; inspect context
code/independent_solution_audit.py,504,1,"math.ceil((record[""end""] - record[""start""]) / time_step) + 1)",solver/physics/index; inspect context
code/independent_solution_audit.py,510,1,"steps = max(1, math.ceil(d / sight_step_m))",solver/physics/index; inspect context
code/independent_solution_audit.py,511,0,"fractions = np.linspace(0, 1, steps + 1)",solver/physics/index; inspect context
code/independent_solution_audit.py,511,1,"fractions = np.linspace(0, 1, steps + 1)",solver/physics/index; inspect context
code/independent_solution_audit.py,533,80,"if len(raw.boxes) != 80 or sum(b[""mass""] for b in raw.boxes) != 758:",solver/physics/index; inspect context
code/independent_solution_audit.py,533,758,"if len(raw.boxes) != 80 or sum(b[""mass""] for b in raw.boxes) != 758:",solver/physics/index; inspect context
code/independent_solution_audit.py,59,2,"self.nodes = [rows[2], *rows[6:21]]",solver/physics/index; inspect context
code/independent_solution_audit.py,60,0,"self.node_ids = {row[0]: i for i, row in enumerate(self.nodes)}",solver/physics/index; inspect context
code/independent_solution_audit.py,64,0,"self.types = {r[0]: dict(zip(names, r)) for r in transport[2:5]}",solver/physics/index; inspect context
code/independent_solution_audit.py,66,19,for r in transport[19:22]:,solver/physics/index; inspect context
code/independent_solution_audit.py,66,22,for r in transport[19:22]:,solver/physics/index; inspect context
code/independent_solution_audit.py,69,1,"for row in sheet(""物资需求与配送时限"", ""逐箱货箱清单"")[1:]:",solver/physics/index; inspect context
code/independent_solution_audit.py,97,1,self.dem = source.read(1),solver/physics/index; inspect context
code/independent_solution_audit.py,99,2,"self.gateway = [self.nodes[0][2], self.nodes[0][3],",solver/physics/index; inspect context
code/independent_solution_audit.py,99,3,"self.gateway = [self.nodes[0][2], self.nodes[0][3],",solver/physics/index; inspect context
code/independent_solution_audit.py,107,0,"ac, ar = self.pixel(a[0], a[1])",solver/physics/index; inspect context
code/independent_solution_audit.py,107,1,"ac, ar = self.pixel(a[0], a[1])",solver/physics/index; inspect context
code/independent_solution_audit.py,108,0,"bc, br = self.pixel(b[0], b[1])",solver/physics/index; inspect context
code/independent_solution_audit.py,108,1,"bc, br = self.pixel(b[0], b[1])",solver/physics/index; inspect context
code/independent_solution_audit.py,111,1e-14,if abs(end - start) > 1e-14:,solver/physics/index; inspect context
code/independent_solution_audit.py,114,0,"cuts = np.unique(np.clip(cuts, 0, 1))",solver/physics/index; inspect context
code/independent_solution_audit.py,114,1,"cuts = np.unique(np.clip(cuts, 0, 1))",solver/physics/index; inspect context
code/independent_solution_audit.py,126,0,"c, r = self.pixel(a[0], a[1])",solver/physics/index; inspect context
code/independent_solution_audit.py,126,1,"c, r = self.pixel(a[0], a[1])",solver/physics/index; inspect context
code/independent_solution_audit.py,141,32.45,"fspl = 32.45 + 20 * math.log10(self.radio[""frequency""]) + 20 * math.log10(max(d, 1e-6))",solver/physics/index; inspect context
code/independent_solution_audit.py,141,20,"fspl = 32.45 + 20 * math.log10(self.radio[""frequency""]) + 20 * math.log10(max(d, 1e-6))",solver/physics/index; inspect context
code/independent_solution_audit.py,142,0,"return self.radio[kind] - fspl - (self.radio[""obstruction""] if blocked else 0)",solver/physics/index; inspect context
code/independent_solution_audit.py,149,1e-12,if np.linalg.norm(xy[0] - xy[1]) < 1e-12:,solver/physics/index; inspect context
code/independent_solution_audit.py,155,0,"c0, c1 = max(0, math.floor(min(columns)) - 1), min(self.dem.shape[1], math.ceil(max(columns)) + 1)",solver/physics/index; inspect context
code/independent_solution_audit.py,156,0,"r0, r1 = max(0, math.floor(min(rows)) - 1), min(self.dem.shape[0], math.ceil(max(rows)) + 1)",solver/physics/index; inspect context
code/independent_solution_audit.py,177,0.35,return full_charge * (0.65 * (0.9 - soc) / 0.9 + 0.35) if soc < 0.9 else full_charge * 0.35 * (1 - soc) / 0.1,solver/physics/index; inspect context
code/independent_solution_audit.py,192,0,"origin, target = raw.nodes[0], raw.nodes[node]",solver/physics/index; inspect context
code/independent_solution_audit.py,193,2,"outward_a = [origin[2], origin[3], origin[4]]",solver/physics/index; inspect context
code/independent_solution_audit.py,193,3,"outward_a = [origin[2], origin[3], origin[4]]",solver/physics/index; inspect context
code/independent_solution_audit.py,193,4,"outward_a = [origin[2], origin[3], origin[4]]",solver/physics/index; inspect context
code/independent_solution_audit.py,194,2,"outward_b = [target[2], target[3], target[4] + 30]",solver/physics/index; inspect context
code/independent_solution_audit.py,194,3,"outward_b = [target[2], target[3], target[4] + 30]",solver/physics/index; inspect context
code/independent_solution_audit.py,194,30,"outward_b = [target[2], target[3], target[4] + 30]",solver/physics/index; inspect context
code/independent_solution_audit.py,195,50,"outward_h = max(raw.top(outward_a, outward_b) + 50, outward_a[2], outward_b[2])",solver/physics/index; inspect context
code/independent_solution_audit.py,195,2,"outward_h = max(raw.top(outward_a, outward_b) + 50, outward_a[2], outward_b[2])",solver/physics/index; inspect context
code/independent_solution_audit.py,195,2,"outward_h = max(raw.top(outward_a, outward_b) + 50, outward_a[2], outward_b[2])",solver/physics/index; inspect context
code/independent_solution_audit.py,202,0,"energy = leg_energy(payload, outward_a[2], outward_h) + leg_energy(0, outward_b[2], backward_h)",solver/physics/index; inspect context
code/independent_solution_audit.py,209,1,"return energy, time, 1 - energy / aircraft[""E""]",solver/physics/index; inspect context
code/independent_solution_audit.py,243,2,mid = (low + high) / 2,solver/physics/index; inspect context
code/independent_solution_audit.py,389,0,"origin = [raw.nodes[0][2], raw.nodes[0][3], raw.nodes[0][4]]",solver/physics/index; inspect context
code/independent_solution_audit.py,389,0,"origin = [raw.nodes[0][2], raw.nodes[0][3], raw.nodes[0][4]]",solver/physics/index; inspect context
code/independent_solution_audit.py,389,0,"origin = [raw.nodes[0][2], raw.nodes[0][3], raw.nodes[0][4]]",solver/physics/index; inspect context
code/independent_solution_audit.py,392,50,"max_height = max(raw.top(origin, point) + 50, point[2])",solver/physics/index; inspect context
code/independent_solution_audit.py,392,2,"max_height = max(raw.top(origin, point) + 50, point[2])",solver/physics/index; inspect context
code/independent_solution_audit.py,403,3600,"(t[""hover_power""] + t[""comm_power""]) / 3600)",solver/physics/index; inspect context
code/independent_solution_audit.py,446,1,if len(matches) != 1:,solver/physics/index; inspect context
code/independent_solution_audit.py,449,0,"segment, a, b = matches[0]",solver/physics/index; inspect context
code/independent_solution_audit.py,511,1,"fractions = np.linspace(0, 1, steps + 1)",solver/physics/index; inspect context
code/independent_solution_audit.py,512,0,longitude = point[0] + fractions * (fixed[0] - point[0]),solver/physics/index; inspect context
code/independent_solution_audit.py,513,1,latitude = point[1] + fractions * (fixed[1] - point[1]),solver/physics/index; inspect context
code/independent_solution_audit.py,518,2,sight_height = point[2] + fractions * (fixed[2] - point[2]),solver/physics/index; inspect context
code/independent_solution_audit.py,554,2,"OUT.write_text(json.dumps(output, ensure_ascii=False, indent=2), encoding=""utf-8"")",solver/physics/index; inspect context
code/independent_solution_audit.py,557,2,"""link_errors"": links[""total_errors""], ""dense"": tight}, ensure_ascii=False, indent=2))",solver/physics/index; inspect context
code/independent_solution_audit.py,65,0,self.units = {g: [r[0] for r in transport[8:16] if r[1] == g] for g in self.types},solver/physics/index; inspect context
code/independent_solution_audit.py,78,2,"self.relay = dict(zip(relay_names, relay_rows[2]))",solver/physics/index; inspect context
code/independent_solution_audit.py,79,1,"self.relay.update(units=[r[0] for r in relay_rows[6:8]], components=relay_rows[11][1],",solver/physics/index; inspect context
code/independent_solution_audit.py,80,2,charge=relay_rows[11][2]),solver/physics/index; inspect context
code/independent_solution_audit.py,82,4,"self.radio = dict(frequency=communication[2][4], loss=communication[3][4],",solver/physics/index; inspect context
code/independent_solution_audit.py,82,4,"self.radio = dict(frequency=communication[2][4], loss=communication[3][4],",solver/physics/index; inspect context
code/independent_solution_audit.py,83,4,"obstruction=communication[4][4], sensitivity=communication[5][4],",solver/physics/index; inspect context
code/independent_solution_audit.py,83,4,"obstruction=communication[4][4], sensitivity=communication[5][4],",solver/physics/index; inspect context
code/independent_solution_audit.py,84,4,"fade=communication[6][4], gateway_height=communication[15][4])",solver/physics/index; inspect context
code/independent_solution_audit.py,84,4,"fade=communication[6][4], gateway_height=communication[15][4])",solver/physics/index; inspect context
code/independent_solution_audit.py,85,4,"tx = {""transport"": (communication[7][4], communication[8][4]),",solver/physics/index; inspect context
code/independent_solution_audit.py,85,4,"tx = {""transport"": (communication[7][4], communication[8][4]),",solver/physics/index; inspect context
code/independent_solution_audit.py,86,4,"""access"": (communication[9][4], communication[10][4]),",solver/physics/index; inspect context
code/independent_solution_audit.py,86,4,"""access"": (communication[9][4], communication[10][4]),",solver/physics/index; inspect context
code/independent_solution_audit.py,87,4,"""backhaul"": (communication[11][4], communication[12][4]),",solver/physics/index; inspect context
code/independent_solution_audit.py,87,4,"""backhaul"": (communication[11][4], communication[12][4]),",solver/physics/index; inspect context
code/independent_solution_audit.py,88,4,"""gateway"": (communication[13][4], communication[14][4])}",solver/physics/index; inspect context
code/independent_solution_audit.py,88,4,"""gateway"": (communication[13][4], communication[14][4])}",solver/physics/index; inspect context
code/independent_solution_audit.py,99,0,"self.gateway = [self.nodes[0][2], self.nodes[0][3],",solver/physics/index; inspect context
code/independent_solution_audit.py,99,0,"self.gateway = [self.nodes[0][2], self.nodes[0][3],",solver/physics/index; inspect context
code/independent_solution_audit.py,100,4,"self.nodes[0][4] + self.radio[""gateway_height""]]",solver/physics/index; inspect context
code/independent_solution_audit.py,118,0,if np.any(rows < 0) or np.any(rows >= self.dem.shape[0]) or np.any(columns < 0) or np.any(columns >= self.dem.shape[1]):,solver/physics/index; inspect context
code/independent_solution_audit.py,118,0,if np.any(rows < 0) or np.any(rows >= self.dem.shape[0]) or np.any(columns < 0) or np.any(columns >= self.dem.shape[1]):,solver/physics/index; inspect context
code/independent_solution_audit.py,123,1,"return float(np.max(self.line_ground(a, b)[1]))",solver/physics/index; inspect context
code/independent_solution_audit.py,131,2,"lowest = np.minimum(a[2] + (b[2] - a[2]) * cuts[:-1],",solver/physics/index; inspect context
code/independent_solution_audit.py,132,2,a[2] + (b[2] - a[2]) * cuts[1:]),solver/physics/index; inspect context
code/independent_solution_audit.py,136,0,"return GEOD.inv(a[0], a[1], b[0], b[1])[2]",solver/physics/index; inspect context
code/independent_solution_audit.py,136,1,"return GEOD.inv(a[0], a[1], b[0], b[1])[2]",solver/physics/index; inspect context
code/independent_solution_audit.py,136,0,"return GEOD.inv(a[0], a[1], b[0], b[1])[2]",solver/physics/index; inspect context
code/independent_solution_audit.py,136,1,"return GEOD.inv(a[0], a[1], b[0], b[1])[2]",solver/physics/index; inspect context
code/independent_solution_audit.py,141,20,"fspl = 32.45 + 20 * math.log10(self.radio[""frequency""]) + 20 * math.log10(max(d, 1e-6))",solver/physics/index; inspect context
code/independent_solution_audit.py,147,3,"matrix = np.column_stack((xy, np.ones(3)))",solver/physics/index; inspect context
code/independent_solution_audit.py,153,2,"grad_lon, grad_lat, intercept = np.linalg.solve(matrix, [a[2], b[2], fixed[2]])",solver/physics/index; inspect context
code/independent_solution_audit.py,153,2,"grad_lon, grad_lat, intercept = np.linalg.solve(matrix, [a[2], b[2], fixed[2]])",solver/physics/index; inspect context
code/independent_solution_audit.py,153,2,"grad_lon, grad_lat, intercept = np.linalg.solve(matrix, [a[2], b[2], fixed[2]])",solver/physics/index; inspect context
code/independent_solution_audit.py,155,1,"c0, c1 = max(0, math.floor(min(columns)) - 1), min(self.dem.shape[1], math.ceil(max(columns)) + 1)",solver/physics/index; inspect context
code/independent_solution_audit.py,155,1,"c0, c1 = max(0, math.floor(min(columns)) - 1), min(self.dem.shape[1], math.ceil(max(columns)) + 1)",solver/physics/index; inspect context
code/independent_solution_audit.py,155,1,"c0, c1 = max(0, math.floor(min(columns)) - 1), min(self.dem.shape[1], math.ceil(max(columns)) + 1)",solver/physics/index; inspect context
code/independent_solution_audit.py,156,1,"r0, r1 = max(0, math.floor(min(rows)) - 1), min(self.dem.shape[0], math.ceil(max(rows)) + 1)",solver/physics/index; inspect context
code/independent_solution_audit.py,156,0,"r0, r1 = max(0, math.floor(min(rows)) - 1), min(self.dem.shape[0], math.ceil(max(rows)) + 1)",solver/physics/index; inspect context
code/independent_solution_audit.py,156,1,"r0, r1 = max(0, math.floor(min(rows)) - 1), min(self.dem.shape[0], math.ceil(max(rows)) + 1)",solver/physics/index; inspect context
code/independent_solution_audit.py,177,0.9,return full_charge * (0.65 * (0.9 - soc) / 0.9 + 0.35) if soc < 0.9 else full_charge * 0.35 * (1 - soc) / 0.1,solver/physics/index; inspect context
code/independent_solution_audit.py,177,0.35,return full_charge * (0.65 * (0.9 - soc) / 0.9 + 0.35) if soc < 0.9 else full_charge * 0.35 * (1 - soc) / 0.1,solver/physics/index; inspect context
code/independent_solution_audit.py,177,1,return full_charge * (0.65 * (0.9 - soc) / 0.9 + 0.35) if soc < 0.9 else full_charge * 0.35 * (1 - soc) / 0.1,solver/physics/index; inspect context
code/independent_solution_audit.py,182,0,"return any(b[0] < a[1] - EPS for a, b in zip(ordered, ordered[1:]))",solver/physics/index; inspect context
code/independent_solution_audit.py,194,4,"outward_b = [target[2], target[3], target[4] + 30]",solver/physics/index; inspect context
code/independent_solution_audit.py,202,2,"energy = leg_energy(payload, outward_a[2], outward_h) + leg_energy(0, outward_b[2], backward_h)",solver/physics/index; inspect context
code/independent_solution_audit.py,202,2,"energy = leg_energy(payload, outward_a[2], outward_h) + leg_energy(0, outward_b[2], backward_h)",solver/physics/index; inspect context
code/independent_solution_audit.py,230,100,"if soc < aircraft[""rho""] / 100 - EPS:",solver/physics/index; inspect context
code/independent_solution_audit.py,244,0,"if direct(node, kind, mid, 0)[0] <= aircraft[""E""] * (1 - aircraft[""rho""] / 100):",solver/physics/index; inspect context
code/independent_solution_audit.py,290,2,"a = [start_node[2], start_node[3], start_node[4] + (30 if previous else 0)]",solver/physics/index; inspect context
code/independent_solution_audit.py,290,3,"a = [start_node[2], start_node[3], start_node[4] + (30 if previous else 0)]",solver/physics/index; inspect context
code/independent_solution_audit.py,291,2,"b = [end_node[2], end_node[3], end_node[4] + (30 if node else 0)]",solver/physics/index; inspect context
code/independent_solution_audit.py,291,3,"b = [end_node[2], end_node[3], end_node[4] + (30 if node else 0)]",solver/physics/index; inspect context
code/independent_solution_audit.py,292,50,"cruise_height = max(raw.top(a, b) + 50, a[2], b[2])",solver/physics/index; inspect context
code/independent_solution_audit.py,292,2,"cruise_height = max(raw.top(a, b) + 50, a[2], b[2])",solver/physics/index; inspect context
code/independent_solution_audit.py,292,2,"cruise_height = max(raw.top(a, b) + 50, a[2], b[2])",solver/physics/index; inspect context
code/independent_solution_audit.py,303,3600000.0,"climb += (aircraft[""mass""] + remaining) * 9.81 * (cruise_height - a[2]) / (aircraft[""eta""] * 3.6e6)",solver/physics/index; inspect context
code/independent_solution_audit.py,319,100,"if soc < aircraft[""rho""] / 100 - EPS:",solver/physics/index; inspect context
code/independent_solution_audit.py,367,0,"tardiness += box[""priority""] * max(0, time - box[""due""])",solver/physics/index; inspect context
code/independent_solution_audit.py,399,3600,"energy = (2 * t[""cruise_power""] * distance / t[""vc""] / 3600 +",solver/physics/index; inspect context
code/independent_solution_audit.py,409,2,"if point[2] - raw.ground(point) > t[""max_agl""] + EPS:",solver/physics/index; inspect context
code/independent_solution_audit.py,469,1.0002,"margin_worst = min(raw.margin(p, fixed, kind, True, 1.0002),",solver/physics/index; inspect context
code/independent_solution_audit.py,470,1.0002,"raw.margin(q, fixed, kind, True, 1.0002))",solver/physics/index; inspect context
code/independent_solution_audit.py,488,100,"return dict(pass_=not errors, errors=errors[:100], total_errors=len(errors),",solver/physics/index; inspect context
code/independent_solution_audit.py,516,0,if np.any(rr < 0) or np.any(cc < 0) or np.any(rr >= raw.dem.shape[0]) or np.any(cc >= raw.dem.shape[1]):,solver/physics/index; inspect context
code/independent_solution_audit.py,516,0,if np.any(rr < 0) or np.any(cc < 0) or np.any(rr >= raw.dem.shape[0]) or np.any(cc >= raw.dem.shape[1]):,solver/physics/index; inspect context
code/independent_solution_audit.py,35,1,"for block in iter(lambda: stream.read(1 << 20), b""""):",solver/physics/index; inspect context
code/independent_solution_audit.py,35,20,"for block in iter(lambda: stream.read(1 << 20), b""""):",solver/physics/index; inspect context
code/independent_solution_audit.py,59,6,"self.nodes = [rows[2], *rows[6:21]]",solver/physics/index; inspect context
code/independent_solution_audit.py,59,21,"self.nodes = [rows[2], *rows[6:21]]",solver/physics/index; inspect context
code/independent_solution_audit.py,64,2,"self.types = {r[0]: dict(zip(names, r)) for r in transport[2:5]}",solver/physics/index; inspect context
code/independent_solution_audit.py,64,5,"self.types = {r[0]: dict(zip(names, r)) for r in transport[2:5]}",solver/physics/index; inspect context
code/independent_solution_audit.py,67,1,"self.types[r[0]].update(batteries=r[1], charge=r[2])",solver/physics/index; inspect context
code/independent_solution_audit.py,67,2,"self.types[r[0]].update(batteries=r[1], charge=r[2])",solver/physics/index; inspect context
code/independent_solution_audit.py,70,2,"medical, first = row[2] == ""医疗物资"", row[5] == ""是""",solver/physics/index; inspect context
code/independent_solution_audit.py,70,5,"medical, first = row[2] == ""医疗物资"", row[5] == ""是""",solver/physics/index; inspect context
code/independent_solution_audit.py,79,0,"self.relay.update(units=[r[0] for r in relay_rows[6:8]], components=relay_rows[11][1],",solver/physics/index; inspect context
code/independent_solution_audit.py,79,11,"self.relay.update(units=[r[0] for r in relay_rows[6:8]], components=relay_rows[11][1],",solver/physics/index; inspect context
code/independent_solution_audit.py,80,11,charge=relay_rows[11][2]),solver/physics/index; inspect context
code/independent_solution_audit.py,82,2,"self.radio = dict(frequency=communication[2][4], loss=communication[3][4],",solver/physics/index; inspect context
code/independent_solution_audit.py,82,3,"self.radio = dict(frequency=communication[2][4], loss=communication[3][4],",solver/physics/index; inspect context
code/independent_solution_audit.py,83,4,"obstruction=communication[4][4], sensitivity=communication[5][4],",solver/physics/index; inspect context
code/independent_solution_audit.py,83,5,"obstruction=communication[4][4], sensitivity=communication[5][4],",solver/physics/index; inspect context
code/independent_solution_audit.py,84,6,"fade=communication[6][4], gateway_height=communication[15][4])",solver/physics/index; inspect context
code/independent_solution_audit.py,84,15,"fade=communication[6][4], gateway_height=communication[15][4])",solver/physics/index; inspect context
code/independent_solution_audit.py,85,7,"tx = {""transport"": (communication[7][4], communication[8][4]),",solver/physics/index; inspect context
code/independent_solution_audit.py,85,8,"tx = {""transport"": (communication[7][4], communication[8][4]),",solver/physics/index; inspect context
code/independent_solution_audit.py,86,9,"""access"": (communication[9][4], communication[10][4]),",solver/physics/index; inspect context
code/independent_solution_audit.py,86,10,"""access"": (communication[9][4], communication[10][4]),",solver/physics/index; inspect context
code/independent_solution_audit.py,87,11,"""backhaul"": (communication[11][4], communication[12][4]),",solver/physics/index; inspect context
code/independent_solution_audit.py,87,12,"""backhaul"": (communication[11][4], communication[12][4]),",solver/physics/index; inspect context
code/independent_solution_audit.py,88,13,"""gateway"": (communication[13][4], communication[14][4])}",solver/physics/index; inspect context
code/independent_solution_audit.py,88,14,"""gateway"": (communication[13][4], communication[14][4])}",solver/physics/index; inspect context
code/independent_solution_audit.py,100,0,"self.nodes[0][4] + self.radio[""gateway_height""]]",solver/physics/index; inspect context
code/independent_solution_audit.py,115,1,mids = (cuts[:-1] + cuts[1:]) / 2,solver/physics/index; inspect context
code/independent_solution_audit.py,118,0,if np.any(rows < 0) or np.any(rows >= self.dem.shape[0]) or np.any(columns < 0) or np.any(columns >= self.dem.shape[1]):,solver/physics/index; inspect context
code/independent_solution_audit.py,118,1,if np.any(rows < 0) or np.any(rows >= self.dem.shape[0]) or np.any(columns < 0) or np.any(columns >= self.dem.shape[1]):,solver/physics/index; inspect context
code/independent_solution_audit.py,133,1e-08,return bool(np.any(elevations > lowest + 1e-8)),solver/physics/index; inspect context
code/independent_solution_audit.py,140,2,"d = math.hypot(self.distance(a, b) * safety, b[2] - a[2]) / 1000",solver/physics/index; inspect context
code/independent_solution_audit.py,140,2,"d = math.hypot(self.distance(a, b) * safety, b[2] - a[2]) / 1000",solver/physics/index; inspect context
code/independent_solution_audit.py,141,1e-06,"fspl = 32.45 + 20 * math.log10(self.radio[""frequency""]) + 20 * math.log10(max(d, 1e-6))",solver/physics/index; inspect context
code/independent_solution_audit.py,146,2,"xy = np.array([a[:2], b[:2], fixed[:2]], dtype=float)",solver/physics/index; inspect context
code/independent_solution_audit.py,146,2,"xy = np.array([a[:2], b[:2], fixed[:2]], dtype=float)",solver/physics/index; inspect context
code/independent_solution_audit.py,146,2,"xy = np.array([a[:2], b[:2], fixed[:2]], dtype=float)",solver/physics/index; inspect context
code/independent_solution_audit.py,173,1e-08,"return bool(np.all(self.dem[r0 + rr, c0 + cc] <= lower + 1e-8))",solver/physics/index; inspect context
code/independent_solution_audit.py,177,0.65,return full_charge * (0.65 * (0.9 - soc) / 0.9 + 0.35) if soc < 0.9 else full_charge * 0.35 * (1 - soc) / 0.1,solver/physics/index; inspect context
code/independent_solution_audit.py,182,1,"return any(b[0] < a[1] - EPS for a, b in zip(ordered, ordered[1:]))",solver/physics/index; inspect context
code/independent_solution_audit.py,199,1.5,"equivalent = aircraft[""L0""] - (aircraft[""L0""] - aircraft[""LF""]) * (weight / aircraft[""Q""]) ** 1.5",solver/physics/index; inspect context
code/independent_solution_audit.py,201,3600000.0,"(aircraft[""mass""] + weight) * 9.81 * (cruise - start_height) / (aircraft[""eta""] * 3.6e6))",solver/physics/index; inspect context
code/independent_solution_audit.py,206,2,"(backward_h - outward_a[2]) / aircraft[""vd""])",solver/physics/index; inspect context
code/independent_solution_audit.py,244,0,"if direct(node, kind, mid, 0)[0] <= aircraft[""E""] * (1 - aircraft[""rho""] / 100):",solver/physics/index; inspect context
code/independent_solution_audit.py,244,1,"if direct(node, kind, mid, 0)[0] <= aircraft[""E""] * (1 - aircraft[""rho""] / 100):",solver/physics/index; inspect context
code/independent_solution_audit.py,290,4,"a = [start_node[2], start_node[3], start_node[4] + (30 if previous else 0)]",solver/physics/index; inspect context
code/independent_solution_audit.py,290,30,"a = [start_node[2], start_node[3], start_node[4] + (30 if previous else 0)]",solver/physics/index; inspect context
code/independent_solution_audit.py,290,0,"a = [start_node[2], start_node[3], start_node[4] + (30 if previous else 0)]",solver/physics/index; inspect context
code/independent_solution_audit.py,291,4,"b = [end_node[2], end_node[3], end_node[4] + (30 if node else 0)]",solver/physics/index; inspect context
code/independent_solution_audit.py,291,30,"b = [end_node[2], end_node[3], end_node[4] + (30 if node else 0)]",solver/physics/index; inspect context
code/independent_solution_audit.py,291,0,"b = [end_node[2], end_node[3], end_node[4] + (30 if node else 0)]",solver/physics/index; inspect context
code/independent_solution_audit.py,301,1.5,"equivalent_range = aircraft[""L0""] - (aircraft[""L0""] - aircraft[""LF""]) * (remaining / aircraft[""Q""]) ** 1.5",solver/physics/index; inspect context
code/independent_solution_audit.py,303,9.81,"climb += (aircraft[""mass""] + remaining) * 9.81 * (cruise_height - a[2]) / (aircraft[""eta""] * 3.6e6)",solver/physics/index; inspect context
code/independent_solution_audit.py,342,1,"if route[""battery""] not in [f""{kind}B{i:02}"" for i in range(1, aircraft[""batteries""] + 1)]:",solver/physics/index; inspect context
code/independent_solution_audit.py,394,2,"outward = (max_height - origin[2]) / t[""vu""] + distance / t[""vc""] + (max_height - point[2]) / t[""vd""]",solver/physics/index; inspect context
code/independent_solution_audit.py,395,2,"return_time = (max_height - point[2]) / t[""vu""] + distance / t[""vc""] + (max_height - origin[2]) / t[""vd""]",solver/physics/index; inspect context
code/independent_solution_audit.py,401,3600000.0,"(t[""eta""] * 3.6e6) +",solver/physics/index; inspect context
code/independent_solution_audit.py,407,100,"if soc < t[""rho""] / 100 - EPS or r[""service_end""] < ready - EPS:",solver/physics/index; inspect context
code/independent_solution_audit.py,512,0,longitude = point[0] + fractions * (fixed[0] - point[0]),solver/physics/index; inspect context
code/independent_solution_audit.py,512,0,longitude = point[0] + fractions * (fixed[0] - point[0]),solver/physics/index; inspect context
code/independent_solution_audit.py,513,1,latitude = point[1] + fractions * (fixed[1] - point[1]),solver/physics/index; inspect context
code/independent_solution_audit.py,513,1,latitude = point[1] + fractions * (fixed[1] - point[1]),solver/physics/index; inspect context
code/independent_solution_audit.py,516,0,if np.any(rr < 0) or np.any(cc < 0) or np.any(rr >= raw.dem.shape[0]) or np.any(cc >= raw.dem.shape[1]):,solver/physics/index; inspect context
code/independent_solution_audit.py,516,1,if np.any(rr < 0) or np.any(cc < 0) or np.any(rr >= raw.dem.shape[0]) or np.any(cc >= raw.dem.shape[1]):,solver/physics/index; inspect context
code/independent_solution_audit.py,518,2,sight_height = point[2] + fractions * (fixed[2] - point[2]),solver/physics/index; inspect context
code/independent_solution_audit.py,518,2,sight_height = point[2] + fractions * (fixed[2] - point[2]),solver/physics/index; inspect context
code/independent_solution_audit.py,519,1e-08,"blocked = bool(np.any(raw.dem[rr, cc] > sight_height + 1e-8))",solver/physics/index; inspect context
code/independent_solution_audit.py,65,8,self.units = {g: [r[0] for r in transport[8:16] if r[1] == g] for g in self.types},solver/physics/index; inspect context
code/independent_solution_audit.py,65,16,self.units = {g: [r[0] for r in transport[8:16] if r[1] == g] for g in self.types},solver/physics/index; inspect context
code/independent_solution_audit.py,65,1,self.units = {g: [r[0] for r in transport[8:16] if r[1] == g] for g in self.types},solver/physics/index; inspect context
code/independent_solution_audit.py,67,0,"self.types[r[0]].update(batteries=r[1], charge=r[2])",solver/physics/index; inspect context
code/independent_solution_audit.py,71,0,"self.boxes.append(dict(id=row[0], node=self.node_ids[row[1]], mass=row[3], volume=row[4],",solver/physics/index; inspect context
code/independent_solution_audit.py,71,3,"self.boxes.append(dict(id=row[0], node=self.node_ids[row[1]], mass=row[3], volume=row[4],",solver/physics/index; inspect context
code/independent_solution_audit.py,71,4,"self.boxes.append(dict(id=row[0], node=self.node_ids[row[1]], mass=row[3], volume=row[4],",solver/physics/index; inspect context
code/independent_solution_audit.py,73,7,"due=row[7], priority=row[8]))",solver/physics/index; inspect context
code/independent_solution_audit.py,73,8,"due=row[7], priority=row[8]))",solver/physics/index; inspect context
code/independent_solution_audit.py,93,1,"self.radio[kind] = min(a[0] + a[1] + b[1], b[0] + b[1] + a[1]) - (",solver/physics/index; inspect context
code/independent_solution_audit.py,93,1,"self.radio[kind] = min(a[0] + a[1] + b[1], b[0] + b[1] + a[1]) - (",solver/physics/index; inspect context
code/independent_solution_audit.py,115,1,mids = (cuts[:-1] + cuts[1:]) / 2,solver/physics/index; inspect context
code/independent_solution_audit.py,131,2,"lowest = np.minimum(a[2] + (b[2] - a[2]) * cuts[:-1],",solver/physics/index; inspect context
code/independent_solution_audit.py,131,2,"lowest = np.minimum(a[2] + (b[2] - a[2]) * cuts[:-1],",solver/physics/index; inspect context
code/independent_solution_audit.py,132,2,a[2] + (b[2] - a[2]) * cuts[1:]),solver/physics/index; inspect context
code/independent_solution_audit.py,132,2,a[2] + (b[2] - a[2]) * cuts[1:]),solver/physics/index; inspect context
code/independent_solution_audit.py,132,1,a[2] + (b[2] - a[2]) * cuts[1:]),solver/physics/index; inspect context
code/independent_solution_audit.py,149,0,if np.linalg.norm(xy[0] - xy[1]) < 1e-12:,solver/physics/index; inspect context
code/independent_solution_audit.py,149,1,if np.linalg.norm(xy[0] - xy[1]) < 1e-12:,solver/physics/index; inspect context
code/independent_solution_audit.py,150,2,low = a if a[2] <= b[2] else b,solver/physics/index; inspect context
code/independent_solution_audit.py,150,2,low = a if a[2] <= b[2] else b,solver/physics/index; inspect context
code/independent_solution_audit.py,160,2,"polygon = {""type"": ""Polygon"", ""coordinates"": [[a[:2], b[:2], fixed[:2], a[:2]]]}",solver/physics/index; inspect context
code/independent_solution_audit.py,160,2,"polygon = {""type"": ""Polygon"", ""coordinates"": [[a[:2], b[:2], fixed[:2], a[:2]]]}",solver/physics/index; inspect context
code/independent_solution_audit.py,160,2,"polygon = {""type"": ""Polygon"", ""coordinates"": [[a[:2], b[:2], fixed[:2], a[:2]]]}",solver/physics/index; inspect context
code/independent_solution_audit.py,160,2,"polygon = {""type"": ""Polygon"", ""coordinates"": [[a[:2], b[:2], fixed[:2], a[:2]]]}",solver/physics/index; inspect context
code/independent_solution_audit.py,177,0.9,return full_charge * (0.65 * (0.9 - soc) / 0.9 + 0.35) if soc < 0.9 else full_charge * 0.35 * (1 - soc) / 0.1,solver/physics/index; inspect context
code/independent_solution_audit.py,182,1,"return any(b[0] < a[1] - EPS for a, b in zip(ordered, ordered[1:]))",solver/physics/index; inspect context
code/independent_solution_audit.py,201,9.81,"(aircraft[""mass""] + weight) * 9.81 * (cruise - start_height) / (aircraft[""eta""] * 3.6e6))",solver/physics/index; inspect context
code/independent_solution_audit.py,244,100,"if direct(node, kind, mid, 0)[0] <= aircraft[""E""] * (1 - aircraft[""rho""] / 100):",solver/physics/index; inspect context
code/independent_solution_audit.py,269,0,if len(set(assigned)) != len(assigned) or not assigned or any(i < 0 or i >= len(raw.boxes) for i in assigned):,solver/physics/index; inspect context
code/independent_solution_audit.py,294,2,"up, across, down = ((cruise_height - a[2]) / aircraft[""vu""],",solver/physics/index; inspect context
code/independent_solution_audit.py,295,2,"distance / aircraft[""vc""], (cruise_height - b[2]) / aircraft[""vd""])",solver/physics/index; inspect context
code/independent_solution_audit.py,296,0,"for phase, duration, start_pos, end_pos in ((""爬升"", up, a, [a[0], a[1], cruise_height]),",solver/physics/index; inspect context
code/independent_solution_audit.py,296,1,"for phase, duration, start_pos, end_pos in ((""爬升"", up, a, [a[0], a[1], cruise_height]),",solver/physics/index; inspect context
code/independent_solution_audit.py,297,0,"(""巡航"", across, [a[0], a[1], cruise_height], [b[0], b[1], cruise_height]),",solver/physics/index; inspect context
code/independent_solution_audit.py,297,1,"(""巡航"", across, [a[0], a[1], cruise_height], [b[0], b[1], cruise_height]),",solver/physics/index; inspect context
code/independent_solution_audit.py,297,0,"(""巡航"", across, [a[0], a[1], cruise_height], [b[0], b[1], cruise_height]),",solver/physics/index; inspect context
code/independent_solution_audit.py,297,1,"(""巡航"", across, [a[0], a[1], cruise_height], [b[0], b[1], cruise_height]),",solver/physics/index; inspect context
code/independent_solution_audit.py,298,0,"(""下降"", down, [b[0], b[1], cruise_height], b)):",solver/physics/index; inspect context
code/independent_solution_audit.py,298,1,"(""下降"", down, [b[0], b[1], cruise_height], b)):",solver/physics/index; inspect context
code/independent_solution_audit.py,303,2,"climb += (aircraft[""mass""] + remaining) * 9.81 * (cruise_height - a[2]) / (aircraft[""eta""] * 3.6e6)",solver/physics/index; inspect context
code/independent_solution_audit.py,342,1,"if route[""battery""] not in [f""{kind}B{i:02}"" for i in range(1, aircraft[""batteries""] + 1)]:",solver/physics/index; inspect context
code/independent_solution_audit.py,347,1,"energy_kwh=energy, reserve_kwh=aircraft[""E""] * (1 - aircraft[""rho""] / 100),",solver/physics/index; inspect context
code/independent_solution_audit.py,394,2,"outward = (max_height - origin[2]) / t[""vu""] + distance / t[""vc""] + (max_height - point[2]) / t[""vd""]",solver/physics/index; inspect context
code/independent_solution_audit.py,395,2,"return_time = (max_height - point[2]) / t[""vu""] + distance / t[""vc""] + (max_height - origin[2]) / t[""vd""]",solver/physics/index; inspect context
code/independent_solution_audit.py,400,9.81,"t[""mass""] * 9.81 * ((max_height - origin[2]) + (max_height - point[2])) /",solver/physics/index; inspect context
code/independent_solution_audit.py,411,1,"if r[""unit""] not in t[""units""] or r[""component""] not in [f""RB{i:02}"" for i in range(1, t[""components""] + 1)]:",solver/physics/index; inspect context
code/independent_solution_audit.py,474,1.0002,"margin = min(raw.margin(p, fixed, kind, False, 1.0002),",solver/physics/index; inspect context
code/independent_solution_audit.py,475,1.0002,"raw.margin(q, fixed, kind, False, 1.0002))",solver/physics/index; inspect context
code/independent_solution_audit.py,71,1,"self.boxes.append(dict(id=row[0], node=self.node_ids[row[1]], mass=row[3], volume=row[4],",solver/physics/index; inspect context
code/independent_solution_audit.py,72,6,"medical=medical, first=first, first_deadline=row[6] if first else None,",solver/physics/index; inspect context
code/independent_solution_audit.py,79,6,"self.relay.update(units=[r[0] for r in relay_rows[6:8]], components=relay_rows[11][1],",solver/physics/index; inspect context
code/independent_solution_audit.py,79,8,"self.relay.update(units=[r[0] for r in relay_rows[6:8]], components=relay_rows[11][1],",solver/physics/index; inspect context
code/independent_solution_audit.py,93,0,"self.radio[kind] = min(a[0] + a[1] + b[1], b[0] + b[1] + a[1]) - (",solver/physics/index; inspect context
code/independent_solution_audit.py,93,1,"self.radio[kind] = min(a[0] + a[1] + b[1], b[0] + b[1] + a[1]) - (",solver/physics/index; inspect context
code/independent_solution_audit.py,93,0,"self.radio[kind] = min(a[0] + a[1] + b[1], b[0] + b[1] + a[1]) - (",solver/physics/index; inspect context
code/independent_solution_audit.py,93,1,"self.radio[kind] = min(a[0] + a[1] + b[1], b[0] + b[1] + a[1]) - (",solver/physics/index; inspect context
code/independent_solution_audit.py,131,1,"lowest = np.minimum(a[2] + (b[2] - a[2]) * cuts[:-1],",solver/physics/index; inspect context
code/independent_solution_audit.py,205,2,"(backward_h - outward_b[2]) / aircraft[""vu""] + distance / aircraft[""vc""] +",solver/physics/index; inspect context
code/independent_solution_audit.py,347,100,"energy_kwh=energy, reserve_kwh=aircraft[""E""] * (1 - aircraft[""rho""] / 100),",solver/physics/index; inspect context
code/independent_solution_audit.py,399,2,"energy = (2 * t[""cruise_power""] * distance / t[""vc""] / 3600 +",solver/physics/index; inspect context
code/independent_solution_audit.py,411,1,"if r[""unit""] not in t[""units""] or r[""component""] not in [f""RB{i:02}"" for i in range(1, t[""components""] + 1)]:",solver/physics/index; inspect context
code/independent_solution_audit.py,113,1,"math.floor(min(start, end)) + 1, math.ceil(max(start, end))))",solver/physics/index; inspect context
code/independent_solution_audit.py,204,2,"(outward_h - outward_b[2]) / aircraft[""vd""] +",solver/physics/index; inspect context
code/independent_solution_audit.py,400,2,"t[""mass""] * 9.81 * ((max_height - origin[2]) + (max_height - point[2])) /",solver/physics/index; inspect context
code/independent_solution_audit.py,400,2,"t[""mass""] * 9.81 * ((max_height - origin[2]) + (max_height - point[2])) /",solver/physics/index; inspect context
code/independent_solution_audit.py,203,2,"flying = ((outward_h - outward_a[2]) / aircraft[""vu""] + distance / aircraft[""vc""] +",solver/physics/index; inspect context
code/kmax_controlled_scan.py,21,1,ROOT = Path(__file__).resolve().parents[1],path/bootstrap
code/kmax_controlled_scan.py,39,6.0,"parser.add_argument(""--search-seconds"", type=float, default=6.0)",solver/physics/index; inspect context
code/kmax_controlled_scan.py,40,8.0,"parser.add_argument(""--schedule-seconds"", type=float, default=8.0)",solver/physics/index; inspect context
code/kmax_controlled_scan.py,53,0,if args.search_seconds <= 0 or args.schedule_seconds <= 0:,solver/physics/index; inspect context
code/kmax_controlled_scan.py,53,0,if args.search_seconds <= 0 or args.schedule_seconds <= 0:,solver/physics/index; inspect context
code/kmax_controlled_scan.py,30,2,"temporary.write_text(json.dumps(content, ensure_ascii=False, indent=2,",solver/physics/index; inspect context
code/kmax_controlled_scan.py,73,100,"for trial_seed in range(seed * 100, seed * 100 + settings[""route_search""][""initial_seed_attempts""]):",solver/physics/index; inspect context
code/kmax_controlled_scan.py,57,2,"content = dict(protocol=dict(k_values=[2, 3, 4, 5], seeds=seeds, methods=methods,",solver/physics/index; inspect context
code/kmax_controlled_scan.py,57,3,"content = dict(protocol=dict(k_values=[2, 3, 4, 5], seeds=seeds, methods=methods,",solver/physics/index; inspect context
code/kmax_controlled_scan.py,57,4,"content = dict(protocol=dict(k_values=[2, 3, 4, 5], seeds=seeds, methods=methods,",solver/physics/index; inspect context
code/kmax_controlled_scan.py,57,5,"content = dict(protocol=dict(k_values=[2, 3, 4, 5], seeds=seeds, methods=methods,",solver/physics/index; inspect context
code/kmax_controlled_scan.py,73,100,"for trial_seed in range(seed * 100, seed * 100 + settings[""route_search""][""initial_seed_attempts""]):",solver/physics/index; inspect context
code/kmax_controlled_scan.py,100,1,"for index, route in enumerate(refined, 1):",solver/physics/index; inspect context
code/kmax_controlled_scan.py,102,2,"check = validate(model, dict(routes=refined), 2)",solver/physics/index; inspect context
code/mountain_flood/core/domain.py,9,0,"sys.path.insert(0, str(_BootstrapPath(__file__).resolve().parents[2]))",path/bootstrap
code/mountain_flood/core/domain.py,108,0,clock=t['prep']+t['load']*len(ids);takeoff=clock;prev=0;e=0.;deliver={};segments=[],solver/physics/index; inspect context
code/mountain_flood/core/domain.py,108,0.0,clock=t['prep']+t['load']*len(ids);takeoff=clock;prev=0;e=0.;deliver={};segments=[],solver/physics/index; inspect context
code/mountain_flood/core/domain.py,33,1,self.dem=self.raster.read(1),solver/physics/index; inspect context
code/mountain_flood/core/domain.py,59,16,for i in range(16):,solver/physics/index; inspect context
code/mountain_flood/core/domain.py,71,0,"o=self.nodes[0]; az,_,d=self.geo.inv(o['lon'],o['lat'],lon,lat)",solver/physics/index; inspect context
code/mountain_flood/core/domain.py,74,0,"o=self.nodes[0];lon,lat,_=self.geo.fwd(o['lon'],o['lat'],math.degrees(math.atan2(x,y)),math.hypot(x,y));return lon,lat",solver/physics/index; inspect context
code/mountain_flood/core/domain.py,82,0.0,"cuts=[0.,1.]",solver/physics/index; inspect context
code/mountain_flood/core/domain.py,82,1.0,"cuts=[0.,1.]",solver/physics/index; inspect context
code/mountain_flood/core/domain.py,87,2,"cuts=np.unique(np.clip(cuts,0,1)); mids=(cuts[:-1]+cuts[1:])/2",solver/physics/index; inspect context
code/mountain_flood/core/domain.py,96,1000,"d=math.hypot(self.geo.inv(a[0],a[1],b[0],b[1])[2],b[2]-a[2])/1000",solver/physics/index; inspect context
code/mountain_flood/core/domain.py,9,2,"sys.path.insert(0, str(_BootstrapPath(__file__).resolve().parents[2]))",path/bootstrap
code/mountain_flood/core/domain.py,20,2,"(RESULT/name).write_text(json.dumps(data,ensure_ascii=False,indent=2,default=lambda x:x.item() if hasattr(x,'item') else str(x)),encoding='utf-8')",solver/physics/index; inspect context
code/mountain_flood/core/domain.py,37,0,"self.types={r[0]:dict(zip(keys,r)) for r in tr[2:5]}",solver/physics/index; inspect context
code/mountain_flood/core/domain.py,39,19,"for r in tr[19:22]: self.types[r[0]].update(batteries=r[1],charge=r[2])",solver/physics/index; inspect context
code/mountain_flood/core/domain.py,39,22,"for r in tr[19:22]: self.types[r[0]].update(batteries=r[1],charge=r[2])",solver/physics/index; inspect context
code/mountain_flood/core/domain.py,49,1,"for r in rows('物资需求与配送时限','逐箱货箱清单')[1:]:",solver/physics/index; inspect context
code/mountain_flood/core/domain.py,57,16,"self.D=np.zeros((16,16));self.H=np.zeros((16,16))",solver/physics/index; inspect context
code/mountain_flood/core/domain.py,57,16,"self.D=np.zeros((16,16));self.H=np.zeros((16,16))",solver/physics/index; inspect context
code/mountain_flood/core/domain.py,57,16,"self.D=np.zeros((16,16));self.H=np.zeros((16,16))",solver/physics/index; inspect context
code/mountain_flood/core/domain.py,57,16,"self.D=np.zeros((16,16));self.H=np.zeros((16,16))",solver/physics/index; inspect context
code/mountain_flood/core/domain.py,60,16,"for j in range(i+1,16):",solver/physics/index; inspect context
code/mountain_flood/core/domain.py,66,16,for i in range(16):,solver/physics/index; inspect context
code/mountain_flood/core/domain.py,84,1e-12,if abs(b-a)>1e-12:,solver/physics/index; inspect context
code/mountain_flood/core/domain.py,87,0,"cuts=np.unique(np.clip(cuts,0,1)); mids=(cuts[:-1]+cuts[1:])/2",solver/physics/index; inspect context
code/mountain_flood/core/domain.py,87,1,"cuts=np.unique(np.clip(cuts,0,1)); mids=(cuts[:-1]+cuts[1:])/2",solver/physics/index; inspect context
code/mountain_flood/core/domain.py,93,0,"cuts,h=self.cells(a[0],a[1],b[0],b[1]);z=a[2]+(b[2]-a[2])*cuts",solver/physics/index; inspect context
code/mountain_flood/core/domain.py,93,1,"cuts,h=self.cells(a[0],a[1],b[0],b[1]);z=a[2]+(b[2]-a[2])*cuts",solver/physics/index; inspect context
code/mountain_flood/core/domain.py,93,0,"cuts,h=self.cells(a[0],a[1],b[0],b[1]);z=a[2]+(b[2]-a[2])*cuts",solver/physics/index; inspect context
code/mountain_flood/core/domain.py,93,1,"cuts,h=self.cells(a[0],a[1],b[0],b[1]);z=a[2]+(b[2]-a[2])*cuts",solver/physics/index; inspect context
code/mountain_flood/core/domain.py,93,2,"cuts,h=self.cells(a[0],a[1],b[0],b[1]);z=a[2]+(b[2]-a[2])*cuts",solver/physics/index; inspect context
code/mountain_flood/core/domain.py,103,100,if rho is None:rho=t['rho']/100,solver/physics/index; inspect context
code/mountain_flood/core/domain.py,109,0,for node in order+[0]:,solver/physics/index; inspect context
code/mountain_flood/core/domain.py,122,1e-09,if e>(1-rho)*t['E']+1e-9:return None,solver/physics/index; inspect context
code/mountain_flood/core/domain.py,127,1,return T*(a*(b-s)/b+c) if s<b else T*c*(1-s)/(1-b),solver/physics/index; inspect context
code/mountain_flood/core/domain.py,38,0,self.units={g:[r[0] for r in tr[8:16] if r[1]==g] for g in self.types},solver/physics/index; inspect context
code/mountain_flood/core/domain.py,42,2,"self.relay=dict(zip(rk,rr[2]))",solver/physics/index; inspect context
code/mountain_flood/core/domain.py,43,1,"self.relay.update(units=[r[0] for r in rr[6:8]],components=rr[11][1],charge=rr[11][2])",solver/physics/index; inspect context
code/mountain_flood/core/domain.py,43,2,"self.relay.update(units=[r[0] for r in rr[6:8]],components=rr[11][1],charge=rr[11][2])",solver/physics/index; inspect context
code/mountain_flood/core/domain.py,45,4,"self.comm=dict(frequency_mhz=cr[2][4],system_loss_db=cr[3][4],obstruction_db=cr[4][4],sensitivity_dbm=cr[5][4],fade_margin_db=cr[6][4],gateway_height_m=cr[15][4])",solver/physics/index; inspect context
code/mountain_flood/core/domain.py,45,4,"self.comm=dict(frequency_mhz=cr[2][4],system_loss_db=cr[3][4],obstruction_db=cr[4][4],sensitivity_dbm=cr[5][4],fade_margin_db=cr[6][4],gateway_height_m=cr[15][4])",solver/physics/index; inspect context
code/mountain_flood/core/domain.py,45,4,"self.comm=dict(frequency_mhz=cr[2][4],system_loss_db=cr[3][4],obstruction_db=cr[4][4],sensitivity_dbm=cr[5][4],fade_margin_db=cr[6][4],gateway_height_m=cr[15][4])",solver/physics/index; inspect context
code/mountain_flood/core/domain.py,45,4,"self.comm=dict(frequency_mhz=cr[2][4],system_loss_db=cr[3][4],obstruction_db=cr[4][4],sensitivity_dbm=cr[5][4],fade_margin_db=cr[6][4],gateway_height_m=cr[15][4])",solver/physics/index; inspect context
code/mountain_flood/core/domain.py,45,4,"self.comm=dict(frequency_mhz=cr[2][4],system_loss_db=cr[3][4],obstruction_db=cr[4][4],sensitivity_dbm=cr[5][4],fade_margin_db=cr[6][4],gateway_height_m=cr[15][4])",solver/physics/index; inspect context
code/mountain_flood/core/domain.py,45,4,"self.comm=dict(frequency_mhz=cr[2][4],system_loss_db=cr[3][4],obstruction_db=cr[4][4],sensitivity_dbm=cr[5][4],fade_margin_db=cr[6][4],gateway_height_m=cr[15][4])",solver/physics/index; inspect context
code/mountain_flood/core/domain.py,46,4,"tx={'transport':(cr[7][4],cr[8][4]),'access':(cr[9][4],cr[10][4]),'backhaul':(cr[11][4],cr[12][4]),'gateway':(cr[13][4],cr[14][4])}",solver/physics/index; inspect context
code/mountain_flood/core/domain.py,46,4,"tx={'transport':(cr[7][4],cr[8][4]),'access':(cr[9][4],cr[10][4]),'backhaul':(cr[11][4],cr[12][4]),'gateway':(cr[13][4],cr[14][4])}",solver/physics/index; inspect context
code/mountain_flood/core/domain.py,46,4,"tx={'transport':(cr[7][4],cr[8][4]),'access':(cr[9][4],cr[10][4]),'backhaul':(cr[11][4],cr[12][4]),'gateway':(cr[13][4],cr[14][4])}",solver/physics/index; inspect context
code/mountain_flood/core/domain.py,46,4,"tx={'transport':(cr[7][4],cr[8][4]),'access':(cr[9][4],cr[10][4]),'backhaul':(cr[11][4],cr[12][4]),'gateway':(cr[13][4],cr[14][4])}",solver/physics/index; inspect context
code/mountain_flood/core/domain.py,46,4,"tx={'transport':(cr[7][4],cr[8][4]),'access':(cr[9][4],cr[10][4]),'backhaul':(cr[11][4],cr[12][4]),'gateway':(cr[13][4],cr[14][4])}",solver/physics/index; inspect context
code/mountain_flood/core/domain.py,46,4,"tx={'transport':(cr[7][4],cr[8][4]),'access':(cr[9][4],cr[10][4]),'backhaul':(cr[11][4],cr[12][4]),'gateway':(cr[13][4],cr[14][4])}",solver/physics/index; inspect context
code/mountain_flood/core/domain.py,46,4,"tx={'transport':(cr[7][4],cr[8][4]),'access':(cr[9][4],cr[10][4]),'backhaul':(cr[11][4],cr[12][4]),'gateway':(cr[13][4],cr[14][4])}",solver/physics/index; inspect context
code/mountain_flood/core/domain.py,46,4,"tx={'transport':(cr[7][4],cr[8][4]),'access':(cr[9][4],cr[10][4]),'backhaul':(cr[11][4],cr[12][4]),'gateway':(cr[13][4],cr[14][4])}",solver/physics/index; inspect context
code/mountain_flood/core/domain.py,52,2,medical=r[2]=='医疗物资';first=r[5]=='是',solver/physics/index; inspect context
code/mountain_flood/core/domain.py,52,5,medical=r[2]=='医疗物资';first=r[5]=='是',solver/physics/index; inspect context
code/mountain_flood/core/domain.py,53,1000000000.0,"hard=min(r[7] if medical else 1e9,r[6] if first else 1e9)",solver/physics/index; inspect context
code/mountain_flood/core/domain.py,53,1000000000.0,"hard=min(r[7] if medical else 1e9,r[6] if first else 1e9)",solver/physics/index; inspect context
code/mountain_flood/core/domain.py,58,16,"self.T={g:np.zeros((16,16)) for g in self.types}",solver/physics/index; inspect context
code/mountain_flood/core/domain.py,58,16,"self.T={g:np.zeros((16,16)) for g in self.types}",solver/physics/index; inspect context
code/mountain_flood/core/domain.py,60,1,"for j in range(i+1,16):",solver/physics/index; inspect context
code/mountain_flood/core/domain.py,62,2,"d=self.geo.inv(a['lon'],a['lat'],b['lon'],b['lat'])[2]",solver/physics/index; inspect context
code/mountain_flood/core/domain.py,67,16,for j in range(16):,solver/physics/index; inspect context
code/mountain_flood/core/domain.py,77,0,"return self.dem[np.clip(np.floor(row).astype(int),0,self.dem.shape[0]-1),np.clip(np.floor(col).astype(int),0,self.dem.shape[1]-1)]",solver/physics/index; inspect context
code/mountain_flood/core/domain.py,77,0,"return self.dem[np.clip(np.floor(row).astype(int),0,self.dem.shape[0]-1),np.clip(np.floor(col).astype(int),0,self.dem.shape[1]-1)]",solver/physics/index; inspect context
code/mountain_flood/core/domain.py,96,2,"d=math.hypot(self.geo.inv(a[0],a[1],b[0],b[1])[2],b[2]-a[2])/1000",solver/physics/index; inspect context
code/mountain_flood/core/domain.py,99,1.5,"t=self.types[g]; L=t['L0']-(t['L0']-t['LF'])*(max(q,0)/t['Q'])**1.5",solver/physics/index; inspect context
code/mountain_flood/core/domain.py,100,3600000.0,"return t['E']*self.D[i,j]/L+(t['mass']+q)*self.parameters['gravity_m_s2']*(self.H[i,j]-self.op[i])/(t['eta']*3.6e6)",solver/physics/index; inspect context
code/mountain_flood/core/domain.py,105,1e-09,if w>t['Q']+1e-9 or v>t['V']+1e-9:return None,solver/physics/index; inspect context
code/mountain_flood/core/domain.py,105,1e-09,if w>t['Q']+1e-9 or v>t['V']+1e-9:return None,solver/physics/index; inspect context
code/mountain_flood/core/domain.py,123,1,"return dict(g=g,boxes=list(ids),order=order,w=sum(b['w'] for b in bs),v=v,energy=e,duration=clock,takeoff=takeoff,deliver=deliver,segments=segments,soc=1-e/t['E'])",solver/physics/index; inspect context
code/mountain_flood/core/domain.py,127,1,return T*(a*(b-s)/b+c) if s<b else T*c*(1-s)/(1-b),solver/physics/index; inspect context
code/mountain_flood/core/domain.py,29,0,"self.nodes=[dict(id=r[0],name=r[1],lon=r[2],lat=r[3],z=r[4],pop=r[5] or 0) for r in [nr[2]]+nr[6:21]]",solver/physics/index; inspect context
code/mountain_flood/core/domain.py,29,1,"self.nodes=[dict(id=r[0],name=r[1],lon=r[2],lat=r[3],z=r[4],pop=r[5] or 0) for r in [nr[2]]+nr[6:21]]",solver/physics/index; inspect context
code/mountain_flood/core/domain.py,29,2,"self.nodes=[dict(id=r[0],name=r[1],lon=r[2],lat=r[3],z=r[4],pop=r[5] or 0) for r in [nr[2]]+nr[6:21]]",solver/physics/index; inspect context
code/mountain_flood/core/domain.py,29,3,"self.nodes=[dict(id=r[0],name=r[1],lon=r[2],lat=r[3],z=r[4],pop=r[5] or 0) for r in [nr[2]]+nr[6:21]]",solver/physics/index; inspect context
code/mountain_flood/core/domain.py,29,4,"self.nodes=[dict(id=r[0],name=r[1],lon=r[2],lat=r[3],z=r[4],pop=r[5] or 0) for r in [nr[2]]+nr[6:21]]",solver/physics/index; inspect context
code/mountain_flood/core/domain.py,29,0,"self.nodes=[dict(id=r[0],name=r[1],lon=r[2],lat=r[3],z=r[4],pop=r[5] or 0) for r in [nr[2]]+nr[6:21]]",solver/physics/index; inspect context
code/mountain_flood/core/domain.py,37,2,"self.types={r[0]:dict(zip(keys,r)) for r in tr[2:5]}",solver/physics/index; inspect context
code/mountain_flood/core/domain.py,37,5,"self.types={r[0]:dict(zip(keys,r)) for r in tr[2:5]}",solver/physics/index; inspect context
code/mountain_flood/core/domain.py,39,1,"for r in tr[19:22]: self.types[r[0]].update(batteries=r[1],charge=r[2])",solver/physics/index; inspect context
code/mountain_flood/core/domain.py,39,2,"for r in tr[19:22]: self.types[r[0]].update(batteries=r[1],charge=r[2])",solver/physics/index; inspect context
code/mountain_flood/core/domain.py,43,0,"self.relay.update(units=[r[0] for r in rr[6:8]],components=rr[11][1],charge=rr[11][2])",solver/physics/index; inspect context
code/mountain_flood/core/domain.py,43,11,"self.relay.update(units=[r[0] for r in rr[6:8]],components=rr[11][1],charge=rr[11][2])",solver/physics/index; inspect context
code/mountain_flood/core/domain.py,43,11,"self.relay.update(units=[r[0] for r in rr[6:8]],components=rr[11][1],charge=rr[11][2])",solver/physics/index; inspect context
code/mountain_flood/core/domain.py,45,2,"self.comm=dict(frequency_mhz=cr[2][4],system_loss_db=cr[3][4],obstruction_db=cr[4][4],sensitivity_dbm=cr[5][4],fade_margin_db=cr[6][4],gateway_height_m=cr[15][4])",solver/physics/index; inspect context
code/mountain_flood/core/domain.py,45,3,"self.comm=dict(frequency_mhz=cr[2][4],system_loss_db=cr[3][4],obstruction_db=cr[4][4],sensitivity_dbm=cr[5][4],fade_margin_db=cr[6][4],gateway_height_m=cr[15][4])",solver/physics/index; inspect context
code/mountain_flood/core/domain.py,45,4,"self.comm=dict(frequency_mhz=cr[2][4],system_loss_db=cr[3][4],obstruction_db=cr[4][4],sensitivity_dbm=cr[5][4],fade_margin_db=cr[6][4],gateway_height_m=cr[15][4])",solver/physics/index; inspect context
code/mountain_flood/core/domain.py,45,5,"self.comm=dict(frequency_mhz=cr[2][4],system_loss_db=cr[3][4],obstruction_db=cr[4][4],sensitivity_dbm=cr[5][4],fade_margin_db=cr[6][4],gateway_height_m=cr[15][4])",solver/physics/index; inspect context
code/mountain_flood/core/domain.py,45,6,"self.comm=dict(frequency_mhz=cr[2][4],system_loss_db=cr[3][4],obstruction_db=cr[4][4],sensitivity_dbm=cr[5][4],fade_margin_db=cr[6][4],gateway_height_m=cr[15][4])",solver/physics/index; inspect context
code/mountain_flood/core/domain.py,45,15,"self.comm=dict(frequency_mhz=cr[2][4],system_loss_db=cr[3][4],obstruction_db=cr[4][4],sensitivity_dbm=cr[5][4],fade_margin_db=cr[6][4],gateway_height_m=cr[15][4])",solver/physics/index; inspect context
code/mountain_flood/core/domain.py,46,7,"tx={'transport':(cr[7][4],cr[8][4]),'access':(cr[9][4],cr[10][4]),'backhaul':(cr[11][4],cr[12][4]),'gateway':(cr[13][4],cr[14][4])}",solver/physics/index; inspect context
code/mountain_flood/core/domain.py,46,8,"tx={'transport':(cr[7][4],cr[8][4]),'access':(cr[9][4],cr[10][4]),'backhaul':(cr[11][4],cr[12][4]),'gateway':(cr[13][4],cr[14][4])}",solver/physics/index; inspect context
code/mountain_flood/core/domain.py,46,9,"tx={'transport':(cr[7][4],cr[8][4]),'access':(cr[9][4],cr[10][4]),'backhaul':(cr[11][4],cr[12][4]),'gateway':(cr[13][4],cr[14][4])}",solver/physics/index; inspect context
code/mountain_flood/core/domain.py,46,10,"tx={'transport':(cr[7][4],cr[8][4]),'access':(cr[9][4],cr[10][4]),'backhaul':(cr[11][4],cr[12][4]),'gateway':(cr[13][4],cr[14][4])}",solver/physics/index; inspect context
code/mountain_flood/core/domain.py,46,11,"tx={'transport':(cr[7][4],cr[8][4]),'access':(cr[9][4],cr[10][4]),'backhaul':(cr[11][4],cr[12][4]),'gateway':(cr[13][4],cr[14][4])}",solver/physics/index; inspect context
code/mountain_flood/core/domain.py,46,12,"tx={'transport':(cr[7][4],cr[8][4]),'access':(cr[9][4],cr[10][4]),'backhaul':(cr[11][4],cr[12][4]),'gateway':(cr[13][4],cr[14][4])}",solver/physics/index; inspect context
code/mountain_flood/core/domain.py,46,13,"tx={'transport':(cr[7][4],cr[8][4]),'access':(cr[9][4],cr[10][4]),'backhaul':(cr[11][4],cr[12][4]),'gateway':(cr[13][4],cr[14][4])}",solver/physics/index; inspect context
code/mountain_flood/core/domain.py,46,14,"tx={'transport':(cr[7][4],cr[8][4]),'access':(cr[9][4],cr[10][4]),'backhaul':(cr[11][4],cr[12][4]),'gateway':(cr[13][4],cr[14][4])}",solver/physics/index; inspect context
code/mountain_flood/core/domain.py,53,7,"hard=min(r[7] if medical else 1e9,r[6] if first else 1e9)",solver/physics/index; inspect context
code/mountain_flood/core/domain.py,53,6,"hard=min(r[7] if medical else 1e9,r[6] if first else 1e9)",solver/physics/index; inspect context
code/mountain_flood/core/domain.py,56,0,"self.op=np.array([n['z']+(self.parameters['service_height_m'] if i else 0) for i,n in enumerate(self.nodes)])",solver/physics/index; inspect context
code/mountain_flood/core/domain.py,77,1,"return self.dem[np.clip(np.floor(row).astype(int),0,self.dem.shape[0]-1),np.clip(np.floor(col).astype(int),0,self.dem.shape[1]-1)]",solver/physics/index; inspect context
code/mountain_flood/core/domain.py,77,1,"return self.dem[np.clip(np.floor(row).astype(int),0,self.dem.shape[0]-1),np.clip(np.floor(col).astype(int),0,self.dem.shape[1]-1)]",solver/physics/index; inspect context
code/mountain_flood/core/domain.py,85,1,"k=np.arange(math.floor(min(a,b))+1,math.ceil(max(a,b)))",solver/physics/index; inspect context
code/mountain_flood/core/domain.py,87,1,"cuts=np.unique(np.clip(cuts,0,1)); mids=(cuts[:-1]+cuts[1:])/2",solver/physics/index; inspect context
code/mountain_flood/core/domain.py,93,2,"cuts,h=self.cells(a[0],a[1],b[0],b[1]);z=a[2]+(b[2]-a[2])*cuts",solver/physics/index; inspect context
code/mountain_flood/core/domain.py,93,2,"cuts,h=self.cells(a[0],a[1],b[0],b[1]);z=a[2]+(b[2]-a[2])*cuts",solver/physics/index; inspect context
code/mountain_flood/core/domain.py,94,1e-08,"return bool(np.any(h>np.minimum(z[:-1],z[1:])+1e-8))",solver/physics/index; inspect context
code/mountain_flood/core/domain.py,96,2,"d=math.hypot(self.geo.inv(a[0],a[1],b[0],b[1])[2],b[2]-a[2])/1000",solver/physics/index; inspect context
code/mountain_flood/core/domain.py,96,2,"d=math.hypot(self.geo.inv(a[0],a[1],b[0],b[1])[2],b[2]-a[2])/1000",solver/physics/index; inspect context
code/mountain_flood/core/domain.py,97,32.45,"return threshold-(32.45+20*math.log10(self.comm['frequency_mhz'])+20*math.log10(max(d,1e-6))+self.comm['obstruction_db']*self.blocked(a,b))",solver/physics/index; inspect context
code/mountain_flood/core/domain.py,97,20,"return threshold-(32.45+20*math.log10(self.comm['frequency_mhz'])+20*math.log10(max(d,1e-6))+self.comm['obstruction_db']*self.blocked(a,b))",solver/physics/index; inspect context
code/mountain_flood/core/domain.py,122,1,if e>(1-rho)*t['E']+1e-9:return None,solver/physics/index; inspect context
code/mountain_flood/core/domain.py,29,5,"self.nodes=[dict(id=r[0],name=r[1],lon=r[2],lat=r[3],z=r[4],pop=r[5] or 0) for r in [nr[2]]+nr[6:21]]",solver/physics/index; inspect context
code/mountain_flood/core/domain.py,29,2,"self.nodes=[dict(id=r[0],name=r[1],lon=r[2],lat=r[3],z=r[4],pop=r[5] or 0) for r in [nr[2]]+nr[6:21]]",solver/physics/index; inspect context
code/mountain_flood/core/domain.py,29,6,"self.nodes=[dict(id=r[0],name=r[1],lon=r[2],lat=r[3],z=r[4],pop=r[5] or 0) for r in [nr[2]]+nr[6:21]]",solver/physics/index; inspect context
code/mountain_flood/core/domain.py,29,21,"self.nodes=[dict(id=r[0],name=r[1],lon=r[2],lat=r[3],z=r[4],pop=r[5] or 0) for r in [nr[2]]+nr[6:21]]",solver/physics/index; inspect context
code/mountain_flood/core/domain.py,38,8,self.units={g:[r[0] for r in tr[8:16] if r[1]==g] for g in self.types},solver/physics/index; inspect context
code/mountain_flood/core/domain.py,38,16,self.units={g:[r[0] for r in tr[8:16] if r[1]==g] for g in self.types},solver/physics/index; inspect context
code/mountain_flood/core/domain.py,38,1,self.units={g:[r[0] for r in tr[8:16] if r[1]==g] for g in self.types},solver/physics/index; inspect context
code/mountain_flood/core/domain.py,39,0,"for r in tr[19:22]: self.types[r[0]].update(batteries=r[1],charge=r[2])",solver/physics/index; inspect context
code/mountain_flood/core/domain.py,54,0,"self.boxes.append(dict(id=r[0],node=self.idx[r[1]],kind=r[2],w=r[3],v=r[4],first=first,medical=medical,first_deadline=r[6] if first else None,deadline=hard,due=r[7],priority=r[8]))",solver/physics/index; inspect context
code/mountain_flood/core/domain.py,54,2,"self.boxes.append(dict(id=r[0],node=self.idx[r[1]],kind=r[2],w=r[3],v=r[4],first=first,medical=medical,first_deadline=r[6] if first else None,deadline=hard,due=r[7],priority=r[8]))",solver/physics/index; inspect context
code/mountain_flood/core/domain.py,54,3,"self.boxes.append(dict(id=r[0],node=self.idx[r[1]],kind=r[2],w=r[3],v=r[4],first=first,medical=medical,first_deadline=r[6] if first else None,deadline=hard,due=r[7],priority=r[8]))",solver/physics/index; inspect context
code/mountain_flood/core/domain.py,54,4,"self.boxes.append(dict(id=r[0],node=self.idx[r[1]],kind=r[2],w=r[3],v=r[4],first=first,medical=medical,first_deadline=r[6] if first else None,deadline=hard,due=r[7],priority=r[8]))",solver/physics/index; inspect context
code/mountain_flood/core/domain.py,54,7,"self.boxes.append(dict(id=r[0],node=self.idx[r[1]],kind=r[2],w=r[3],v=r[4],first=first,medical=medical,first_deadline=r[6] if first else None,deadline=hard,due=r[7],priority=r[8]))",solver/physics/index; inspect context
code/mountain_flood/core/domain.py,54,8,"self.boxes.append(dict(id=r[0],node=self.idx[r[1]],kind=r[2],w=r[3],v=r[4],first=first,medical=medical,first_deadline=r[6] if first else None,deadline=hard,due=r[7],priority=r[8]))",solver/physics/index; inspect context
code/mountain_flood/core/domain.py,77,0,"return self.dem[np.clip(np.floor(row).astype(int),0,self.dem.shape[0]-1),np.clip(np.floor(col).astype(int),0,self.dem.shape[1]-1)]",solver/physics/index; inspect context
code/mountain_flood/core/domain.py,77,1,"return self.dem[np.clip(np.floor(row).astype(int),0,self.dem.shape[0]-1),np.clip(np.floor(col).astype(int),0,self.dem.shape[1]-1)]",solver/physics/index; inspect context
code/mountain_flood/core/domain.py,87,1,"cuts=np.unique(np.clip(cuts,0,1)); mids=(cuts[:-1]+cuts[1:])/2",solver/physics/index; inspect context
code/mountain_flood/core/domain.py,96,0,"d=math.hypot(self.geo.inv(a[0],a[1],b[0],b[1])[2],b[2]-a[2])/1000",solver/physics/index; inspect context
code/mountain_flood/core/domain.py,96,1,"d=math.hypot(self.geo.inv(a[0],a[1],b[0],b[1])[2],b[2]-a[2])/1000",solver/physics/index; inspect context
code/mountain_flood/core/domain.py,96,0,"d=math.hypot(self.geo.inv(a[0],a[1],b[0],b[1])[2],b[2]-a[2])/1000",solver/physics/index; inspect context
code/mountain_flood/core/domain.py,96,1,"d=math.hypot(self.geo.inv(a[0],a[1],b[0],b[1])[2],b[2]-a[2])/1000",solver/physics/index; inspect context
code/mountain_flood/core/domain.py,97,20,"return threshold-(32.45+20*math.log10(self.comm['frequency_mhz'])+20*math.log10(max(d,1e-6))+self.comm['obstruction_db']*self.blocked(a,b))",solver/physics/index; inspect context
code/mountain_flood/core/domain.py,99,0,"t=self.types[g]; L=t['L0']-(t['L0']-t['LF'])*(max(q,0)/t['Q'])**1.5",solver/physics/index; inspect context
code/mountain_flood/core/domain.py,43,6,"self.relay.update(units=[r[0] for r in rr[6:8]],components=rr[11][1],charge=rr[11][2])",solver/physics/index; inspect context
code/mountain_flood/core/domain.py,43,8,"self.relay.update(units=[r[0] for r in rr[6:8]],components=rr[11][1],charge=rr[11][2])",solver/physics/index; inspect context
code/mountain_flood/core/domain.py,54,1,"self.boxes.append(dict(id=r[0],node=self.idx[r[1]],kind=r[2],w=r[3],v=r[4],first=first,medical=medical,first_deadline=r[6] if first else None,deadline=hard,due=r[7],priority=r[8]))",solver/physics/index; inspect context
code/mountain_flood/core/domain.py,54,6,"self.boxes.append(dict(id=r[0],node=self.idx[r[1]],kind=r[2],w=r[3],v=r[4],first=first,medical=medical,first_deadline=r[6] if first else None,deadline=hard,due=r[7],priority=r[8]))",solver/physics/index; inspect context
code/mountain_flood/core/domain.py,97,1e-06,"return threshold-(32.45+20*math.log10(self.comm['frequency_mhz'])+20*math.log10(max(d,1e-6))+self.comm['obstruction_db']*self.blocked(a,b))",solver/physics/index; inspect context
code/mountain_flood/core/domain.py,47,1,"self.comm['thresholds_db']={name:min(tx[a][0]+tx[a][1]+tx[b][1],tx[b][0]+tx[b][1]+tx[a][1])-self.comm['sensitivity_dbm']-self.comm['fade_margin_db']-self.comm['system_loss_db'] for",solver/physics/index; inspect context
code/mountain_flood/core/domain.py,47,1,"self.comm['thresholds_db']={name:min(tx[a][0]+tx[a][1]+tx[b][1],tx[b][0]+tx[b][1]+tx[a][1])-self.comm['sensitivity_dbm']-self.comm['fade_margin_db']-self.comm['system_loss_db'] for",solver/physics/index; inspect context
code/mountain_flood/core/domain.py,94,1,"return bool(np.any(h>np.minimum(z[:-1],z[1:])+1e-8))",solver/physics/index; inspect context
code/mountain_flood/core/domain.py,47,0,"self.comm['thresholds_db']={name:min(tx[a][0]+tx[a][1]+tx[b][1],tx[b][0]+tx[b][1]+tx[a][1])-self.comm['sensitivity_dbm']-self.comm['fade_margin_db']-self.comm['system_loss_db'] for",solver/physics/index; inspect context
code/mountain_flood/core/domain.py,47,1,"self.comm['thresholds_db']={name:min(tx[a][0]+tx[a][1]+tx[b][1],tx[b][0]+tx[b][1]+tx[a][1])-self.comm['sensitivity_dbm']-self.comm['fade_margin_db']-self.comm['system_loss_db'] for",solver/physics/index; inspect context
code/mountain_flood/core/domain.py,47,0,"self.comm['thresholds_db']={name:min(tx[a][0]+tx[a][1]+tx[b][1],tx[b][0]+tx[b][1]+tx[a][1])-self.comm['sensitivity_dbm']-self.comm['fade_margin_db']-self.comm['system_loss_db'] for",solver/physics/index; inspect context
code/mountain_flood/core/domain.py,47,1,"self.comm['thresholds_db']={name:min(tx[a][0]+tx[a][1]+tx[b][1],tx[b][0]+tx[b][1]+tx[a][1])-self.comm['sensitivity_dbm']-self.comm['fade_margin_db']-self.comm['system_loss_db'] for",solver/physics/index; inspect context
code/mountain_flood/core/domain.py,94,1,"return bool(np.any(h>np.minimum(z[:-1],z[1:])+1e-8))",solver/physics/index; inspect context
code/mountain_flood/experiments/audit_public_reference.py,10,0,"sys.path.insert(0, str(_BootstrapPath(__file__).resolve().parents[2]))",path/bootstrap
code/mountain_flood/experiments/audit_public_reference.py,10,2,"sys.path.insert(0, str(_BootstrapPath(__file__).resolve().parents[2]))",path/bootstrap
code/mountain_flood/experiments/energy_sensitivity.py,22,0.0,horizontal = climb = 0.0,historical_experiment
code/mountain_flood/experiments/energy_sensitivity.py,23,0,prev = 0,historical_experiment
code/mountain_flood/experiments/energy_sensitivity.py,12,0,"sys.path.insert(0, str(_BootstrapPath(__file__).resolve().parents[2]))",path/bootstrap
code/mountain_flood/experiments/energy_sensitivity.py,33,1e-08,if abs(horizontal + climb - route['energy']) > 1e-8:,historical_experiment
code/mountain_flood/experiments/energy_sensitivity.py,24,0,for node in list(route['order']) + [0]:,historical_experiment
code/mountain_flood/experiments/energy_sensitivity.py,35,1,limit = (1 - t['rho'] / 100) * t['E'],historical_experiment
code/mountain_flood/experiments/energy_sensitivity.py,12,2,"sys.path.insert(0, str(_BootstrapPath(__file__).resolve().parents[2]))",path/bootstrap
code/mountain_flood/experiments/energy_sensitivity.py,28,3600000.0,"model.H[prev, node] - model.op[prev]) / (t['eta'] * 3.6e6)",historical_experiment
code/mountain_flood/experiments/energy_sensitivity.py,35,100,limit = (1 - t['rho'] / 100) * t['E'],historical_experiment
code/mountain_flood/experiments/energy_sensitivity.py,39,100,"horizontal_increase_percent=100 * ((limit - climb) / horizontal - 1),",historical_experiment
code/mountain_flood/experiments/energy_sensitivity.py,40,100,"climb_increase_percent=100 * ((limit - horizontal) / climb - 1),",historical_experiment
code/mountain_flood/experiments/energy_sensitivity.py,41,100,all_energy_increase_percent=100 * (limit / route['energy'] - 1)),historical_experiment
code/mountain_flood/experiments/energy_sensitivity.py,63,4,"round(result['tightest']['horizontal_increase_percent'], 4),",historical_experiment
code/mountain_flood/experiments/energy_sensitivity.py,25,1.5,equivalent_range = t['L0'] - (t['L0'] - t['LF']) * (remaining / t['Q']) ** 1.5,historical_experiment
code/mountain_flood/experiments/energy_sensitivity.py,39,1,"horizontal_increase_percent=100 * ((limit - climb) / horizontal - 1),",historical_experiment
code/mountain_flood/experiments/energy_sensitivity.py,40,1,"climb_increase_percent=100 * ((limit - horizontal) / climb - 1),",historical_experiment
code/mountain_flood/experiments/energy_sensitivity.py,41,1,all_energy_increase_percent=100 * (limit / route['energy'] - 1)),historical_experiment
code/mountain_flood/experiments/energy_sensitivity.py,51,1,"for i, route in enumerate(routes, 1)]",historical_experiment
code/mountain_flood/experiments/energy_sensitivity.py,58,1e-09,r['horizontal_kwh'] * 1.01 + r['climb_kwh'] > r['limit_kwh'] + 1e-9,historical_experiment
code/mountain_flood/experiments/energy_sensitivity.py,58,1.01,r['horizontal_kwh'] * 1.01 + r['climb_kwh'] > r['limit_kwh'] + 1e-9,historical_experiment
code/mountain_flood/experiments/formal_q2_protocol.py,89,30,"def run(evaluations=30, wall_seconds=90.0, schedule_seconds=1.2):",historical_experiment
code/mountain_flood/experiments/formal_q2_protocol.py,89,90.0,"def run(evaluations=30, wall_seconds=90.0, schedule_seconds=1.2):",historical_experiment
code/mountain_flood/experiments/formal_q2_protocol.py,89,1.2,"def run(evaluations=30, wall_seconds=90.0, schedule_seconds=1.2):",historical_experiment
code/mountain_flood/experiments/formal_q2_protocol.py,8,0,"sys.path.insert(0, str(_BootstrapPath(__file__).resolve().parents[2]))",path/bootstrap
code/mountain_flood/experiments/formal_q2_protocol.py,95,0.0,"epsilon={""weighted_tardiness"":0.0,""makespan"":warm_metrics[""makespan""]*1.10}",historical_experiment
code/mountain_flood/experiments/formal_q2_protocol.py,95,1.1,"epsilon={""weighted_tardiness"":0.0,""makespan"":warm_metrics[""makespan""]*1.10}",historical_experiment
code/mountain_flood/experiments/formal_q2_protocol.py,96,10,seeds=list(range(10));rows=[];schedule_cache={};starts={};initial_seeds={},historical_experiment
code/mountain_flood/experiments/formal_q2_protocol.py,192,30,"parser.add_argument(""--evaluations"",type=int,default=30)",historical_experiment
code/mountain_flood/experiments/formal_q2_protocol.py,193,90.0,"parser.add_argument(""--wall-seconds"",type=float,default=90.0)",historical_experiment
code/mountain_flood/experiments/formal_q2_protocol.py,194,1.2,"parser.add_argument(""--schedule-seconds"",type=float,default=1.2)",historical_experiment
code/mountain_flood/experiments/formal_q2_protocol.py,8,2,"sys.path.insert(0, str(_BootstrapPath(__file__).resolve().parents[2]))",path/bootstrap
code/mountain_flood/experiments/formal_q2_protocol.py,101,100,"for trial_seed in range(seed*100,seed*100+20):",historical_experiment
code/mountain_flood/experiments/formal_q2_protocol.py,101,20,"for trial_seed in range(seed*100,seed*100+20):",historical_experiment
code/mountain_flood/experiments/formal_q2_protocol.py,126,1.1,"""makespan"":initial_metrics[""makespan""]*1.10}",historical_experiment
code/mountain_flood/experiments/formal_q2_protocol.py,131,2,"check=validate(model,{""routes"":refined},2)",historical_experiment
code/mountain_flood/experiments/formal_q2_protocol.py,151,2,"check=validate(model,{""routes"":refined},2)",historical_experiment
code/mountain_flood/experiments/formal_q2_protocol.py,101,100,"for trial_seed in range(seed*100,seed*100+20):",historical_experiment
code/mountain_flood/experiments/formal_q2_protocol.py,147,1.1,"""makespan"":initial_metrics[""makespan""]*1.10}",historical_experiment
code/mountain_flood/experiments/formal_q2_protocol.py,57,1e-08,"if not any(other is not item and all(x <= y+1e-8 for x,y in zip(vector(other),a))",historical_experiment
code/mountain_flood/experiments/formal_q2_protocol.py,58,1e-08,"and any(x < y-1e-8 for x,y in zip(vector(other),a))",historical_experiment
code/mountain_flood/experiments/formal_q3_protocol.py,8,0,"sys.path.insert(0, str(_BootstrapPath(__file__).resolve().parents[2]))",path/bootstrap
code/mountain_flood/experiments/formal_q3_protocol.py,60,1,"for index,family in enumerate(sorted({x[""transport_family""] for x in records}),1):",historical_experiment
code/mountain_flood/experiments/formal_q3_protocol.py,31,3,"data=json.loads(path.read_text(encoding=""utf8""));check=validate(model,data,3)",historical_experiment
code/mountain_flood/experiments/formal_q3_protocol.py,8,2,"sys.path.insert(0, str(_BootstrapPath(__file__).resolve().parents[2]))",path/bootstrap
code/mountain_flood/experiments/formal_q3_protocol.py,52,1e-08,"zero=[x for x in records if x[""weighted_tardiness""]<=1e-8]",historical_experiment
code/mountain_flood/experiments/formal_q3_protocol.py,19,1e-08,return all(a[k]<=b[k]+1e-8 for k in keys) and any(a[k]<b[k]-1e-8 for k in keys),historical_experiment
code/mountain_flood/experiments/formal_q3_protocol.py,19,1e-08,return all(a[k]<=b[k]+1e-8 for k in keys) and any(a[k]<b[k]-1e-8 for k in keys),historical_experiment
code/mountain_flood/experiments/formal_q3_protocol.py,54,1.05,"epsilon=[x for x in zero if x[""makespan""]<=fastest*1.05 and x[""energy""]<=least_energy*1.01]",historical_experiment
code/mountain_flood/experiments/formal_q3_protocol.py,54,1.01,"epsilon=[x for x in zero if x[""makespan""]<=fastest*1.05 and x[""energy""]<=least_energy*1.01]",historical_experiment
code/mountain_flood/experiments/formal_q3_protocol.py,71,0,"epsilon=dict(weighted_tardiness=0,makespan_factor_from_fastest=1.05,",historical_experiment
code/mountain_flood/experiments/formal_q3_protocol.py,71,1.05,"epsilon=dict(weighted_tardiness=0,makespan_factor_from_fastest=1.05,",historical_experiment
code/mountain_flood/experiments/formal_q3_protocol.py,72,1.01,"energy_factor_from_minimum=1.01)),",historical_experiment
code/mountain_flood/experiments/formal_q3_protocol.py,42,1,"relay_window_east_s=int(east_match.group(1)) if east_match else None,",historical_experiment
code/mountain_flood/experiments/probe_joint_fusion.py,9,0,"sys.path.insert(0, str(_BootstrapPath(__file__).resolve().parents[2]))",path/bootstrap
code/mountain_flood/experiments/probe_joint_fusion.py,9,2,"sys.path.insert(0, str(_BootstrapPath(__file__).resolve().parents[2]))",path/bootstrap
code/mountain_flood/experiments/probe_joint_fusion.py,26,2,if stuck is None or len(stuck['order'])<2:break,historical_experiment
code/mountain_flood/experiments/probe_joint_fusion.py,38,20,"solved=schedule_with_relays(m,routes,base['relays'],seconds=20,verbose=False,priority_arrival=True)",historical_experiment
code/mountain_flood/experiments/probe_joint_fusion.py,40,3,"check=validate(m,solved,3)",historical_experiment
code/mountain_flood/experiments/probe_joint_fusion.py,33,0.0,"part.update(id=stuck['id']+chr(97+k),start=0.,end=part['duration'])",historical_experiment
code/mountain_flood/experiments/probe_joint_fusion.py,33,97,"part.update(id=stuck['id']+chr(97+k),start=0.,end=part['duration'])",historical_experiment
code/mountain_flood/experiments/refine_joint_fusion.py,9,0,"sys.path.insert(0, str(_BootstrapPath(__file__).resolve().parents[2]))",path/bootstrap
code/mountain_flood/experiments/refine_joint_fusion.py,22,2,for round_no in range(2):,historical_experiment
code/mountain_flood/experiments/refine_joint_fusion.py,9,2,"sys.path.insert(0, str(_BootstrapPath(__file__).resolve().parents[2]))",path/bootstrap
code/mountain_flood/experiments/refine_joint_fusion.py,32,2,"for _,rid,b in late[:2]:",historical_experiment
code/mountain_flood/experiments/refine_joint_fusion.py,28,1e-07,"if delay>1e-7:late.append((delay*m.boxes[b]['priority'],r['id'],b))",historical_experiment
code/mountain_flood/experiments/refine_joint_fusion.py,55,3,"check=validate(m,solved,3)",historical_experiment
code/mountain_flood/experiments/refine_joint_fusion.py,43,0.0,"direct.update(id=f'DX{round_no+1}{g}',start=0.,end=direct['duration'])",historical_experiment
code/mountain_flood/experiments/refine_joint_fusion.py,58,0,if best is None or metric(best[0])>=metric(current):break,historical_experiment
code/mountain_flood/experiments/refine_joint_fusion.py,48,8,"try:solved=schedule_with_relays(m,routes,relays,seconds=8,priority_arrival=True)",historical_experiment
code/mountain_flood/experiments/refine_joint_fusion.py,43,1,"direct.update(id=f'DX{round_no+1}{g}',start=0.,end=direct['duration'])",historical_experiment
code/mountain_flood/experiments/refine_joint_fusion.py,57,0,"if check['pass_'] and (best is None or metric(solved)<metric(best[0])):best=(solved,b,g)",historical_experiment
code/mountain_flood/experiments/reschedule_methods.py,16,8,def run(seconds=8):,historical_experiment
code/mountain_flood/experiments/reschedule_methods.py,7,0,"sys.path.insert(0, str(_BootstrapPath(__file__).resolve().parents[2]))",path/bootstrap
code/mountain_flood/experiments/reschedule_methods.py,27,2,"check = validate(m, dict(routes=routes), 2)",historical_experiment
code/mountain_flood/experiments/reschedule_methods.py,7,2,"sys.path.insert(0, str(_BootstrapPath(__file__).resolve().parents[2]))",path/bootstrap
code/mountain_flood/experiments/reschedule_methods.py,36,2,"validation=validate(m, dict(routes=baseline['routes']), 2)))",historical_experiment
code/mountain_flood/experiments/reschedule_methods.py,37,0,feasible = [x for x in candidates if x['validation']['pass_'] and x['metrics']['hard_violations'] == 0],historical_experiment
code/mountain_flood/experiments/reschedule_methods.py,32,1,"print('RESCHEDULE', trial['method'], trial['seed'], candidates[-1]['metrics']['makespan'], flush=True)",historical_experiment
code/mountain_flood/experiments/trim_relays.py,9,0,"sys.path.insert(0, str(_BootstrapPath(__file__).resolve().parents[2]))",path/bootstrap
code/mountain_flood/experiments/trim_relays.py,38,3,"check=validate(m,data,3)",historical_experiment
code/mountain_flood/experiments/trim_relays.py,27,1e-06,"if abs(expected-r['energy'])>1e-6:raise AssertionError((r['id'],expected,r['energy']))",historical_experiment
code/mountain_flood/experiments/trim_relays.py,30,1,new['soc']=1-new['energy']/m.relay['E'],historical_experiment
code/mountain_flood/experiments/trim_relays.py,9,2,"sys.path.insert(0, str(_BootstrapPath(__file__).resolve().parents[2]))",path/bootstrap
code/mountain_flood/experiments/trim_relays.py,26,3600,expected=v['fly_energy']+(r['service_end']-r['ready']+m.relay['link_setup'])*power/3600,historical_experiment
code/mountain_flood/experiments/trim_relays.py,28,1.0,"new=dict(r);new['service_end']=min(r['service_end'],last+1.0);new['end']=new['service_end']+v['ret']",historical_experiment
code/mountain_flood/experiments/trim_relays.py,29,3600,new['energy']=v['fly_energy']+(new['service_end']-new['ready']+m.relay['link_setup'])*power/3600,historical_experiment
code/mountain_flood/figure/common.py,121,300,"def save_figure(fig, name, dpi=300, tight=True):",display/style
code/mountain_flood/figure/common.py,162,1.5,"def _audit_panel_alignment(fig, name, tolerance_pt=1.5):",display/style
code/mountain_flood/figure/common.py,98,9,"""font.size"": 9,",display/style
code/mountain_flood/figure/common.py,104,0.7,"""axes.linewidth"": 0.7,",display/style
code/mountain_flood/figure/common.py,107,42,"""pdf.fonttype"": 42,",display/style
code/mountain_flood/figure/common.py,152,1,"for index, name in enumerate(names, 1):",display/style
code/mountain_flood/figure/common.py,165,2,if len(panels) < 2:,display/style
code/mountain_flood/figure/common.py,168,72,scale = 72 / fig.dpi,display/style
code/mountain_flood/figure/common.py,195,1,if len(same_length_rows) > 1:,display/style
code/mountain_flood/figure/common.py,233,1,@lru_cache(maxsize=1),display/style
code/mountain_flood/figure/common.py,238,1,@lru_cache(maxsize=1),display/style
code/mountain_flood/figure/common.py,243,1,@lru_cache(maxsize=1),display/style
code/mountain_flood/figure/common.py,255,1,@lru_cache(maxsize=1),display/style
code/mountain_flood/figure/common.py,266,0,origin = model.nodes[0],display/style
code/mountain_flood/figure/common.py,271,1000,"return np.column_stack((distance * np.sin(angle), distance * np.cos(angle))) / 1000",display/style
code/mountain_flood/figure/common.py,308,0.7,"river_widths = {""河流"": 0.7, ""溪流"": 0.42, ""排水沟"": 0.25, ""渠道"": 0.25}",display/style
code/mountain_flood/figure/common.py,308,0.42,"river_widths = {""河流"": 0.7, ""溪流"": 0.42, ""排水沟"": 0.25, ""渠道"": 0.25}",display/style
code/mountain_flood/figure/common.py,308,0.25,"river_widths = {""河流"": 0.7, ""溪流"": 0.42, ""排水沟"": 0.25, ""渠道"": 0.25}",display/style
code/mountain_flood/figure/common.py,308,0.25,"river_widths = {""河流"": 0.7, ""溪流"": 0.42, ""排水沟"": 0.25, ""渠道"": 0.25}",display/style
code/mountain_flood/figure/common.py,373,0,"ax.scatter(0, 0, s=100, marker=""*"", color=""black"", zorder=7, label=""_nolegend_"")",display/style
code/mountain_flood/figure/common.py,373,0,"ax.scatter(0, 0, s=100, marker=""*"", color=""black"", zorder=7, label=""_nolegend_"")",display/style
code/mountain_flood/figure/common.py,186,2,if len(row) < 2:,display/style
code/mountain_flood/figure/common.py,190,2,if len(row) > 2:,display/style
code/mountain_flood/figure/common.py,201,0.0,"maximum = max(deviations, default=0.0)",display/style
code/mountain_flood/figure/common.py,277,0,longitude = [point[0] for point in coordinates],display/style
code/mountain_flood/figure/common.py,278,1,latitude = [point[1] for point in coordinates],display/style
code/mountain_flood/figure/common.py,355,109.16,"longitude = np.linspace(109.16, 109.30, 350)",display/style
code/mountain_flood/figure/common.py,355,109.3,"longitude = np.linspace(109.16, 109.30, 350)",display/style
code/mountain_flood/figure/common.py,355,350,"longitude = np.linspace(109.16, 109.30, 350)",display/style
code/mountain_flood/figure/common.py,356,22.999,"latitude = np.linspace(22.999, 23.09, 250)",display/style
code/mountain_flood/figure/common.py,356,23.09,"latitude = np.linspace(22.999, 23.09, 250)",display/style
code/mountain_flood/figure/common.py,356,250,"latitude = np.linspace(22.999, 23.09, 250)",display/style
code/mountain_flood/figure/common.py,359,0,origin = model.nodes[0],display/style
code/mountain_flood/figure/common.py,369,8,"ax.set_xlim(-8, 8)",display/style
code/mountain_flood/figure/common.py,370,10,"ax.set_ylim(-1, 10)",display/style
code/mountain_flood/figure/common.py,373,100,"ax.scatter(0, 0, s=100, marker=""*"", color=""black"", zorder=7, label=""_nolegend_"")",display/style
code/mountain_flood/figure/common.py,373,7,"ax.scatter(0, 0, s=100, marker=""*"", color=""black"", zorder=7, label=""_nolegend_"")",display/style
code/mountain_flood/figure/common.py,375,0.13,"ax.text(0.13, -0.4, ""O01"", fontsize=9, zorder=8)",display/style
code/mountain_flood/figure/common.py,377,1,"for index, (x, y) in enumerate(model.xy[1:], 1):",display/style
code/mountain_flood/figure/common.py,176,1,center_y = rectangle[1] + rectangle[3] / 2,display/style
code/mountain_flood/figure/common.py,176,2,center_y = rectangle[1] + rectangle[3] / 2,display/style
code/mountain_flood/figure/common.py,206,2,"json.dumps(report, ensure_ascii=False, indent=2), encoding=""utf-8"")",display/style
code/mountain_flood/figure/common.py,265,0,"longitude, latitude = values[:, 0], values[:, 1]",display/style
code/mountain_flood/figure/common.py,265,1,"longitude, latitude = values[:, 0], values[:, 1]",display/style
code/mountain_flood/figure/common.py,288,3,"if len(coordinates) < 3 or not _visible(coordinates, bounds):",display/style
code/mountain_flood/figure/common.py,299,2,"if len(coordinates) < 2 or not _visible(coordinates, bounds):",display/style
code/mountain_flood/figure/common.py,306,2,"alpha=0.7 if is_major else 0.38, zorder=2)",display/style
code/mountain_flood/figure/common.py,310,2,"if len(coordinates) < 2 or not _visible(coordinates, bounds):",display/style
code/mountain_flood/figure/common.py,314,0.68,"linewidth=river_widths.get(water_type, 0.35), alpha=0.68, zorder=3)",display/style
code/mountain_flood/figure/common.py,314,3,"linewidth=river_widths.get(water_type, 0.35), alpha=0.68, zorder=3)",display/style
code/mountain_flood/figure/common.py,323,8,"ax.scatter(xy[:, 0], xy[:, 1], s=8, color=""#555555"", alpha=0.65,",display/style
code/mountain_flood/figure/common.py,323,0.65,"ax.scatter(xy[:, 0], xy[:, 1], s=8, color=""#555555"", alpha=0.65,",display/style
code/mountain_flood/figure/common.py,324,4,"marker=""o"", zorder=4, label=""_nolegend_"")",display/style
code/mountain_flood/figure/common.py,327,28,"ax.scatter(xy[:, 0], xy[:, 1], s=28, color=""#7B3294"", alpha=0.9,",display/style
code/mountain_flood/figure/common.py,327,0.9,"ax.scatter(xy[:, 0], xy[:, 1], s=28, color=""#7B3294"", alpha=0.9,",display/style
code/mountain_flood/figure/common.py,328,5,"marker=""s"", zorder=5, label=""_nolegend_"")",display/style
code/mountain_flood/figure/common.py,350,0.9,"ax.imshow(model.dem, origin=""upper"", extent=extent, cmap=TERRAIN_CMAP, alpha=0.9,",display/style
code/mountain_flood/figure/common.py,351,0,"aspect=""equal"", zorder=0)",display/style
code/mountain_flood/figure/common.py,352,0,"ax.set_xlim(extent[0], extent[1])",display/style
code/mountain_flood/figure/common.py,352,1,"ax.set_xlim(extent[0], extent[1])",display/style
code/mountain_flood/figure/common.py,353,2,"ax.set_ylim(extent[2], extent[3])",display/style
code/mountain_flood/figure/common.py,353,3,"ax.set_ylim(extent[2], extent[3])",display/style
code/mountain_flood/figure/common.py,361,1000,"model.local(longitude[0], origin[""lat""])[0] / 1000,",display/style
code/mountain_flood/figure/common.py,362,1000,"model.local(longitude[-1], origin[""lat""])[0] / 1000,",display/style
code/mountain_flood/figure/common.py,363,1000,"model.local(origin[""lon""], latitude[0])[1] / 1000,",display/style
code/mountain_flood/figure/common.py,364,1000,"model.local(origin[""lon""], latitude[-1])[1] / 1000,",display/style
code/mountain_flood/figure/common.py,366,0,"geographic_bounds = (longitude[0], longitude[-1], latitude[0], latitude[-1])",display/style
code/mountain_flood/figure/common.py,366,0,"geographic_bounds = (longitude[0], longitude[-1], latitude[0], latitude[-1])",display/style
code/mountain_flood/figure/common.py,367,0.82,"ax.imshow(elevation, origin=""lower"", extent=extent, cmap=TERRAIN_CMAP, alpha=0.82,",display/style
code/mountain_flood/figure/common.py,368,0,"aspect=""equal"", zorder=0)",display/style
code/mountain_flood/figure/common.py,369,8,"ax.set_xlim(-8, 8)",display/style
code/mountain_flood/figure/common.py,370,1,"ax.set_ylim(-1, 10)",display/style
code/mountain_flood/figure/common.py,375,0.4,"ax.text(0.13, -0.4, ""O01"", fontsize=9, zorder=8)",display/style
code/mountain_flood/figure/common.py,375,9,"ax.text(0.13, -0.4, ""O01"", fontsize=9, zorder=8)",display/style
code/mountain_flood/figure/common.py,375,8,"ax.text(0.13, -0.4, ""O01"", fontsize=9, zorder=8)",display/style
code/mountain_flood/figure/common.py,389,0,"return [Line2D([0], [0], color=color, label=f""{drone_type}型航线"")",display/style
code/mountain_flood/figure/common.py,389,0,"return [Line2D([0], [0], color=color, label=f""{drone_type}型航线"")",display/style
code/mountain_flood/figure/common.py,176,3,center_y = rectangle[1] + rectangle[3] / 2,display/style
code/mountain_flood/figure/common.py,196,0,for column in range(len(rows[0])):,display/style
code/mountain_flood/figure/common.py,217,0,"with matches[0].open(encoding=""utf-8-sig"", newline="""") as stream:",display/style
code/mountain_flood/figure/common.py,279,0,return not (max(longitude) < bounds[0] or min(longitude) > bounds[1],display/style
code/mountain_flood/figure/common.py,279,1,return not (max(longitude) < bounds[0] or min(longitude) > bounds[1],display/style
code/mountain_flood/figure/common.py,280,2,or max(latitude) < bounds[2] or min(latitude) > bounds[3]),display/style
code/mountain_flood/figure/common.py,280,3,or max(latitude) < bounds[2] or min(latitude) > bounds[3]),display/style
code/mountain_flood/figure/common.py,293,0.15,"edgecolor=""#3182BD"", linewidth=0.15,",display/style
code/mountain_flood/figure/common.py,294,0.2,"alpha=0.2, zorder=1))",display/style
code/mountain_flood/figure/common.py,294,1,"alpha=0.2, zorder=1))",display/style
code/mountain_flood/figure/common.py,303,0,"ax.plot(xy[:, 0], xy[:, 1],",display/style
code/mountain_flood/figure/common.py,303,1,"ax.plot(xy[:, 0], xy[:, 1],",display/style
code/mountain_flood/figure/common.py,305,0.48,"linewidth=0.48 if is_major else 0.22,",display/style
code/mountain_flood/figure/common.py,305,0.22,"linewidth=0.48 if is_major else 0.22,",display/style
code/mountain_flood/figure/common.py,306,0.7,"alpha=0.7 if is_major else 0.38, zorder=2)",display/style
code/mountain_flood/figure/common.py,306,0.38,"alpha=0.7 if is_major else 0.38, zorder=2)",display/style
code/mountain_flood/figure/common.py,313,0,"ax.plot(xy[:, 0], xy[:, 1], color=""#2878A8"",",display/style
code/mountain_flood/figure/common.py,313,1,"ax.plot(xy[:, 0], xy[:, 1], color=""#2878A8"",",display/style
code/mountain_flood/figure/common.py,314,0.35,"linewidth=river_widths.get(water_type, 0.35), alpha=0.68, zorder=3)",display/style
code/mountain_flood/figure/common.py,319,1,"villages = [item for item in settlements if item[1] == ""村庄""]",display/style
code/mountain_flood/figure/common.py,320,1,"townships = [item for item in settlements if item[1] == ""乡镇""]",display/style
code/mountain_flood/figure/common.py,323,0,"ax.scatter(xy[:, 0], xy[:, 1], s=8, color=""#555555"", alpha=0.65,",display/style
code/mountain_flood/figure/common.py,323,1,"ax.scatter(xy[:, 0], xy[:, 1], s=8, color=""#555555"", alpha=0.65,",display/style
code/mountain_flood/figure/common.py,327,0,"ax.scatter(xy[:, 0], xy[:, 1], s=28, color=""#7B3294"", alpha=0.9,",display/style
code/mountain_flood/figure/common.py,327,1,"ax.scatter(xy[:, 0], xy[:, 1], s=28, color=""#7B3294"", alpha=0.9,",display/style
code/mountain_flood/figure/common.py,361,0,"model.local(longitude[0], origin[""lat""])[0] / 1000,",display/style
code/mountain_flood/figure/common.py,362,0,"model.local(longitude[-1], origin[""lat""])[0] / 1000,",display/style
code/mountain_flood/figure/common.py,363,1,"model.local(origin[""lon""], latitude[0])[1] / 1000,",display/style
code/mountain_flood/figure/common.py,364,1,"model.local(origin[""lon""], latitude[-1])[1] / 1000,",display/style
code/mountain_flood/figure/common.py,366,1,"geographic_bounds = (longitude[0], longitude[-1], latitude[0], latitude[-1])",display/style
code/mountain_flood/figure/common.py,366,1,"geographic_bounds = (longitude[0], longitude[-1], latitude[0], latitude[-1])",display/style
code/mountain_flood/figure/common.py,377,1,"for index, (x, y) in enumerate(model.xy[1:], 1):",display/style
code/mountain_flood/figure/common.py,378,1000,"ax.scatter(x / 1000, y / 1000, s=32, facecolor=""white"",",display/style
code/mountain_flood/figure/common.py,378,1000,"ax.scatter(x / 1000, y / 1000, s=32, facecolor=""white"",",display/style
code/mountain_flood/figure/common.py,378,32,"ax.scatter(x / 1000, y / 1000, s=32, facecolor=""white"",",display/style
code/mountain_flood/figure/common.py,379,0.8,"edgecolor=NEUTRAL, linewidth=0.8, zorder=6)",display/style
code/mountain_flood/figure/common.py,379,6,"edgecolor=NEUTRAL, linewidth=0.8, zorder=6)",display/style
code/mountain_flood/figure/common.py,175,1,"for rectangle in sorted(rectangles, key=lambda box: -box[1]):",display/style
code/mountain_flood/figure/common.py,185,0,row.sort(key=lambda box: box[0]),display/style
code/mountain_flood/figure/common.py,191,2,gutters = [row[index + 1][0] - row[index][0] - row[index][2],display/style
code/mountain_flood/figure/common.py,194,0,same_length_rows = [row for row in rows if len(row) == len(rows[0])],display/style
code/mountain_flood/figure/common.py,317,0,if bounds[0] <= item[2] <= bounds[1],display/style
code/mountain_flood/figure/common.py,317,2,if bounds[0] <= item[2] <= bounds[1],display/style
code/mountain_flood/figure/common.py,317,1,if bounds[0] <= item[2] <= bounds[1],display/style
code/mountain_flood/figure/common.py,318,2,and bounds[2] <= item[3] <= bounds[3]],display/style
code/mountain_flood/figure/common.py,318,3,and bounds[2] <= item[3] <= bounds[3]],display/style
code/mountain_flood/figure/common.py,318,3,and bounds[2] <= item[3] <= bounds[3]],display/style
code/mountain_flood/figure/common.py,322,2,"xy = _local_coordinates(model, [(item[2], item[3]) for item in villages])",display/style
code/mountain_flood/figure/common.py,322,3,"xy = _local_coordinates(model, [(item[2], item[3]) for item in villages])",display/style
code/mountain_flood/figure/common.py,326,2,"xy = _local_coordinates(model, [(item[2], item[3]) for item in townships])",display/style
code/mountain_flood/figure/common.py,326,3,"xy = _local_coordinates(model, [(item[2], item[3]) for item in townships])",display/style
code/mountain_flood/figure/common.py,331,0,"ax.annotate(item[0], point, xytext=(4, 3), textcoords=""offset points"", fontsize=7)",display/style
code/mountain_flood/figure/common.py,331,7,"ax.annotate(item[0], point, xytext=(4, 3), textcoords=""offset points"", fontsize=7)",display/style
code/mountain_flood/figure/common.py,382,8,"textcoords=""offset points"", fontsize=8, zorder=8)",display/style
code/mountain_flood/figure/common.py,382,8,"textcoords=""offset points"", fontsize=8, zorder=8)",display/style
code/mountain_flood/figure/common.py,188,2,"deviations += [max(box[2] for box in row) - min(box[2] for box in row),",display/style
code/mountain_flood/figure/common.py,188,2,"deviations += [max(box[2] for box in row) - min(box[2] for box in row),",display/style
code/mountain_flood/figure/common.py,189,3,max(box[3] for box in row) - min(box[3] for box in row)],display/style
code/mountain_flood/figure/common.py,189,3,max(box[3] for box in row) - min(box[3] for box in row)],display/style
code/mountain_flood/figure/common.py,191,0,gutters = [row[index + 1][0] - row[index][0] - row[index][2],display/style
code/mountain_flood/figure/common.py,191,0,gutters = [row[index + 1][0] - row[index][0] - row[index][2],display/style
code/mountain_flood/figure/common.py,192,1,for index in range(len(row) - 1)],display/style
code/mountain_flood/figure/common.py,331,4,"ax.annotate(item[0], point, xytext=(4, 3), textcoords=""offset points"", fontsize=7)",display/style
code/mountain_flood/figure/common.py,331,3,"ax.annotate(item[0], point, xytext=(4, 3), textcoords=""offset points"", fontsize=7)",display/style
code/mountain_flood/figure/common.py,348,0,"extent = (extent_xy[:, 0].min(), extent_xy[:, 0].max(),",display/style
code/mountain_flood/figure/common.py,348,0,"extent = (extent_xy[:, 0].min(), extent_xy[:, 0].max(),",display/style
code/mountain_flood/figure/common.py,349,1,"extent_xy[:, 1].min(), extent_xy[:, 1].max())",display/style
code/mountain_flood/figure/common.py,349,1,"extent_xy[:, 1].min(), extent_xy[:, 1].max())",display/style
code/mountain_flood/figure/common.py,361,0,"model.local(longitude[0], origin[""lat""])[0] / 1000,",display/style
code/mountain_flood/figure/common.py,363,0,"model.local(origin[""lon""], latitude[0])[1] / 1000,",display/style
code/mountain_flood/figure/common.py,381,1000,"label = ax.annotate(f""S{index:03}"", (x / 1000, y / 1000), xytext=(4, 5),",display/style
code/mountain_flood/figure/common.py,381,1000,"label = ax.annotate(f""S{index:03}"", (x / 1000, y / 1000), xytext=(4, 5),",display/style
code/mountain_flood/figure/common.py,381,4,"label = ax.annotate(f""S{index:03}"", (x / 1000, y / 1000), xytext=(4, 5),",display/style
code/mountain_flood/figure/common.py,381,5,"label = ax.annotate(f""S{index:03}"", (x / 1000, y / 1000), xytext=(4, 5),",display/style
code/mountain_flood/figure/common.py,197,0,deviations.append(max(row[column][0] for row in same_length_rows),display/style
code/mountain_flood/figure/common.py,198,0,- min(row[column][0] for row in same_length_rows)),display/style
code/mountain_flood/figure/common.py,199,2,deviations.append(max(row[column][2] for row in same_length_rows),display/style
code/mountain_flood/figure/common.py,200,2,- min(row[column][2] for row in same_length_rows)),display/style
code/mountain_flood/figure/common.py,362,1,"model.local(longitude[-1], origin[""lat""])[0] / 1000,",display/style
code/mountain_flood/figure/common.py,364,1,"model.local(origin[""lon""], latitude[-1])[1] / 1000,",display/style
code/mountain_flood/figure/common.py,384,1.5,"linewidth=1.5, foreground=""white"")])",display/style
code/mountain_flood/figure/common.py,191,1,gutters = [row[index + 1][0] - row[index][0] - row[index][2],display/style
code/mountain_flood/figure/common.py,178,1,"if abs(item[0][1] + item[0][3] / 2 - center_y) < tolerance_pt), None)",display/style
code/mountain_flood/figure/common.py,178,2,"if abs(item[0][1] + item[0][3] / 2 - center_y) < tolerance_pt), None)",display/style
code/mountain_flood/figure/common.py,178,0,"if abs(item[0][1] + item[0][3] / 2 - center_y) < tolerance_pt), None)",display/style
code/mountain_flood/figure/common.py,178,3,"if abs(item[0][1] + item[0][3] / 2 - center_y) < tolerance_pt), None)",display/style
code/mountain_flood/figure/common.py,178,0,"if abs(item[0][1] + item[0][3] / 2 - center_y) < tolerance_pt), None)",display/style
code/mountain_flood/figure/export_figure.py,59,300,"dpi: int = 300,",display/style
code/mountain_flood/figure/export_figure.py,63,0.05,"pad_inches: float = 0.05,",display/style
code/mountain_flood/figure/export_figure.py,99,42,"plt.rcParams[""pdf.fonttype""] = 42",display/style
code/mountain_flood/figure/export_figure.py,100,42,"plt.rcParams[""ps.fonttype""] = 42",display/style
code/mountain_flood/figure/export_figure.py,187,0,return 0,display/style
code/mountain_flood/figure/export_figure.py,155,7,rng = np.random.default_rng(7),display/style
code/mountain_flood/figure/export_figure.py,156,0,"x = np.linspace(0, 10, 50)",display/style
code/mountain_flood/figure/export_figure.py,156,10,"x = np.linspace(0, 10, 50)",display/style
code/mountain_flood/figure/export_figure.py,156,50,"x = np.linspace(0, 10, 50)",display/style
code/mountain_flood/figure/export_figure.py,94,2,if len(size_inches) != 2:,display/style
code/mountain_flood/figure/export_figure.py,157,0,"y1 = np.sin(x) + rng.normal(0, 0.1, x.size)",display/style
code/mountain_flood/figure/export_figure.py,157,0.1,"y1 = np.sin(x) + rng.normal(0, 0.1, x.size)",display/style
code/mountain_flood/figure/export_figure.py,158,0,"y2 = np.cos(x) + rng.normal(0, 0.1, x.size)",display/style
code/mountain_flood/figure/export_figure.py,158,0.1,"y2 = np.cos(x) + rng.normal(0, 0.1, x.size)",display/style
code/mountain_flood/figure/export_figure.py,161,3,"ax.plot(x, y1, label=""sin"", marker=""o"", markersize=3)",display/style
code/mountain_flood/figure/export_figure.py,162,3,"ax.plot(x, y2, label=""cos"", marker=""s"", markersize=3, linestyle=""--"")",display/style
code/mountain_flood/figure/export_figure.py,171,300,"dpi=300,",display/style
code/mountain_flood/figure/export_figure.py,160,3.5,"fig, ax = plt.subplots(figsize=(3.5, 2.625))",display/style
code/mountain_flood/figure/export_figure.py,160,2.625,"fig, ax = plt.subplots(figsize=(3.5, 2.625))",display/style
code/mountain_flood/figure/export_figure.py,170,3.5,"size_inches=(3.5, 2.625),",display/style
code/mountain_flood/figure/export_figure.py,170,2.625,"size_inches=(3.5, 2.625),",display/style
code/mountain_flood/figure/generate.py,9,3,PROJECT_ROOT = Path(__file__).resolve().parents[3],display/style
code/mountain_flood/figure/generate.py,10,0,"sys.path[:0] = [str(PROJECT_ROOT / ""code""), str(PROJECT_ROOT)]",display/style
code/mountain_flood/figure/overview.py,7,3,PROJECT_ROOT = Path(__file__).resolve().parents[3],display/style
code/mountain_flood/figure/overview.py,18,42,"""axes.unicode_minus"": False, ""pdf.fonttype"": 42, ""svg.fonttype"": ""none""})",display/style
code/mountain_flood/figure/overview.py,40,0.5,"ax.text(.5, .965, ""山区无人机运输—通信—分区配置证据链"", ha=""center"",",display/style
code/mountain_flood/figure/overview.py,40,0.965,"ax.text(.5, .965, ""山区无人机运输—通信—分区配置证据链"", ha=""center"",",display/style
code/mountain_flood/figure/overview.py,60,0.5,"ax.text(.5, .025, ""结论边界：小协议未发现新Pareto点；结果是可执行见证，不是全局最优证明"",",display/style
code/mountain_flood/figure/overview.py,60,0.025,"ax.text(.5, .025, ""结论边界：小协议未发现新Pareto点；结果是可执行见证，不是全局最优证明"",",display/style
code/mountain_flood/figure/overview.py,62,0,"fig.subplots_adjust(0, 0, 1, 1)",display/style
code/mountain_flood/figure/overview.py,62,0,"fig.subplots_adjust(0, 0, 1, 1)",display/style
code/mountain_flood/figure/overview.py,62,1,"fig.subplots_adjust(0, 0, 1, 1)",display/style
code/mountain_flood/figure/overview.py,62,1,"fig.subplots_adjust(0, 0, 1, 1)",display/style
code/mountain_flood/figure/overview.py,27,0.025,"ax.text(x + .025, y + h - .055, title, fontsize=11, fontweight=""bold"", color=color, va=""top"")",display/style
code/mountain_flood/figure/overview.py,27,0.055,"ax.text(x + .025, y + h - .055, title, fontsize=11, fontweight=""bold"", color=color, va=""top"")",display/style
code/mountain_flood/figure/overview.py,27,11,"ax.text(x + .025, y + h - .055, title, fontsize=11, fontweight=""bold"", color=color, va=""top"")",display/style
code/mountain_flood/figure/overview.py,28,0.025,"ax.text(x + .025, y + h - .105, body, fontsize=8.2, color=""#263442"", va=""top"", linespacing=1.35)",display/style
code/mountain_flood/figure/overview.py,28,0.105,"ax.text(x + .025, y + h - .105, body, fontsize=8.2, color=""#263442"", va=""top"", linespacing=1.35)",display/style
code/mountain_flood/figure/overview.py,28,8.2,"ax.text(x + .025, y + h - .105, body, fontsize=8.2, color=""#263442"", va=""top"", linespacing=1.35)",display/style
code/mountain_flood/figure/overview.py,28,1.35,"ax.text(x + .025, y + h - .105, body, fontsize=8.2, color=""#263442"", va=""top"", linespacing=1.35)",display/style
code/mountain_flood/figure/overview.py,41,15,"va=""top"", fontsize=15, fontweight=""bold"", color=""#213547"")",display/style
code/mountain_flood/figure/overview.py,43,0.04,"box(ax, (.04, .70), (.25, .18), ""统一输入与物理回放"",",display/style
code/mountain_flood/figure/overview.py,43,0.7,"box(ax, (.04, .70), (.25, .18), ""统一输入与物理回放"",",display/style
code/mountain_flood/figure/overview.py,43,0.25,"box(ax, (.04, .70), (.25, .18), ""统一输入与物理回放"",",display/style
code/mountain_flood/figure/overview.py,43,0.18,"box(ax, (.04, .70), (.25, .18), ""统一输入与物理回放"",",display/style
code/mountain_flood/figure/overview.py,45,0.375,"box(ax, (.375, .70), (.25, .18), ""Q1  单点直送DP"",",display/style
code/mountain_flood/figure/overview.py,45,0.7,"box(ax, (.375, .70), (.25, .18), ""Q1  单点直送DP"",",display/style
code/mountain_flood/figure/overview.py,45,0.25,"box(ax, (.375, .70), (.25, .18), ""Q1  单点直送DP"",",display/style
code/mountain_flood/figure/overview.py,45,0.18,"box(ax, (.375, .70), (.25, .18), ""Q1  单点直送DP"",",display/style
code/mountain_flood/figure/overview.py,47,0.71,"box(ax, (.71, .70), (.25, .18), ""Q2  两层VRPTW调度"",",display/style
code/mountain_flood/figure/overview.py,47,0.7,"box(ax, (.71, .70), (.25, .18), ""Q2  两层VRPTW调度"",",display/style
code/mountain_flood/figure/overview.py,47,0.25,"box(ax, (.71, .70), (.25, .18), ""Q2  两层VRPTW调度"",",display/style
code/mountain_flood/figure/overview.py,47,0.18,"box(ax, (.71, .70), (.25, .18), ""Q2  两层VRPTW调度"",",display/style
code/mountain_flood/figure/overview.py,49,0.29,"arrow(ax, (.29, .79), (.375, .79)); arrow(ax, (.625, .79), (.71, .79))",display/style
code/mountain_flood/figure/overview.py,49,0.79,"arrow(ax, (.29, .79), (.375, .79)); arrow(ax, (.625, .79), (.71, .79))",display/style
code/mountain_flood/figure/overview.py,49,0.375,"arrow(ax, (.29, .79), (.375, .79)); arrow(ax, (.625, .79), (.71, .79))",display/style
code/mountain_flood/figure/overview.py,49,0.79,"arrow(ax, (.29, .79), (.375, .79)); arrow(ax, (.625, .79), (.71, .79))",display/style
code/mountain_flood/figure/overview.py,49,0.625,"arrow(ax, (.29, .79), (.375, .79)); arrow(ax, (.625, .79), (.71, .79))",display/style
code/mountain_flood/figure/overview.py,49,0.79,"arrow(ax, (.29, .79), (.375, .79)); arrow(ax, (.625, .79), (.71, .79))",display/style
code/mountain_flood/figure/overview.py,49,0.71,"arrow(ax, (.29, .79), (.375, .79)); arrow(ax, (.625, .79), (.71, .79))",display/style
code/mountain_flood/figure/overview.py,49,0.79,"arrow(ax, (.29, .79), (.375, .79)); arrow(ax, (.625, .79), (.71, .79))",display/style
code/mountain_flood/figure/overview.py,51,0.12,"box(ax, (.12, .39), (.34, .20), ""Q3  连续通信子问题"",",display/style
code/mountain_flood/figure/overview.py,51,0.39,"box(ax, (.12, .39), (.34, .20), ""Q3  连续通信子问题"",",display/style
code/mountain_flood/figure/overview.py,51,0.34,"box(ax, (.12, .39), (.34, .20), ""Q3  连续通信子问题"",",display/style
code/mountain_flood/figure/overview.py,51,0.2,"box(ax, (.12, .39), (.34, .20), ""Q3  连续通信子问题"",",display/style
code/mountain_flood/figure/overview.py,53,0.54,"box(ax, (.54, .39), (.34, .20), ""有限分解协调边界"",",display/style
code/mountain_flood/figure/overview.py,53,0.39,"box(ax, (.54, .39), (.34, .20), ""有限分解协调边界"",",display/style
code/mountain_flood/figure/overview.py,53,0.34,"box(ax, (.54, .39), (.34, .20), ""有限分解协调边界"",",display/style
code/mountain_flood/figure/overview.py,53,0.2,"box(ax, (.54, .39), (.34, .20), ""有限分解协调边界"",",display/style
code/mountain_flood/figure/overview.py,55,0.835,"arrow(ax, (.835, .70), (.71, .59)); arrow(ax, (.46, .49), (.54, .49))",display/style
code/mountain_flood/figure/overview.py,55,0.7,"arrow(ax, (.835, .70), (.71, .59)); arrow(ax, (.46, .49), (.54, .49))",display/style
code/mountain_flood/figure/overview.py,55,0.71,"arrow(ax, (.835, .70), (.71, .59)); arrow(ax, (.46, .49), (.54, .49))",display/style
code/mountain_flood/figure/overview.py,55,0.59,"arrow(ax, (.835, .70), (.71, .59)); arrow(ax, (.46, .49), (.54, .49))",display/style
code/mountain_flood/figure/overview.py,55,0.46,"arrow(ax, (.835, .70), (.71, .59)); arrow(ax, (.46, .49), (.54, .49))",display/style
code/mountain_flood/figure/overview.py,55,0.49,"arrow(ax, (.835, .70), (.71, .59)); arrow(ax, (.46, .49), (.54, .49))",display/style
code/mountain_flood/figure/overview.py,55,0.54,"arrow(ax, (.835, .70), (.71, .59)); arrow(ax, (.46, .49), (.54, .49))",display/style
code/mountain_flood/figure/overview.py,55,0.49,"arrow(ax, (.835, .70), (.71, .59)); arrow(ax, (.46, .49), (.54, .49))",display/style
code/mountain_flood/figure/overview.py,57,0.2,"box(ax, (.20, .10), (.60, .18), ""Q4  固定Q3任务的两组/三组分区"",",display/style
code/mountain_flood/figure/overview.py,57,0.1,"box(ax, (.20, .10), (.60, .18), ""Q4  固定Q3任务的两组/三组分区"",",display/style
code/mountain_flood/figure/overview.py,57,0.6,"box(ax, (.20, .10), (.60, .18), ""Q4  固定Q3任务的两组/三组分区"",",display/style
code/mountain_flood/figure/overview.py,57,0.18,"box(ax, (.20, .10), (.60, .18), ""Q4  固定Q3任务的两组/三组分区"",",display/style
code/mountain_flood/figure/overview.py,59,0.71,"arrow(ax, (.71, .39), (.56, .28))",display/style
code/mountain_flood/figure/overview.py,59,0.39,"arrow(ax, (.71, .39), (.56, .28))",display/style
code/mountain_flood/figure/overview.py,59,0.56,"arrow(ax, (.71, .39), (.56, .28))",display/style
code/mountain_flood/figure/overview.py,59,0.28,"arrow(ax, (.71, .39), (.56, .28))",display/style
code/mountain_flood/figure/overview.py,61,8.5,"ha=""center"", fontsize=8.5, color=""#536273"")",display/style
code/mountain_flood/figure/overview.py,26,1.4,"linewidth=1.4, edgecolor=color, facecolor=color + ""18""))",display/style
code/mountain_flood/figure/overview.py,32,14,"ax.add_patch(FancyArrowPatch(start, end, arrowstyle=""-|>"", mutation_scale=14,",display/style
code/mountain_flood/figure/overview.py,33,1.5,"linewidth=1.5, color=""#65727F""))",display/style
code/mountain_flood/figure/overview.py,38,11.5,"fig, ax = plt.subplots(figsize=(11.5, 7.0))",display/style
code/mountain_flood/figure/overview.py,38,7.0,"fig, ax = plt.subplots(figsize=(11.5, 7.0))",display/style
code/mountain_flood/figure/overview.py,39,0,"ax.set(xlim=(0, 1), ylim=(0, 1)); ax.axis(""off"")",display/style
code/mountain_flood/figure/overview.py,39,1,"ax.set(xlim=(0, 1), ylim=(0, 1)); ax.axis(""off"")",display/style
code/mountain_flood/figure/overview.py,39,0,"ax.set(xlim=(0, 1), ylim=(0, 1)); ax.axis(""off"")",display/style
code/mountain_flood/figure/overview.py,39,1,"ax.set(xlim=(0, 1), ylim=(0, 1)); ax.axis(""off"")",display/style
code/mountain_flood/figure/overview.py,64,300,"kwargs = {""dpi"": 300} if ext == ""png"" else {}",display/style
code/mountain_flood/figure/q1.py,6,3,PROJECT_ROOT = Path(__file__).resolve().parents[3],display/style
code/mountain_flood/figure/q1.py,79,0.0,offset = 0.0,display/style
code/mountain_flood/figure/q1.py,7,0,"sys.path[:0] = [str(PROJECT_ROOT / ""code""), str(PROJECT_ROOT)]",display/style
code/mountain_flood/figure/q1.py,36,0,"offsets = {""A"": -0.2, ""B"": 0, ""C"": 0.2}",display/style
code/mountain_flood/figure/q1.py,36,0.2,"offsets = {""A"": -0.2, ""B"": 0, ""C"": 0.2}",display/style
code/mountain_flood/figure/q1.py,110,1,"fig, axes = plt.subplots(1, 3, figsize=(9.2, 3.2), sharey=True)",display/style
code/mountain_flood/figure/q1.py,110,3,"fig, axes = plt.subplots(1, 3, figsize=(9.2, 3.2), sharey=True)",display/style
code/mountain_flood/figure/q1.py,148,10,"reserves = (10, 20, 30)",display/style
code/mountain_flood/figure/q1.py,148,20,"reserves = (10, 20, 30)",display/style
code/mountain_flood/figure/q1.py,148,30,"reserves = (10, 20, 30)",display/style
code/mountain_flood/figure/q1.py,150,1,"fig, axes = plt.subplots(1, 2, figsize=(6.6, 3.0))",display/style
code/mountain_flood/figure/q1.py,150,2,"fig, axes = plt.subplots(1, 2, figsize=(6.6, 3.0))",display/style
code/mountain_flood/figure/q1.py,173,20,"ax.axhline(20, color=COLORS[""C""], linestyle=""--"", label=""最低返航储备 20%"")",display/style
code/mountain_flood/figure/q1.py,30,7,"], loc=""upper center"", bbox_to_anchor=(0.5, -0.12), fontsize=7, ncol=3)",display/style
code/mountain_flood/figure/q1.py,30,3,"], loc=""upper center"", bbox_to_anchor=(0.5, -0.12), fontsize=7, ncol=3)",display/style
code/mountain_flood/figure/q1.py,36,0.2,"offsets = {""A"": -0.2, ""B"": 0, ""C"": 0.2}",display/style
code/mountain_flood/figure/q1.py,44,1,"ax.set_xticks(range(1, 16), [f""{node:03}"" for node in range(1, 16)])",display/style
code/mountain_flood/figure/q1.py,44,16,"ax.set_xticks(range(1, 16), [f""{node:03}"" for node in range(1, 16)])",display/style
code/mountain_flood/figure/q1.py,47,0.2,"ax.grid(axis=""y"", alpha=0.2)",display/style
code/mountain_flood/figure/q1.py,48,3,ax.legend(ncol=3),display/style
code/mountain_flood/figure/q1.py,54,15,"matrix = np.zeros((len(drone_types), 15))",display/style
code/mountain_flood/figure/q1.py,60,15,"ax.set_xticks(range(15), [f""{node:03}"" for node in range(1, 16)])",display/style
code/mountain_flood/figure/q1.py,62,0,for row in range(matrix.shape[0]):,display/style
code/mountain_flood/figure/q1.py,67,0.02,"fig.colorbar(image, ax=ax, label=""最大安全载荷 / kg"", pad=0.02)",display/style
code/mountain_flood/figure/q1.py,82,2,"horizontal_length = model.geo.inv(start[0], start[1], end[0], end[1])[2]",display/style
code/mountain_flood/figure/q1.py,83,0,"fractions = np.linspace(0, 1, max(2, int(horizontal_length / 180) + 2))",display/style
code/mountain_flood/figure/q1.py,83,1,"fractions = np.linspace(0, 1, max(2, int(horizontal_length / 180) + 2))",display/style
code/mountain_flood/figure/q1.py,94,0.65,"ax.fill_between(distances, ground_altitude, color=""#B8B8B8"", alpha=0.65,",display/style
code/mountain_flood/figure/q1.py,96,1.5,"ax.plot(distances, flight_altitude, color=COLORS[""A""], linewidth=1.5,",display/style
code/mountain_flood/figure/q1.py,101,0.2,ax.grid(alpha=0.2),display/style
code/mountain_flood/figure/q1.py,107,1,"farthest = int(np.argmax(model.D[0, 1:]) + 1)",display/style
code/mountain_flood/figure/q1.py,112,0,"payloads = np.linspace(0, spec[""Q""], 80)",display/style
code/mountain_flood/figure/q1.py,112,80,"payloads = np.linspace(0, spec[""Q""], 80)",display/style
code/mountain_flood/figure/q1.py,126,7,"axes[-1].legend(fontsize=7, loc=""best"")",display/style
code/mountain_flood/figure/q1.py,142,0.2,ax.grid(alpha=0.2),display/style
code/mountain_flood/figure/q1.py,176,0,ax.set_ylim(bottom=0),display/style
code/mountain_flood/figure/q1.py,177,0.2,"ax.grid(axis=""y"", alpha=0.2)",display/style
code/mountain_flood/figure/q1.py,178,2,ax.legend(ncol=2),display/style
code/mountain_flood/figure/q1.py,18,6.4,"fig, ax = plt.subplots(figsize=(6.4, 4.4))",display/style
code/mountain_flood/figure/q1.py,18,4.4,"fig, ax = plt.subplots(figsize=(6.4, 4.4))",display/style
code/mountain_flood/figure/q1.py,30,0.5,"], loc=""upper center"", bbox_to_anchor=(0.5, -0.12), fontsize=7, ncol=3)",display/style
code/mountain_flood/figure/q1.py,35,7.2,"fig, ax = plt.subplots(figsize=(7.2, 3.8))",display/style
code/mountain_flood/figure/q1.py,35,3.8,"fig, ax = plt.subplots(figsize=(7.2, 3.8))",display/style
code/mountain_flood/figure/q1.py,43,34,"marker=markers[drone_type], label=f""{drone_type}型"", s=34)",display/style
code/mountain_flood/figure/q1.py,57,8.2,"fig, ax = plt.subplots(figsize=(8.2, 2.8))",display/style
code/mountain_flood/figure/q1.py,57,2.8,"fig, ax = plt.subplots(figsize=(8.2, 2.8))",display/style
code/mountain_flood/figure/q1.py,63,1,for column in range(matrix.shape[1]):,display/style
code/mountain_flood/figure/q1.py,74,0,"nodes = [0] + route[""order""] + [0]",display/style
code/mountain_flood/figure/q1.py,83,2,"fractions = np.linspace(0, 1, max(2, int(horizontal_length / 180) + 2))",display/style
code/mountain_flood/figure/q1.py,86,0,longitude = start[0] + (end[0] - start[0]) * fractions,display/style
code/mountain_flood/figure/q1.py,87,1,latitude = start[1] + (end[1] - start[1]) * fractions,display/style
code/mountain_flood/figure/q1.py,88,1000,distances.extend((offset + horizontal_length * fractions) / 1000),display/style
code/mountain_flood/figure/q1.py,93,7.2,"fig, ax = plt.subplots(figsize=(7.2, 3.4))",display/style
code/mountain_flood/figure/q1.py,93,3.4,"fig, ax = plt.subplots(figsize=(7.2, 3.4))",display/style
code/mountain_flood/figure/q1.py,110,9.2,"fig, axes = plt.subplots(1, 3, figsize=(9.2, 3.2), sharey=True)",display/style
code/mountain_flood/figure/q1.py,110,3.2,"fig, axes = plt.subplots(1, 3, figsize=(9.2, 3.2), sharey=True)",display/style
code/mountain_flood/figure/q1.py,118,0.8,"ax.axhline(0.8 * spec[""E""], color=NEUTRAL, linestyle=""--"", linewidth=1,",display/style
code/mountain_flood/figure/q1.py,118,1,"ax.axhline(0.8 * spec[""E""], color=NEUTRAL, linestyle=""--"", linewidth=1,",display/style
code/mountain_flood/figure/q1.py,120,1.2,"ax.axvline(cap, color=COLORS[""C""], linestyle="":"", linewidth=1.2,",display/style
code/mountain_flood/figure/q1.py,124,0.2,ax.grid(alpha=0.2),display/style
code/mountain_flood/figure/q1.py,125,0,"axes[0].set_ylabel(f""往返飞行能耗 / kWh（服务区 {farthest:03}）"")",display/style
code/mountain_flood/figure/q1.py,134,5.8,"fig, ax = plt.subplots(figsize=(5.8, 3.8))",display/style
code/mountain_flood/figure/q1.py,134,3.8,"fig, ax = plt.subplots(figsize=(5.8, 3.8))",display/style
code/mountain_flood/figure/q1.py,136,60,"ax.scatter(summary[""energy""], summary[""time""] / 60, s=70,",display/style
code/mountain_flood/figure/q1.py,136,70,"ax.scatter(summary[""energy""], summary[""time""] / 60, s=70,",display/style
code/mountain_flood/figure/q1.py,139,8,"xytext=(5, 5), textcoords=""offset points"", fontsize=8)",display/style
code/mountain_flood/figure/q1.py,150,6.6,"fig, axes = plt.subplots(1, 2, figsize=(6.6, 3.0))",display/style
code/mountain_flood/figure/q1.py,150,3.0,"fig, axes = plt.subplots(1, 2, figsize=(6.6, 3.0))",display/style
code/mountain_flood/figure/q1.py,151,0,"axes[0].plot(reserves, [summary[""count""] for summary in summaries],",display/style
code/mountain_flood/figure/q1.py,153,0,"axes[0].set_ylabel(""最少架次"")",display/style
code/mountain_flood/figure/q1.py,154,1,"axes[1].plot(reserves, [summary[""energy""] for summary in summaries],",display/style
code/mountain_flood/figure/q1.py,156,1,"axes[1].set_ylabel(""总能耗 / kWh"")",display/style
code/mountain_flood/figure/q1.py,160,0.2,ax.grid(alpha=0.2),display/style
code/mountain_flood/figure/q1.py,166,7.2,"fig, ax = plt.subplots(figsize=(7.2, 3.6))",display/style
code/mountain_flood/figure/q1.py,166,3.6,"fig, ax = plt.subplots(figsize=(7.2, 3.6))",display/style
code/mountain_flood/figure/q1.py,30,0.12,"], loc=""upper center"", bbox_to_anchor=(0.5, -0.12), fontsize=7, ncol=3)",display/style
code/mountain_flood/figure/q1.py,44,1,"ax.set_xticks(range(1, 16), [f""{node:03}"" for node in range(1, 16)])",display/style
code/mountain_flood/figure/q1.py,44,16,"ax.set_xticks(range(1, 16), [f""{node:03}"" for node in range(1, 16)])",display/style
code/mountain_flood/figure/q1.py,56,1,"matrix[drone_types.index(row[""g""]), row[""node""] - 1] = row[""maxload""]",display/style
code/mountain_flood/figure/q1.py,60,1,"ax.set_xticks(range(15), [f""{node:03}"" for node in range(1, 16)])",display/style
code/mountain_flood/figure/q1.py,60,16,"ax.set_xticks(range(15), [f""{node:03}"" for node in range(1, 16)])",display/style
code/mountain_flood/figure/q1.py,65,7,"ha=""center"", va=""center"", fontsize=7,",display/style
code/mountain_flood/figure/q1.py,74,0,"nodes = [0] + route[""order""] + [0]",display/style
code/mountain_flood/figure/q1.py,82,0,"horizontal_length = model.geo.inv(start[0], start[1], end[0], end[1])[2]",display/style
code/mountain_flood/figure/q1.py,82,1,"horizontal_length = model.geo.inv(start[0], start[1], end[0], end[1])[2]",display/style
code/mountain_flood/figure/q1.py,82,0,"horizontal_length = model.geo.inv(start[0], start[1], end[0], end[1])[2]",display/style
code/mountain_flood/figure/q1.py,82,1,"horizontal_length = model.geo.inv(start[0], start[1], end[0], end[1])[2]",display/style
code/mountain_flood/figure/q1.py,83,2,"fractions = np.linspace(0, 1, max(2, int(horizontal_length / 180) + 2))",display/style
code/mountain_flood/figure/q1.py,85,1,fractions = fractions[1:],display/style
code/mountain_flood/figure/q1.py,89,2,flight_altitude.extend(start[2] + (end[2] - start[2]) * fractions),display/style
code/mountain_flood/figure/q1.py,113,0,"energies = [model.energy(drone_type, 0, farthest, payload)",display/style
code/mountain_flood/figure/q1.py,114,0,"+ model.energy(drone_type, farthest, 0, 0)",display/style
code/mountain_flood/figure/q1.py,114,0,"+ model.energy(drone_type, farthest, 0, 0)",display/style
code/mountain_flood/figure/q1.py,126,1,"axes[-1].legend(fontsize=7, loc=""best"")",display/style
code/mountain_flood/figure/q1.py,138,60,"ax.annotate(label, (summary[""energy""], summary[""time""] / 60),",display/style
code/mountain_flood/figure/q1.py,139,5,"xytext=(5, 5), textcoords=""offset points"", fontsize=8)",display/style
code/mountain_flood/figure/q1.py,139,5,"xytext=(5, 5), textcoords=""offset points"", fontsize=8)",display/style
code/mountain_flood/figure/q1.py,168,100,"selected = [(index, route[""soc""] * 100) for index, route in enumerate(routes, 1)",display/style
code/mountain_flood/figure/q1.py,168,1,"selected = [(index, route[""soc""] * 100) for index, route in enumerate(routes, 1)",display/style
code/mountain_flood/figure/q1.py,172,30,"color=color, label=f""{drone_type}型"", s=30)",display/style
code/mountain_flood/figure/q1.py,21,0,"Line2D([0], [0], color=""#B66A50"", linewidth=1, label=""主要道路""),",display/style
code/mountain_flood/figure/q1.py,21,0,"Line2D([0], [0], color=""#B66A50"", linewidth=1, label=""主要道路""),",display/style
code/mountain_flood/figure/q1.py,21,1,"Line2D([0], [0], color=""#B66A50"", linewidth=1, label=""主要道路""),",display/style
code/mountain_flood/figure/q1.py,22,0,"Line2D([0], [0], color=""#2878A8"", linewidth=1, label=""河流/溪流""),",display/style
code/mountain_flood/figure/q1.py,22,0,"Line2D([0], [0], color=""#2878A8"", linewidth=1, label=""河流/溪流""),",display/style
code/mountain_flood/figure/q1.py,22,1,"Line2D([0], [0], color=""#2878A8"", linewidth=1, label=""河流/溪流""),",display/style
code/mountain_flood/figure/q1.py,23,0,"Line2D([0], [0], marker=""s"", color=""none"", markerfacecolor=""#7B3294"",",display/style
code/mountain_flood/figure/q1.py,23,0,"Line2D([0], [0], marker=""s"", color=""none"", markerfacecolor=""#7B3294"",",display/style
code/mountain_flood/figure/q1.py,25,0,"Line2D([0], [0], marker=""o"", color=""none"", markerfacecolor=""#555555"",",display/style
code/mountain_flood/figure/q1.py,25,0,"Line2D([0], [0], marker=""o"", color=""none"", markerfacecolor=""#555555"",",display/style
code/mountain_flood/figure/q1.py,27,0,"Line2D([0], [0], marker=""*"", color=""black"", label=""调度中心""),",display/style
code/mountain_flood/figure/q1.py,27,0,"Line2D([0], [0], marker=""*"", color=""black"", label=""调度中心""),",display/style
code/mountain_flood/figure/q1.py,28,0,"Line2D([0], [0], marker=""o"", color=NEUTRAL, markerfacecolor=""white"",",display/style
code/mountain_flood/figure/q1.py,28,0,"Line2D([0], [0], marker=""o"", color=NEUTRAL, markerfacecolor=""white"",",display/style
code/mountain_flood/figure/q1.py,86,0,longitude = start[0] + (end[0] - start[0]) * fractions,display/style
code/mountain_flood/figure/q1.py,86,0,longitude = start[0] + (end[0] - start[0]) * fractions,display/style
code/mountain_flood/figure/q1.py,87,1,latitude = start[1] + (end[1] - start[1]) * fractions,display/style
code/mountain_flood/figure/q1.py,87,1,latitude = start[1] + (end[1] - start[1]) * fractions,display/style
code/mountain_flood/figure/q1.py,107,0,"farthest = int(np.argmax(model.D[0, 1:]) + 1)",display/style
code/mountain_flood/figure/q1.py,165,0,"routes = sorted(data[""routes""], key=lambda row: (row[""g""], row[""order""][0]))",display/style
code/mountain_flood/figure/q1.py,171,0,"ax.scatter([item[0] for item in selected], [item[1] for item in selected],",display/style
code/mountain_flood/figure/q1.py,171,1,"ax.scatter([item[0] for item in selected], [item[1] for item in selected],",display/style
code/mountain_flood/figure/q1.py,83,180,"fractions = np.linspace(0, 1, max(2, int(horizontal_length / 180) + 2))",display/style
code/mountain_flood/figure/q1.py,89,2,flight_altitude.extend(start[2] + (end[2] - start[2]) * fractions),display/style
code/mountain_flood/figure/q1.py,89,2,flight_altitude.extend(start[2] + (end[2] - start[2]) * fractions),display/style
code/mountain_flood/figure/q1.py,107,1,"farthest = int(np.argmax(model.D[0, 1:]) + 1)",display/style
code/mountain_flood/figure/q1.py,66,0.62,"color=""white"" if matrix[row, column] > matrix.max() * 0.62 else ""black"")",display/style
code/mountain_flood/figure/q1.py,75,1,"return sum(model.D[first, second] for first, second in zip(nodes, nodes[1:]))",display/style
code/mountain_flood/figure/q2.py,6,3,PROJECT_ROOT = Path(__file__).resolve().parents[3],display/style
code/mountain_flood/figure/q2.py,7,0,"sys.path[:0] = [str(PROJECT_ROOT / ""code""), str(PROJECT_ROOT)]",display/style
code/mountain_flood/figure/q2.py,123,20,"ax.axhline(20, color=COLORS[""C""], linestyle=""--"", linewidth=1,",display/style
code/mountain_flood/figure/q2.py,136,1,"fig, axes = plt.subplots(1, 3, figsize=(12.5, 3.6))",display/style
code/mountain_flood/figure/q2.py,136,3,"fig, axes = plt.subplots(1, 3, figsize=(12.5, 3.6))",display/style
code/mountain_flood/figure/q2.py,32,1000,"points = model.xy[[0] + route[""order""] + [0]] / 1000",display/style
code/mountain_flood/figure/q2.py,36,8,"loc=""upper center"", bbox_to_anchor=(0.5, -0.12), fontsize=8, ncol=3)",display/style
code/mountain_flood/figure/q2.py,36,3,"loc=""upper center"", bbox_to_anchor=(0.5, -0.12), fontsize=8, ncol=3)",display/style
code/mountain_flood/figure/q2.py,56,0.2,"ax.grid(axis=""x"", alpha=0.2)",display/style
code/mountain_flood/figure/q2.py,79,0.2,"ax.grid(axis=""x"", alpha=0.2)",display/style
code/mountain_flood/figure/q2.py,98,20,"ax.scatter(stated_due[ordinary], actual[ordinary], s=20,",display/style
code/mountain_flood/figure/q2.py,100,27,"ax.scatter(stated_due[first_batch], actual[first_batch], s=27,",display/style
code/mountain_flood/figure/q2.py,102,27,"ax.scatter(stated_due[medical], actual[medical], s=27,",display/style
code/mountain_flood/figure/q2.py,105,0,"ax.plot([0, maximum], [0, maximum], color=NEUTRAL, linestyle=""--"",",display/style
code/mountain_flood/figure/q2.py,105,0,"ax.plot([0, maximum], [0, maximum], color=NEUTRAL, linestyle=""--"",",display/style
code/mountain_flood/figure/q2.py,106,1,"linewidth=1, label=""时刻参照线"")",display/style
code/mountain_flood/figure/q2.py,109,0.2,ax.grid(alpha=0.2),display/style
code/mountain_flood/figure/q2.py,112,2,"ncol=2, fontsize=8)",display/style
code/mountain_flood/figure/q2.py,112,8,"ncol=2, fontsize=8)",display/style
code/mountain_flood/figure/q2.py,113,0.77,"fig.subplots_adjust(top=0.77, left=0.14, right=0.97, bottom=0.14)",display/style
code/mountain_flood/figure/q2.py,113,0.14,"fig.subplots_adjust(top=0.77, left=0.14, right=0.97, bottom=0.14)",display/style
code/mountain_flood/figure/q2.py,113,0.97,"fig.subplots_adjust(top=0.77, left=0.14, right=0.97, bottom=0.14)",display/style
code/mountain_flood/figure/q2.py,113,0.14,"fig.subplots_adjust(top=0.77, left=0.14, right=0.97, bottom=0.14)",display/style
code/mountain_flood/figure/q2.py,123,1,"ax.axhline(20, color=COLORS[""C""], linestyle=""--"", linewidth=1,",display/style
code/mountain_flood/figure/q2.py,125,60,"ax.set_xticks(x, [route[""id""] for route in routes], rotation=60, ha=""right"", fontsize=7)",display/style
code/mountain_flood/figure/q2.py,125,7,"ax.set_xticks(x, [route[""id""] for route in routes], rotation=60, ha=""right"", fontsize=7)",display/style
code/mountain_flood/figure/q2.py,129,0.2,"ax.grid(axis=""y"", alpha=0.2)",display/style
code/mountain_flood/figure/q2.py,167,7,"axes[0].legend(fontsize=7, loc=""best"")",display/style
code/mountain_flood/figure/q2.py,177,60,"ax.set_xticks(positions, [route[""id""] for route in routes], rotation=60, ha=""right"", fontsize=7)",display/style
code/mountain_flood/figure/q2.py,177,7,"ax.set_xticks(positions, [route[""id""] for route in routes], rotation=60, ha=""right"", fontsize=7)",display/style
code/mountain_flood/figure/q2.py,180,0.2,"ax.grid(axis=""y"", alpha=0.2)",display/style
code/mountain_flood/figure/q2.py,29,6.4,"fig, ax = plt.subplots(figsize=(6.4, 4.4))",display/style
code/mountain_flood/figure/q2.py,29,4.4,"fig, ax = plt.subplots(figsize=(6.4, 4.4))",display/style
code/mountain_flood/figure/q2.py,33,1,"ax.plot(points[:, 0], points[:, 1], color=COLORS[route[""g""]], lw=1, alpha=0.7)",display/style
code/mountain_flood/figure/q2.py,33,0.7,"ax.plot(points[:, 0], points[:, 1], color=COLORS[route[""g""]], lw=1, alpha=0.7)",display/style
code/mountain_flood/figure/q2.py,36,0.5,"loc=""upper center"", bbox_to_anchor=(0.5, -0.12), fontsize=8, ncol=3)",display/style
code/mountain_flood/figure/q2.py,44,8.0,"fig, ax = plt.subplots(figsize=(8.0, max(3.8, 0.32 * len(units))))",display/style
code/mountain_flood/figure/q2.py,47,60,"start, end = route[""start""] / 60, route[""end""] / 60",display/style
code/mountain_flood/figure/q2.py,47,60,"start, end = route[""start""] / 60, route[""end""] / 60",display/style
code/mountain_flood/figure/q2.py,48,0.64,"ax.barh(lane, end - start, left=start, height=0.64,",display/style
code/mountain_flood/figure/q2.py,49,0.4,"color=COLORS[route[""g""]], edgecolor=""white"", linewidth=0.4)",display/style
code/mountain_flood/figure/q2.py,50,2,"ax.text((start + end) / 2, lane, route[""id""], ha=""center"", va=""center"",",display/style
code/mountain_flood/figure/q2.py,51,6.5,"fontsize=6.5, color=""white"")",display/style
code/mountain_flood/figure/q2.py,64,8.0,"fig, ax = plt.subplots(figsize=(8.0, max(3.8, 0.32 * len(batteries))))",display/style
code/mountain_flood/figure/q2.py,67,60,"start, end = route[""start""] / 60, route[""end""] / 60",display/style
code/mountain_flood/figure/q2.py,67,60,"start, end = route[""start""] / 60, route[""end""] / 60",display/style
code/mountain_flood/figure/q2.py,68,60,"charge_end = end + charge_duration(model, route) / 60",display/style
code/mountain_flood/figure/q2.py,69,0.62,"ax.barh(lane, end - start, left=start, height=0.62,",display/style
code/mountain_flood/figure/q2.py,70,0.4,"color=COLORS[route[""g""]], edgecolor=""white"", linewidth=0.4)",display/style
code/mountain_flood/figure/q2.py,71,0.62,"ax.barh(lane, charge_end - end, left=end, height=0.62,",display/style
code/mountain_flood/figure/q2.py,72,0.4,"color=""#D9D9D9"", hatch=""///"", edgecolor=""white"", linewidth=0.4)",display/style
code/mountain_flood/figure/q2.py,92,60,actual = np.array([row[1] / 60 for row in rows]),display/style
code/mountain_flood/figure/q2.py,93,60,stated_due = np.array([(row[5] if row[5] < 1e8 else row[2]) / 60 for row in rows]),display/style
code/mountain_flood/figure/q2.py,94,4,"medical = np.array([row[4] for row in rows], dtype=bool)",display/style
code/mountain_flood/figure/q2.py,97,5.4,"fig, ax = plt.subplots(figsize=(5.4, 4.5))",display/style
code/mountain_flood/figure/q2.py,97,4.5,"fig, ax = plt.subplots(figsize=(5.4, 4.5))",display/style
code/mountain_flood/figure/q2.py,111,0.5,"fig.legend(handles, labels, loc=""upper center"", bbox_to_anchor=(0.5, 0.99),",display/style
code/mountain_flood/figure/q2.py,111,0.99,"fig.legend(handles, labels, loc=""upper center"", bbox_to_anchor=(0.5, 0.99),",display/style
code/mountain_flood/figure/q2.py,119,7.2,"fig, ax = plt.subplots(figsize=(7.2, 3.3))",display/style
code/mountain_flood/figure/q2.py,119,3.3,"fig, ax = plt.subplots(figsize=(7.2, 3.3))",display/style
code/mountain_flood/figure/q2.py,121,100,"ax.bar(x, [route[""soc""] * 100 for route in routes],",display/style
code/mountain_flood/figure/q2.py,136,12.5,"fig, axes = plt.subplots(1, 3, figsize=(12.5, 3.6))",display/style
code/mountain_flood/figure/q2.py,136,3.6,"fig, axes = plt.subplots(1, 3, figsize=(12.5, 3.6))",display/style
code/mountain_flood/figure/q2.py,143,60,"weighted_arrival = [item[""metrics""][""weighted_arrival""] / total_priority / 60",display/style
code/mountain_flood/figure/q2.py,145,60,"weighted_delay = [item[""metrics""][""weighted_tardiness""] / total_priority / 60",display/style
code/mountain_flood/figure/q2.py,147,60,"makespan = [item[""metrics""][""makespan""] / 60 for item in candidates]",display/style
code/mountain_flood/figure/q2.py,149,42,"s=42, label=label, alpha=0.85)",display/style
code/mountain_flood/figure/q2.py,149,0.85,"s=42, label=label, alpha=0.85)",display/style
code/mountain_flood/figure/q2.py,151,42,"s=42, label=label, alpha=0.85)",display/style
code/mountain_flood/figure/q2.py,151,0.85,"s=42, label=label, alpha=0.85)",display/style
code/mountain_flood/figure/q2.py,153,42,"s=42, label=label, alpha=0.85)",display/style
code/mountain_flood/figure/q2.py,153,0.85,"s=42, label=label, alpha=0.85)",display/style
code/mountain_flood/figure/q2.py,159,0,"axes[0].set_xlabel(""运输能耗 / kWh"")",display/style
code/mountain_flood/figure/q2.py,160,0,"axes[0].set_ylabel(""优先加权平均迟到 / min"")",display/style
code/mountain_flood/figure/q2.py,161,1,"axes[1].set_xlabel(""运输能耗 / kWh"")",display/style
code/mountain_flood/figure/q2.py,162,1,"axes[1].set_ylabel(""优先加权平均送达 / min"")",display/style
code/mountain_flood/figure/q2.py,163,2,"axes[2].set_xlabel(""运输能耗 / kWh"")",display/style
code/mountain_flood/figure/q2.py,164,2,"axes[2].set_ylabel(""最晚返航 / min"")",display/style
code/mountain_flood/figure/q2.py,166,0.2,ax.grid(alpha=0.2),display/style
code/mountain_flood/figure/q2.py,167,0,"axes[0].legend(fontsize=7, loc=""best"")",display/style
code/mountain_flood/figure/q2.py,173,8.0,"fig, ax = plt.subplots(figsize=(8.0, 3.7))",display/style
code/mountain_flood/figure/q2.py,173,3.7,"fig, ax = plt.subplots(figsize=(8.0, 3.7))",display/style
code/mountain_flood/figure/q2.py,33,0,"ax.plot(points[:, 0], points[:, 1], color=COLORS[route[""g""]], lw=1, alpha=0.7)",display/style
code/mountain_flood/figure/q2.py,33,1,"ax.plot(points[:, 0], points[:, 1], color=COLORS[route[""g""]], lw=1, alpha=0.7)",display/style
code/mountain_flood/figure/q2.py,36,0.12,"loc=""upper center"", bbox_to_anchor=(0.5, -0.12), fontsize=8, ncol=3)",display/style
code/mountain_flood/figure/q2.py,44,3.8,"fig, ax = plt.subplots(figsize=(8.0, max(3.8, 0.32 * len(units))))",display/style
code/mountain_flood/figure/q2.py,64,3.8,"fig, ax = plt.subplots(figsize=(8.0, max(3.8, 0.32 * len(batteries))))",display/style
code/mountain_flood/figure/q2.py,91,0,rows.sort(key=lambda row: row[0]),display/style
code/mountain_flood/figure/q2.py,92,1,actual = np.array([row[1] / 60 for row in rows]),display/style
code/mountain_flood/figure/q2.py,95,3,"first_batch = np.array([row[3] and not row[4] for row in rows], dtype=bool)",display/style
code/mountain_flood/figure/q2.py,148,0,"axes[0].scatter(energy, weighted_delay, color=METHOD_COLORS[method],",display/style
code/mountain_flood/figure/q2.py,150,1,"axes[1].scatter(energy, weighted_arrival, color=METHOD_COLORS[method],",display/style
code/mountain_flood/figure/q2.py,152,2,"axes[2].scatter(energy, makespan, color=METHOD_COLORS[method],",display/style
code/mountain_flood/figure/q2.py,32,0,"points = model.xy[[0] + route[""order""] + [0]] / 1000",display/style
code/mountain_flood/figure/q2.py,34,0,"ax.legend(handles=[Line2D([0], [0], color=color, label=f""{drone_type}型航线"")",display/style
code/mountain_flood/figure/q2.py,34,0,"ax.legend(handles=[Line2D([0], [0], color=color, label=f""{drone_type}型航线"")",display/style
code/mountain_flood/figure/q2.py,44,0.32,"fig, ax = plt.subplots(figsize=(8.0, max(3.8, 0.32 * len(units))))",display/style
code/mountain_flood/figure/q2.py,64,0.32,"fig, ax = plt.subplots(figsize=(8.0, max(3.8, 0.32 * len(batteries))))",display/style
code/mountain_flood/figure/q2.py,93,100000000.0,stated_due = np.array([(row[5] if row[5] < 1e8 else row[2]) / 60 for row in rows]),display/style
code/mountain_flood/figure/q2.py,93,5,stated_due = np.array([(row[5] if row[5] < 1e8 else row[2]) / 60 for row in rows]),display/style
code/mountain_flood/figure/q2.py,93,2,stated_due = np.array([(row[5] if row[5] < 1e8 else row[2]) / 60 for row in rows]),display/style
code/mountain_flood/figure/q2.py,95,4,"first_batch = np.array([row[3] and not row[4] for row in rows], dtype=bool)",display/style
code/mountain_flood/figure/q2.py,32,0,"points = model.xy[[0] + route[""order""] + [0]] / 1000",display/style
code/mountain_flood/figure/q2.py,93,5,stated_due = np.array([(row[5] if row[5] < 1e8 else row[2]) / 60 for row in rows]),display/style
code/mountain_flood/figure/q2.py,158,130,"s=130, linewidths=1.2, zorder=5)",display/style
code/mountain_flood/figure/q2.py,158,1.2,"s=130, linewidths=1.2, zorder=5)",display/style
code/mountain_flood/figure/q2.py,158,5,"s=130, linewidths=1.2, zorder=5)",display/style
code/mountain_flood/figure/q3.py,6,3,PROJECT_ROOT = Path(__file__).resolve().parents[3],display/style
code/mountain_flood/figure/q3.py,7,0,"sys.path[:0] = [str(PROJECT_ROOT / ""code""), str(PROJECT_ROOT)]",display/style
code/mountain_flood/figure/q3.py,142,0,"ax.axvline(0, color=COLORS[""C""], linestyle=""--"", label=""链路可行阈值"")",display/style
code/mountain_flood/figure/q3.py,193,20,"ax.axhline(20, color=COLORS[""C""], linestyle=""--"", linewidth=1,",display/style
code/mountain_flood/figure/q3.py,209,1,"fig, axes = plt.subplots(1, 3, figsize=(8.4, 3.1))",display/style
code/mountain_flood/figure/q3.py,209,3,"fig, axes = plt.subplots(1, 3, figsize=(8.4, 3.1))",display/style
code/mountain_flood/figure/q3.py,21,1000,"points = model.xy[[0] + route[""order""] + [0]] / 1000",display/style
code/mountain_flood/figure/q3.py,47,8,"fontsize=8, ncol=max(1, len(handles)))",display/style
code/mountain_flood/figure/q3.py,67,0,"fraction = 0 if span <= 1e-12 else (elapsed - segment[""start""]) / span",display/style
code/mountain_flood/figure/q3.py,79,1000,"path = model.xy[[0] + route[""order""] + [0]] / 1000",display/style
code/mountain_flood/figure/q3.py,96,7,"ax.legend(fontsize=7, loc=""upper center"", bbox_to_anchor=(0.5, -0.12), ncol=2)",display/style
code/mountain_flood/figure/q3.py,96,2,"ax.legend(fontsize=7, loc=""upper center"", bbox_to_anchor=(0.5, -0.12), ncol=2)",display/style
code/mountain_flood/figure/q3.py,128,0.2,"ax.grid(axis=""x"", alpha=0.2)",display/style
code/mountain_flood/figure/q3.py,131,8,"for provider in providers], loc=""upper right"", ncol=len(providers), fontsize=8)",display/style
code/mountain_flood/figure/q3.py,139,28,"ax.hist([direct, relayed], bins=28, label=[""调度中心直连"", ""中继链路""],",display/style
code/mountain_flood/figure/q3.py,140,0.75,"color=[NEUTRAL, ""#69549A""], alpha=0.75)",display/style
code/mountain_flood/figure/q3.py,147,0.2,"ax.grid(axis=""y"", alpha=0.2)",display/style
code/mountain_flood/figure/q3.py,148,8,ax.legend(fontsize=8),display/style
code/mountain_flood/figure/q3.py,171,4,if end - start >= 4:,display/style
code/mountain_flood/figure/q3.py,178,0.2,"ax.grid(axis=""x"", alpha=0.2)",display/style
code/mountain_flood/figure/q3.py,183,5,"ncol=5, fontsize=7)",display/style
code/mountain_flood/figure/q3.py,183,7,"ncol=5, fontsize=7)",display/style
code/mountain_flood/figure/q3.py,193,1,"ax.axhline(20, color=COLORS[""C""], linestyle=""--"", linewidth=1,",display/style
code/mountain_flood/figure/q3.py,197,0.2,"ax.grid(axis=""y"", alpha=0.2)",display/style
code/mountain_flood/figure/q3.py,18,6.4,"fig, ax = plt.subplots(figsize=(6.4, 4.5))",display/style
code/mountain_flood/figure/q3.py,18,4.5,"fig, ax = plt.subplots(figsize=(6.4, 4.5))",display/style
code/mountain_flood/figure/q3.py,22,0.55,"ax.plot(points[:, 0], points[:, 1], color=NEUTRAL, lw=0.55, alpha=0.35)",display/style
code/mountain_flood/figure/q3.py,22,0.35,"ax.plot(points[:, 0], points[:, 1], color=NEUTRAL, lw=0.55, alpha=0.35)",display/style
code/mountain_flood/figure/q3.py,43,0,"handles = [Line2D([0], [0], color=color, marker=""D"", linestyle=""--"",",display/style
code/mountain_flood/figure/q3.py,43,0,"handles = [Line2D([0], [0], color=color, marker=""D"", linestyle=""--"",",display/style
code/mountain_flood/figure/q3.py,46,0.5,"ax.legend(handles=handles, loc=""upper center"", bbox_to_anchor=(0.5, -0.12),",display/style
code/mountain_flood/figure/q3.py,47,1,"fontsize=8, ncol=max(1, len(handles)))",display/style
code/mountain_flood/figure/q3.py,61,2,"elapsed = (interval[""start""] + interval[""end""]) / 2 - route[""start""]",display/style
code/mountain_flood/figure/q3.py,67,1e-12,"fraction = 0 if span <= 1e-12 else (elapsed - segment[""start""]) / span",display/style
code/mountain_flood/figure/q3.py,69,0,longitude = first[0] + fraction * (second[0] - first[0]),display/style
code/mountain_flood/figure/q3.py,70,1,latitude = first[1] + fraction * (second[1] - first[1]),display/style
code/mountain_flood/figure/q3.py,73,1000,"points.setdefault(color, [[], []])[0].append(x / 1000)",display/style
code/mountain_flood/figure/q3.py,74,1000,points[color][1].append(y / 1000),display/style
code/mountain_flood/figure/q3.py,76,6.4,"fig, ax = plt.subplots(figsize=(6.4, 4.5))",display/style
code/mountain_flood/figure/q3.py,76,4.5,"fig, ax = plt.subplots(figsize=(6.4, 4.5))",display/style
code/mountain_flood/figure/q3.py,80,0.5,"ax.plot(path[:, 0], path[:, 1], color=NEUTRAL, linewidth=0.5, alpha=0.25)",display/style
code/mountain_flood/figure/q3.py,80,0.25,"ax.plot(path[:, 0], path[:, 1], color=NEUTRAL, linewidth=0.5, alpha=0.25)",display/style
code/mountain_flood/figure/q3.py,93,1000,"ax.scatter(x / 1000, y / 1000, marker=""D"", s=75,",display/style
code/mountain_flood/figure/q3.py,93,1000,"ax.scatter(x / 1000, y / 1000, marker=""D"", s=75,",display/style
code/mountain_flood/figure/q3.py,93,75,"ax.scatter(x / 1000, y / 1000, marker=""D"", s=75,",display/style
code/mountain_flood/figure/q3.py,94,0.4,"color=RELAY_COLORS[relay[""site""]], edgecolor=""black"", linewidth=0.4,",display/style
code/mountain_flood/figure/q3.py,95,6,"label=f""{relay['site']}中继站"", zorder=6)",display/style
code/mountain_flood/figure/q3.py,96,0.5,"ax.legend(fontsize=7, loc=""upper center"", bbox_to_anchor=(0.5, -0.12), ncol=2)",display/style
code/mountain_flood/figure/q3.py,106,1e-06,"if ranges and abs(ranges[-1][1] - interval[""start""]) < 1e-6:",display/style
code/mountain_flood/figure/q3.py,119,9.0,"fig, ax = plt.subplots(figsize=(9.0, max(5.0, 0.24 * len(routes))))",display/style
code/mountain_flood/figure/q3.py,122,0.64,"ax.broken_barh(bars, (route_index[route_id] - 0.32, 0.64),",display/style
code/mountain_flood/figure/q3.py,123,0,"facecolors=palette.get(provider, COLORS[""C""]), linewidth=0)",display/style
code/mountain_flood/figure/q3.py,138,6.5,"fig, ax = plt.subplots(figsize=(6.5, 3.8))",display/style
code/mountain_flood/figure/q3.py,138,3.8,"fig, ax = plt.subplots(figsize=(6.5, 3.8))",display/style
code/mountain_flood/figure/q3.py,157,8.4,"fig, ax = plt.subplots(figsize=(8.4, max(4.2, 0.35 * len(units))))",display/style
code/mountain_flood/figure/q3.py,160,60,"start, end = task[""start""] / 60, task[""end""] / 60",display/style
code/mountain_flood/figure/q3.py,160,60,"start, end = task[""start""] / 60, task[""end""] / 60",display/style
code/mountain_flood/figure/q3.py,182,0.5,"ax.legend(handles=handles, loc=""upper center"", bbox_to_anchor=(0.5, -0.16),",display/style
code/mountain_flood/figure/q3.py,184,0,"fig.tight_layout(rect=(0, 0.09, 1, 1))",display/style
code/mountain_flood/figure/q3.py,184,0.09,"fig.tight_layout(rect=(0, 0.09, 1, 1))",display/style
code/mountain_flood/figure/q3.py,184,1,"fig.tight_layout(rect=(0, 0.09, 1, 1))",display/style
code/mountain_flood/figure/q3.py,184,1,"fig.tight_layout(rect=(0, 0.09, 1, 1))",display/style
code/mountain_flood/figure/q3.py,190,5.8,"fig, ax = plt.subplots(figsize=(5.8, 3.4))",display/style
code/mountain_flood/figure/q3.py,190,3.4,"fig, ax = plt.subplots(figsize=(5.8, 3.4))",display/style
code/mountain_flood/figure/q3.py,191,100,"ax.bar([relay[""id""] for relay in relays], [relay[""soc""] * 100 for relay in relays],",display/style
code/mountain_flood/figure/q3.py,209,8.4,"fig, axes = plt.subplots(1, 3, figsize=(8.4, 3.1))",display/style
code/mountain_flood/figure/q3.py,209,3.1,"fig, axes = plt.subplots(1, 3, figsize=(8.4, 3.1))",display/style
code/mountain_flood/figure/q3.py,213,0.2,"ax.grid(axis=""y"", alpha=0.2)",display/style
code/mountain_flood/figure/q3.py,22,0,"ax.plot(points[:, 0], points[:, 1], color=NEUTRAL, lw=0.55, alpha=0.35)",display/style
code/mountain_flood/figure/q3.py,22,1,"ax.plot(points[:, 0], points[:, 1], color=NEUTRAL, lw=0.55, alpha=0.35)",display/style
code/mountain_flood/figure/q3.py,30,1000,"ax.scatter(x / 1000, y / 1000, s=90, marker=""D"", color=color, zorder=7)",display/style
code/mountain_flood/figure/q3.py,30,1000,"ax.scatter(x / 1000, y / 1000, s=90, marker=""D"", color=color, zorder=7)",display/style
code/mountain_flood/figure/q3.py,30,90,"ax.scatter(x / 1000, y / 1000, s=90, marker=""D"", color=color, zorder=7)",display/style
code/mountain_flood/figure/q3.py,30,7,"ax.scatter(x / 1000, y / 1000, s=90, marker=""D"", color=color, zorder=7)",display/style
code/mountain_flood/figure/q3.py,33,0,"ax.plot([0, x / 1000], [0, y / 1000], linestyle=""--"", color=color, alpha=0.8)",display/style
code/mountain_flood/figure/q3.py,33,0,"ax.plot([0, x / 1000], [0, y / 1000], linestyle=""--"", color=color, alpha=0.8)",display/style
code/mountain_flood/figure/q3.py,33,0.8,"ax.plot([0, x / 1000], [0, y / 1000], linestyle=""--"", color=color, alpha=0.8)",display/style
code/mountain_flood/figure/q3.py,42,0.7,"color=RELAY_COLORS[site], linestyle="":"", lw=0.7, alpha=0.7)",display/style
code/mountain_flood/figure/q3.py,42,0.7,"color=RELAY_COLORS[site], linestyle="":"", lw=0.7, alpha=0.7)",display/style
code/mountain_flood/figure/q3.py,46,0.12,"ax.legend(handles=handles, loc=""upper center"", bbox_to_anchor=(0.5, -0.12),",display/style
code/mountain_flood/figure/q3.py,73,0,"points.setdefault(color, [[], []])[0].append(x / 1000)",display/style
code/mountain_flood/figure/q3.py,74,1,points[color][1].append(y / 1000),display/style
code/mountain_flood/figure/q3.py,80,0,"ax.plot(path[:, 0], path[:, 1], color=NEUTRAL, linewidth=0.5, alpha=0.25)",display/style
code/mountain_flood/figure/q3.py,80,1,"ax.plot(path[:, 0], path[:, 1], color=NEUTRAL, linewidth=0.5, alpha=0.25)",display/style
code/mountain_flood/figure/q3.py,85,7,"ax.scatter(x_values, y_values, s=7, color=color, alpha=0.55,",display/style
code/mountain_flood/figure/q3.py,85,0.55,"ax.scatter(x_values, y_values, s=7, color=color, alpha=0.55,",display/style
code/mountain_flood/figure/q3.py,86,4,"label=relay_labels.get(color, ""中继覆盖采样""), zorder=4)",display/style
code/mountain_flood/figure/q3.py,96,0.12,"ax.legend(fontsize=7, loc=""upper center"", bbox_to_anchor=(0.5, -0.12), ncol=2)",display/style
code/mountain_flood/figure/q3.py,107,1,"ranges[-1] = (ranges[-1][0], interval[""end""])",display/style
code/mountain_flood/figure/q3.py,107,0,"ranges[-1] = (ranges[-1][0], interval[""end""])",display/style
code/mountain_flood/figure/q3.py,119,5.0,"fig, ax = plt.subplots(figsize=(9.0, max(5.0, 0.24 * len(routes))))",display/style
code/mountain_flood/figure/q3.py,121,60,"bars = [(start / 60, (end - start) / 60) for start, end in ranges]",display/style
code/mountain_flood/figure/q3.py,121,60,"bars = [(start / 60, (end - start) / 60) for start, end in ranges]",display/style
code/mountain_flood/figure/q3.py,122,0.32,"ax.broken_barh(bars, (route_index[route_id] - 0.32, 0.64),",display/style
code/mountain_flood/figure/q3.py,157,4.2,"fig, ax = plt.subplots(figsize=(8.4, max(4.2, 0.35 * len(units))))",display/style
code/mountain_flood/figure/q3.py,163,0.58,"ax.barh(lane, end - start, left=start, height=0.58, color=color,",display/style
code/mountain_flood/figure/q3.py,164,0.4,"edgecolor=""white"", linewidth=0.4)",display/style
code/mountain_flood/figure/q3.py,166,0.58,"ax.barh(lane, end - start, left=start, height=0.58, color=""#9381B2"",",display/style
code/mountain_flood/figure/q3.py,167,0.4,"edgecolor=""white"", linewidth=0.4)",display/style
code/mountain_flood/figure/q3.py,168,60,"service_start, service_end = task[""ready""] / 60, task[""service_end""] / 60",display/style
code/mountain_flood/figure/q3.py,168,60,"service_start, service_end = task[""ready""] / 60, task[""service_end""] / 60",display/style
code/mountain_flood/figure/q3.py,170,0.3,"height=0.3, color=""#69549A"")",display/style
code/mountain_flood/figure/q3.py,172,2,"ax.text((start + end) / 2, lane, task.get(""id"", """"), ha=""center"", va=""center"",",display/style
code/mountain_flood/figure/q3.py,173,6.5,"fontsize=6.5, color=""white"")",display/style
code/mountain_flood/figure/q3.py,182,0.16,"ax.legend(handles=handles, loc=""upper center"", bbox_to_anchor=(0.5, -0.16),",display/style
code/mountain_flood/figure/q3.py,206,60,"([q2[""summary""][""makespan""] / 60, q3[""summary""][""makespan""] / 60], ""完工时间 / min""),",display/style
code/mountain_flood/figure/q3.py,206,60,"([q2[""summary""][""makespan""] / 60, q3[""summary""][""makespan""] / 60], ""完工时间 / min""),",display/style
code/mountain_flood/figure/q3.py,21,0,"points = model.xy[[0] + route[""order""] + [0]] / 1000",display/style
code/mountain_flood/figure/q3.py,31,1000,"ax.annotate(site, (x / 1000, y / 1000), xytext=(4, 4),",display/style
code/mountain_flood/figure/q3.py,31,1000,"ax.annotate(site, (x / 1000, y / 1000), xytext=(4, 4),",display/style
code/mountain_flood/figure/q3.py,31,4,"ax.annotate(site, (x / 1000, y / 1000), xytext=(4, 4),",display/style
code/mountain_flood/figure/q3.py,31,4,"ax.annotate(site, (x / 1000, y / 1000), xytext=(4, 4),",display/style
code/mountain_flood/figure/q3.py,33,1000,"ax.plot([0, x / 1000], [0, y / 1000], linestyle=""--"", color=color, alpha=0.8)",display/style
code/mountain_flood/figure/q3.py,33,1000,"ax.plot([0, x / 1000], [0, y / 1000], linestyle=""--"", color=color, alpha=0.8)",display/style
code/mountain_flood/figure/q3.py,38,2,"x, y = model.local(*relay[""pos""][:2])",display/style
code/mountain_flood/figure/q3.py,40,1000,"ax.plot([x / 1000, model.xy[node, 0] / 1000],",display/style
code/mountain_flood/figure/q3.py,40,1000,"ax.plot([x / 1000, model.xy[node, 0] / 1000],",display/style
code/mountain_flood/figure/q3.py,41,1000,"[y / 1000, model.xy[node, 1] / 1000],",display/style
code/mountain_flood/figure/q3.py,41,1000,"[y / 1000, model.xy[node, 1] / 1000],",display/style
code/mountain_flood/figure/q3.py,69,0,longitude = first[0] + fraction * (second[0] - first[0]),display/style
code/mountain_flood/figure/q3.py,69,0,longitude = first[0] + fraction * (second[0] - first[0]),display/style
code/mountain_flood/figure/q3.py,70,1,latitude = first[1] + fraction * (second[1] - first[1]),display/style
code/mountain_flood/figure/q3.py,70,1,latitude = first[1] + fraction * (second[1] - first[1]),display/style
code/mountain_flood/figure/q3.py,79,0,"path = model.xy[[0] + route[""order""] + [0]] / 1000",display/style
code/mountain_flood/figure/q3.py,92,2,"x, y = model.local(*relay[""pos""][:2])",display/style
code/mountain_flood/figure/q3.py,119,0.24,"fig, ax = plt.subplots(figsize=(9.0, max(5.0, 0.24 * len(routes))))",display/style
code/mountain_flood/figure/q3.py,157,0.35,"fig, ax = plt.subplots(figsize=(8.4, max(4.2, 0.35 * len(units))))",display/style
code/mountain_flood/figure/q3.py,21,0,"points = model.xy[[0] + route[""order""] + [0]] / 1000",display/style
code/mountain_flood/figure/q3.py,28,2,"x, y = model.local(*relay[""pos""][:2])",display/style
code/mountain_flood/figure/q3.py,63,1e-06,"if item[""start""] - 1e-6 <= elapsed <= item[""end""] + 1e-6), None)",display/style
code/mountain_flood/figure/q3.py,63,1e-06,"if item[""start""] - 1e-6 <= elapsed <= item[""end""] + 1e-6), None)",display/style
code/mountain_flood/figure/q3.py,79,0,"path = model.xy[[0] + route[""order""] + [0]] / 1000",display/style
code/mountain_flood/figure/q3.py,106,1,"if ranges and abs(ranges[-1][1] - interval[""start""]) < 1e-6:",display/style
code/mountain_flood/figure/q3.py,107,1,"ranges[-1] = (ranges[-1][0], interval[""end""])",display/style
code/mountain_flood/figure/q3.py,40,0,"ax.plot([x / 1000, model.xy[node, 0] / 1000],",display/style
code/mountain_flood/figure/q3.py,41,1,"[y / 1000, model.xy[node, 1] / 1000],",display/style
code/mountain_flood/figure/q3.py,106,1,"if ranges and abs(ranges[-1][1] - interval[""start""]) < 1e-6:",display/style
code/mountain_flood/figure/q4.py,6,3,PROJECT_ROOT = Path(__file__).resolve().parents[3],display/style
code/mountain_flood/figure/q4.py,38,0.24,width = 0.24,display/style
code/mountain_flood/figure/q4.py,75,0.34,width = 0.34,display/style
code/mountain_flood/figure/q4.py,7,0,"sys.path[:0] = [str(PROJECT_ROOT / ""code""), str(PROJECT_ROOT)]",display/style
code/mountain_flood/figure/q4.py,53,1,"fig, axes = plt.subplots(1, 2, figsize=(7.0, 3.4))",display/style
code/mountain_flood/figure/q4.py,53,2,"fig, axes = plt.subplots(1, 2, figsize=(7.0, 3.4))",display/style
code/mountain_flood/figure/q4.py,110,1,"for node in range(1, len(model.nodes)):",display/style
code/mountain_flood/figure/q4.py,127,2,"for group_count in (2, 3):",display/style
code/mountain_flood/figure/q4.py,127,3,"for group_count in (2, 3):",display/style
code/mountain_flood/figure/q4.py,22,1000,xy = model.xy[nodes] / 1000,display/style
code/mountain_flood/figure/q4.py,30,8,"fontsize=8, ncol=group_count)",display/style
code/mountain_flood/figure/q4.py,40,2,"for index, group_count in enumerate((2, 3)):",display/style
code/mountain_flood/figure/q4.py,40,3,"for index, group_count in enumerate((2, 3)):",display/style
code/mountain_flood/figure/q4.py,44,28,"ax.scatter(x, inventory, marker=""D"", color=NEUTRAL, s=28, label=""现有库存"", zorder=4)",display/style
code/mountain_flood/figure/q4.py,44,4,"ax.scatter(x, inventory, marker=""D"", color=NEUTRAL, s=28, label=""现有库存"", zorder=4)",display/style
code/mountain_flood/figure/q4.py,45,25,"ax.set_xticks(x, labels, rotation=25, ha=""right"")",display/style
code/mountain_flood/figure/q4.py,47,0.2,"ax.grid(axis=""y"", alpha=0.2)",display/style
code/mountain_flood/figure/q4.py,54,2,"for ax, group_count in zip(axes, (2, 3)):",display/style
code/mountain_flood/figure/q4.py,54,3,"for ax, group_count in zip(axes, (2, 3)):",display/style
code/mountain_flood/figure/q4.py,77,2,"for index, group_count in enumerate((2, 3)):",display/style
code/mountain_flood/figure/q4.py,77,3,"for index, group_count in enumerate((2, 3)):",display/style
code/mountain_flood/figure/q4.py,82,25,"ax.set_xticks(x, labels, rotation=25, ha=""right"")",display/style
code/mountain_flood/figure/q4.py,84,0,ax.set_ylim(bottom=0),display/style
code/mountain_flood/figure/q4.py,85,0.2,"ax.grid(axis=""y"", alpha=0.2)",display/style
code/mountain_flood/figure/q4.py,86,8,ax.legend(fontsize=8),display/style
code/mountain_flood/figure/q4.py,107,1000,xy = model.xy[component] / 1000,display/style
code/mountain_flood/figure/q4.py,111,1000,"x, y = model.xy[node] / 1000",display/style
code/mountain_flood/figure/q4.py,114,0,"ax.annotate(""O01"", (0, 0), xytext=(4, 4), textcoords=""offset points"", fontsize=8)",display/style
code/mountain_flood/figure/q4.py,114,0,"ax.annotate(""O01"", (0, 0), xytext=(4, 4), textcoords=""offset points"", fontsize=8)",display/style
code/mountain_flood/figure/q4.py,114,8,"ax.annotate(""O01"", (0, 0), xytext=(4, 4), textcoords=""offset points"", fontsize=8)",display/style
code/mountain_flood/figure/q4.py,118,4,"ax.legend(ncol=4, fontsize=7, loc=""upper center"", bbox_to_anchor=(0.5, 1.18))",display/style
code/mountain_flood/figure/q4.py,118,7,"ax.legend(ncol=4, fontsize=7, loc=""upper center"", bbox_to_anchor=(0.5, 1.18))",display/style
code/mountain_flood/figure/q4.py,119,0.15,ax.grid(alpha=0.15),display/style
code/mountain_flood/figure/q4.py,17,6.2,"fig, ax = plt.subplots(figsize=(6.2, 4.4))",display/style
code/mountain_flood/figure/q4.py,17,4.4,"fig, ax = plt.subplots(figsize=(6.2, 4.4))",display/style
code/mountain_flood/figure/q4.py,25,48,"s=48, label=f""第{index + 1}组"")",display/style
code/mountain_flood/figure/q4.py,29,0.5,"ax.legend(loc=""upper center"", bbox_to_anchor=(0.5, -0.12),",display/style
code/mountain_flood/figure/q4.py,39,9.0,"fig, ax = plt.subplots(figsize=(9.0, 4.0))",display/style
code/mountain_flood/figure/q4.py,39,4.0,"fig, ax = plt.subplots(figsize=(9.0, 4.0))",display/style
code/mountain_flood/figure/q4.py,53,7.0,"fig, axes = plt.subplots(1, 2, figsize=(7.0, 3.4))",display/style
code/mountain_flood/figure/q4.py,53,3.4,"fig, axes = plt.subplots(1, 2, figsize=(7.0, 3.4))",display/style
code/mountain_flood/figure/q4.py,63,0.2,"ax.grid(axis=""y"", alpha=0.2)",display/style
code/mountain_flood/figure/q4.py,76,8.8,"fig, ax = plt.subplots(figsize=(8.8, 3.8))",display/style
code/mountain_flood/figure/q4.py,76,3.8,"fig, ax = plt.subplots(figsize=(8.8, 3.8))",display/style
code/mountain_flood/figure/q4.py,97,1,"edge_counts[edge] = edge_counts.get(edge, 0) + 1",display/style
code/mountain_flood/figure/q4.py,99,6.4,"fig, ax = plt.subplots(figsize=(6.4, 4.8))",display/style
code/mountain_flood/figure/q4.py,99,4.8,"fig, ax = plt.subplots(figsize=(6.4, 4.8))",display/style
code/mountain_flood/figure/q4.py,102,1000,"first, second = model.xy[start] / 1000, model.xy[end] / 1000",display/style
code/mountain_flood/figure/q4.py,102,1000,"first, second = model.xy[start] / 1000, model.xy[end] / 1000",display/style
code/mountain_flood/figure/q4.py,104,0.45,"color=""#888888"", linewidth=0.8 + 0.35 * count, alpha=0.45, zorder=1)",display/style
code/mountain_flood/figure/q4.py,104,1,"color=""#888888"", linewidth=0.8 + 0.35 * count, alpha=0.45, zorder=1)",display/style
code/mountain_flood/figure/q4.py,108,45,"ax.scatter(xy[:, 0], xy[:, 1], s=45, marker=markers[component_id % len(markers)],",display/style
code/mountain_flood/figure/q4.py,109,2,"label=f""组件{component_id + 1}"", zorder=2)",display/style
code/mountain_flood/figure/q4.py,113,7,"textcoords=""offset points"", fontsize=7)",display/style
code/mountain_flood/figure/q4.py,114,4,"ax.annotate(""O01"", (0, 0), xytext=(4, 4), textcoords=""offset points"", fontsize=8)",display/style
code/mountain_flood/figure/q4.py,114,4,"ax.annotate(""O01"", (0, 0), xytext=(4, 4), textcoords=""offset points"", fontsize=8)",display/style
code/mountain_flood/figure/q4.py,118,0.5,"ax.legend(ncol=4, fontsize=7, loc=""upper center"", bbox_to_anchor=(0.5, 1.18))",display/style
code/mountain_flood/figure/q4.py,118,1.18,"ax.legend(ncol=4, fontsize=7, loc=""upper center"", bbox_to_anchor=(0.5, 1.18))",display/style
code/mountain_flood/figure/q4.py,24,0,"ax.scatter(xy[:, 0], xy[:, 1], color=color, marker=markers[index],",display/style
code/mountain_flood/figure/q4.py,24,1,"ax.scatter(xy[:, 0], xy[:, 1], color=color, marker=markers[index],",display/style
code/mountain_flood/figure/q4.py,28,7,"textcoords=""offset points"", fontsize=7)",display/style
code/mountain_flood/figure/q4.py,29,0.12,"ax.legend(loc=""upper center"", bbox_to_anchor=(0.5, -0.12),",display/style
code/mountain_flood/figure/q4.py,58,3600,"bars = ax.bar(index, [group[""work""] / 3600 for group in groups],",display/style
code/mountain_flood/figure/q4.py,67,7,"ha=""center"", fontsize=7)",display/style
code/mountain_flood/figure/q4.py,95,1,"for start, end in zip(order, order[1:]):",display/style
code/mountain_flood/figure/q4.py,97,0,"edge_counts[edge] = edge_counts.get(edge, 0) + 1",display/style
code/mountain_flood/figure/q4.py,103,0,"ax.plot([first[0], second[0]], [first[1], second[1]],",display/style
code/mountain_flood/figure/q4.py,103,0,"ax.plot([first[0], second[0]], [first[1], second[1]],",display/style
code/mountain_flood/figure/q4.py,103,1,"ax.plot([first[0], second[0]], [first[1], second[1]],",display/style
code/mountain_flood/figure/q4.py,103,1,"ax.plot([first[0], second[0]], [first[1], second[1]],",display/style
code/mountain_flood/figure/q4.py,104,0.8,"color=""#888888"", linewidth=0.8 + 0.35 * count, alpha=0.45, zorder=1)",display/style
code/mountain_flood/figure/q4.py,108,0,"ax.scatter(xy[:, 0], xy[:, 1], s=45, marker=markers[component_id % len(markers)],",display/style
code/mountain_flood/figure/q4.py,108,1,"ax.scatter(xy[:, 0], xy[:, 1], s=45, marker=markers[component_id % len(markers)],",display/style
code/mountain_flood/figure/q4.py,112,3,"ax.annotate(f""{node:03}"", (x, y), xytext=(3, 4),",display/style
code/mountain_flood/figure/q4.py,112,4,"ax.annotate(f""{node:03}"", (x, y), xytext=(3, 4),",display/style
code/mountain_flood/figure/q4.py,27,3,"ax.annotate(f""{node:03}"", (x, y), xytext=(3, 4),",display/style
code/mountain_flood/figure/q4.py,27,4,"ax.annotate(f""{node:03}"", (x, y), xytext=(3, 4),",display/style
code/mountain_flood/figure/q4.py,42,0.5,"ax.bar(x + (index - 0.5) * width, total, width,",display/style
code/mountain_flood/figure/q4.py,66,0,"bar.get_height()), xytext=(0, 3), textcoords=""offset points"",",display/style
code/mountain_flood/figure/q4.py,66,3,"bar.get_height()), xytext=(0, 3), textcoords=""offset points"",",display/style
code/mountain_flood/figure/q4.py,79,0.5,"ax.bar(x + (index - 0.5) * width, deficit, width,",display/style
code/mountain_flood/figure/q4.py,104,0.35,"color=""#888888"", linewidth=0.8 + 0.35 * count, alpha=0.45, zorder=1)",display/style
code/mountain_flood/figure/q4.py,25,1,"s=48, label=f""第{index + 1}组"")",display/style
code/mountain_flood/figure/q4.py,60,1,"ax.set_xticks(index, [f""第{i + 1}组"" for i in index])",display/style
code/mountain_flood/figure/q4.py,65,2,"ax.annotate(f""{group['boxes']}箱"", (bar.get_x() + bar.get_width() / 2,",display/style
code/mountain_flood/figure/q4.py,109,1,"label=f""组件{component_id + 1}"", zorder=2)",display/style
code/mountain_flood/figure/spatial.py,6,3,PROJECT_ROOT = Path(__file__).resolve().parents[3],display/style
code/mountain_flood/figure/spatial.py,21,0.49,"def _hex_reference_times(model, radius=0.49):",display/style
code/mountain_flood/figure/spatial.py,7,0,"sys.path[:0] = [str(PROJECT_ROOT / ""code""), str(PROJECT_ROOT)]",display/style
code/mountain_flood/figure/spatial.py,24,1.5,spacing_y = 1.5 * radius,display/style
code/mountain_flood/figure/spatial.py,53,1000,sites = model.xy[1:] / 1000,display/style
code/mountain_flood/figure/spatial.py,55,1,axis=1) + 1,display/style
code/mountain_flood/figure/spatial.py,64,2,"fig, axes = plt.subplots(2, 2, figsize=(11.2, 8.0), sharex=True, sharey=True)",display/style
code/mountain_flood/figure/spatial.py,64,2,"fig, axes = plt.subplots(2, 2, figsize=(11.2, 8.0), sharex=True, sharey=True)",display/style
code/mountain_flood/figure/spatial.py,102,0.5,"fig.text(0.5, 0.022, ""六边形描边按最近服务点所属组标识，仅作空间示意；分组结果以彩色服务点为准。"",",display/style
code/mountain_flood/figure/spatial.py,102,0.022,"fig.text(0.5, 0.022, ""六边形描边按最近服务点所属组标识，仅作空间示意；分组结果以彩色服务点为准。"",",display/style
code/mountain_flood/figure/spatial.py,112,2,if len(coordinates) < 2:,display/style
code/mountain_flood/figure/spatial.py,130,1,"fig, axes = plt.subplots(1, 2, figsize=(11, 4.5), sharex=True, sharey=True)",display/style
code/mountain_flood/figure/spatial.py,130,2,"fig, axes = plt.subplots(1, 2, figsize=(11, 4.5), sharex=True, sharey=True)",display/style
code/mountain_flood/figure/spatial.py,142,0.5,"fig.text(0.5, 0.01, ""虚线椭圆表示组内服务点坐标的 1 倍标准差；单点组仅标出中心。"",",display/style
code/mountain_flood/figure/spatial.py,142,0.01,"fig.text(0.5, 0.01, ""虚线椭圆表示组内服务点坐标的 1 倍标准差；单点组仅标出中心。"",",display/style
code/mountain_flood/figure/spatial.py,148,109.16,"longitude = np.linspace(109.16, 109.30, 90)",display/style
code/mountain_flood/figure/spatial.py,148,109.3,"longitude = np.linspace(109.16, 109.30, 90)",display/style
code/mountain_flood/figure/spatial.py,148,90,"longitude = np.linspace(109.16, 109.30, 90)",display/style
code/mountain_flood/figure/spatial.py,149,22.999,"latitude = np.linspace(22.999, 23.09, 65)",display/style
code/mountain_flood/figure/spatial.py,149,23.09,"latitude = np.linspace(22.999, 23.09, 65)",display/style
code/mountain_flood/figure/spatial.py,149,65,"latitude = np.linspace(22.999, 23.09, 65)",display/style
code/mountain_flood/figure/spatial.py,151,0,origin = model.nodes[0],display/style
code/mountain_flood/figure/spatial.py,155,1000,x = distance * np.sin(angle) / 1000,display/style
code/mountain_flood/figure/spatial.py,156,1000,y = distance * np.cos(angle) / 1000,display/style
code/mountain_flood/figure/spatial.py,189,1,"for index, (title, routes, aircraft_type, show_relays) in enumerate(panels, 1):",display/style
code/mountain_flood/figure/spatial.py,246,1,"fig, axes = plt.subplots(1, 3, figsize=(13.5, 4.4), sharex=True, sharey=True)",display/style
code/mountain_flood/figure/spatial.py,246,3,"fig, axes = plt.subplots(1, 3, figsize=(13.5, 4.4), sharex=True, sharey=True)",display/style
code/mountain_flood/figure/spatial.py,23,3,spacing_x = np.sqrt(3) * radius,display/style
code/mountain_flood/figure/spatial.py,26,9.4,"for row, y in enumerate(np.arange(-0.2, 9.4, spacing_y)):",display/style
code/mountain_flood/figure/spatial.py,66,0,"draw_region(axes[0], model, annotate=True)",display/style
code/mountain_flood/figure/spatial.py,91,0,"ax.scatter(0, 0, s=105, marker=""*"", facecolor=""#1E2833"",",display/style
code/mountain_flood/figure/spatial.py,91,0,"ax.scatter(0, 0, s=105, marker=""*"", facecolor=""#1E2833"",",display/style
code/mountain_flood/figure/spatial.py,96,0.07,"fig.subplots_adjust(left=0.07, right=0.98, top=0.94, bottom=0.19,",display/style
code/mountain_flood/figure/spatial.py,96,0.98,"fig.subplots_adjust(left=0.07, right=0.98, top=0.94, bottom=0.19,",display/style
code/mountain_flood/figure/spatial.py,96,0.94,"fig.subplots_adjust(left=0.07, right=0.98, top=0.94, bottom=0.19,",display/style
code/mountain_flood/figure/spatial.py,96,0.19,"fig.subplots_adjust(left=0.07, right=0.98, top=0.94, bottom=0.19,",display/style
code/mountain_flood/figure/spatial.py,97,0.13,"wspace=0.13, hspace=0.24)",display/style
code/mountain_flood/figure/spatial.py,97,0.24,"wspace=0.13, hspace=0.24)",display/style
code/mountain_flood/figure/spatial.py,99,0.24,"colorbar_ax = fig.add_axes([0.24, 0.09, 0.52, 0.022])",display/style
code/mountain_flood/figure/spatial.py,99,0.09,"colorbar_ax = fig.add_axes([0.24, 0.09, 0.52, 0.022])",display/style
code/mountain_flood/figure/spatial.py,99,0.52,"colorbar_ax = fig.add_axes([0.24, 0.09, 0.52, 0.022])",display/style
code/mountain_flood/figure/spatial.py,99,0.022,"colorbar_ax = fig.add_axes([0.24, 0.09, 0.52, 0.022])",display/style
code/mountain_flood/figure/spatial.py,103,8,"ha=""center"", fontsize=8, color=NEUTRAL)",display/style
code/mountain_flood/figure/spatial.py,109,0,center = coordinates.mean(axis=0),display/style
code/mountain_flood/figure/spatial.py,110,0,"ax.scatter(center[0], center[1], s=55, marker=""x"", color=color,",display/style
code/mountain_flood/figure/spatial.py,110,1,"ax.scatter(center[0], center[1], s=55, marker=""x"", color=color,",display/style
code/mountain_flood/figure/spatial.py,110,55,"ax.scatter(center[0], center[1], s=55, marker=""x"", color=color,",display/style
code/mountain_flood/figure/spatial.py,111,1.6,"linewidth=1.6, zorder=9, label=label)",display/style
code/mountain_flood/figure/spatial.py,111,9,"linewidth=1.6, zorder=9, label=label)",display/style
code/mountain_flood/figure/spatial.py,121,0.15,"facecolor=color, edgecolor=color, alpha=0.15,",display/style
code/mountain_flood/figure/spatial.py,122,1.4,"linewidth=1.4, linestyle=""--"", zorder=5)",display/style
code/mountain_flood/figure/spatial.py,122,5,"linewidth=1.4, linestyle=""--"", zorder=5)",display/style
code/mountain_flood/figure/spatial.py,131,2,"for ax, group_count in zip(axes, (2, 3)):",display/style
code/mountain_flood/figure/spatial.py,131,3,"for ax, group_count in zip(axes, (2, 3)):",display/style
code/mountain_flood/figure/spatial.py,143,8,"ha=""center"", fontsize=8, color=NEUTRAL)",display/style
code/mountain_flood/figure/spatial.py,190,2,"ax = fig.add_subplot(2, 3, index, projection=""3d"", computed_zorder=False)",display/style
code/mountain_flood/figure/spatial.py,190,3,"ax = fig.add_subplot(2, 3, index, projection=""3d"", computed_zorder=False)",display/style
code/mountain_flood/figure/spatial.py,205,8,"ax.set_xlim(-8, 8)",display/style
code/mountain_flood/figure/spatial.py,206,10,"ax.set_ylim(-1, 10)",display/style
code/mountain_flood/figure/spatial.py,207,0,"ax.set_zlim(0, max(1300, float(np.nanmax(z)) * 1.1))",display/style
code/mountain_flood/figure/spatial.py,218,0.015,"fig.subplots_adjust(left=0.015, right=0.99, top=0.96, bottom=0.12,",display/style
code/mountain_flood/figure/spatial.py,218,0.99,"fig.subplots_adjust(left=0.015, right=0.99, top=0.96, bottom=0.12,",display/style
code/mountain_flood/figure/spatial.py,218,0.96,"fig.subplots_adjust(left=0.015, right=0.99, top=0.96, bottom=0.12,",display/style
code/mountain_flood/figure/spatial.py,218,0.12,"fig.subplots_adjust(left=0.015, right=0.99, top=0.96, bottom=0.12,",display/style
code/mountain_flood/figure/spatial.py,219,0.005,"wspace=0.005, hspace=0.02)",display/style
code/mountain_flood/figure/spatial.py,219,0.02,"wspace=0.005, hspace=0.02)",display/style
code/mountain_flood/figure/spatial.py,220,0.71,"colorbar_ax = fig.add_axes([0.71, 0.055, 0.25, 0.016])",display/style
code/mountain_flood/figure/spatial.py,220,0.055,"colorbar_ax = fig.add_axes([0.71, 0.055, 0.25, 0.016])",display/style
code/mountain_flood/figure/spatial.py,220,0.25,"colorbar_ax = fig.add_axes([0.71, 0.055, 0.25, 0.016])",display/style
code/mountain_flood/figure/spatial.py,220,0.016,"colorbar_ax = fig.add_axes([0.71, 0.055, 0.25, 0.016])",display/style
code/mountain_flood/figure/spatial.py,223,4,"fig.legend(handles=handles, loc=""lower left"", ncol=4, fontsize=8,",display/style
code/mountain_flood/figure/spatial.py,223,8,"fig.legend(handles=handles, loc=""lower left"", ncol=4, fontsize=8,",display/style
code/mountain_flood/figure/spatial.py,247,0,"windows = ((0, 40), (40, 80), (80, 120))",display/style
code/mountain_flood/figure/spatial.py,247,40,"windows = ((0, 40), (40, 80), (80, 120))",display/style
code/mountain_flood/figure/spatial.py,247,40,"windows = ((0, 40), (40, 80), (80, 120))",display/style
code/mountain_flood/figure/spatial.py,247,80,"windows = ((0, 40), (40, 80), (80, 120))",display/style
code/mountain_flood/figure/spatial.py,247,80,"windows = ((0, 40), (40, 80), (80, 120))",display/style
code/mountain_flood/figure/spatial.py,247,120,"windows = ((0, 40), (40, 80), (80, 120))",display/style
code/mountain_flood/figure/spatial.py,271,4,"fig.legend(handles=handles, loc=""lower center"", ncol=4, bbox_to_anchor=(0.5, -0.02))",display/style
code/mountain_flood/figure/spatial.py,26,0.2,"for row, y in enumerate(np.arange(-0.2, 9.4, spacing_y)):",display/style
code/mountain_flood/figure/spatial.py,27,7.0,"for x in np.arange(-6.8, 7.0, spacing_x) + (row % 2) * spacing_x / 2:",display/style
code/mountain_flood/figure/spatial.py,27,2,"for x in np.arange(-6.8, 7.0, spacing_x) + (row % 2) * spacing_x / 2:",display/style
code/mountain_flood/figure/spatial.py,33,30,"dest_altitude = float(model.ground(longitude, latitude)) + 30",display/style
code/mountain_flood/figure/spatial.py,41,2,"longitude, latitude)[2]",display/style
code/mountain_flood/figure/spatial.py,53,1,sites = model.xy[1:] / 1000,display/style
code/mountain_flood/figure/spatial.py,55,1,axis=1) + 1,display/style
code/mountain_flood/figure/spatial.py,64,11.2,"fig, axes = plt.subplots(2, 2, figsize=(11.2, 8.0), sharex=True, sharey=True)",display/style
code/mountain_flood/figure/spatial.py,64,8.0,"fig, axes = plt.subplots(2, 2, figsize=(11.2, 8.0), sharex=True, sharey=True)",display/style
code/mountain_flood/figure/spatial.py,67,0,"axes[0].set_title(""a  DEM 与调度中心、服务点"", loc=""left"")",display/style
code/mountain_flood/figure/spatial.py,68,1,"for index, ax in enumerate(axes[1:]):",display/style
code/mountain_flood/figure/spatial.py,70,2,"group_count = (None, 2, 3)[index]",display/style
code/mountain_flood/figure/spatial.py,70,3,"group_count = (None, 2, 3)[index]",display/style
code/mountain_flood/figure/spatial.py,91,105,"ax.scatter(0, 0, s=105, marker=""*"", facecolor=""#1E2833"",",display/style
code/mountain_flood/figure/spatial.py,92,0.5,"edgecolor=""white"", linewidth=0.5, zorder=9)",display/style
code/mountain_flood/figure/spatial.py,92,9,"edgecolor=""white"", linewidth=0.5, zorder=9)",display/style
code/mountain_flood/figure/spatial.py,116,1,order = np.argsort(eigenvalues)[::-1],display/style
code/mountain_flood/figure/spatial.py,119,2,"ellipse = Ellipse(center, width=2 * np.sqrt(max(eigenvalues[0], 0)),",display/style
code/mountain_flood/figure/spatial.py,120,2,"height=2 * np.sqrt(max(eigenvalues[1], 0)), angle=angle,",display/style
code/mountain_flood/figure/spatial.py,126,1.2,"linewidth=1.2, linestyle=""--"", zorder=6))",display/style
code/mountain_flood/figure/spatial.py,126,6,"linewidth=1.2, linestyle=""--"", zorder=6))",display/style
code/mountain_flood/figure/spatial.py,130,11,"fig, axes = plt.subplots(1, 2, figsize=(11, 4.5), sharex=True, sharey=True)",display/style
code/mountain_flood/figure/spatial.py,130,4.5,"fig, axes = plt.subplots(1, 2, figsize=(11, 4.5), sharex=True, sharey=True)",display/style
code/mountain_flood/figure/spatial.py,135,1000,"xy = model.xy[group[""nodes""]] / 1000",display/style
code/mountain_flood/figure/spatial.py,141,7,"ax.legend(loc=""upper right"", fontsize=7)",display/style
code/mountain_flood/figure/spatial.py,188,12,"fig = plt.figure(figsize=(12, 7.0))",display/style
code/mountain_flood/figure/spatial.py,188,7.0,"fig = plt.figure(figsize=(12, 7.0))",display/style
code/mountain_flood/figure/spatial.py,192,65,"rcount=65, ccount=90, linewidth=0, antialiased=False,",display/style
code/mountain_flood/figure/spatial.py,192,90,"rcount=65, ccount=90, linewidth=0, antialiased=False,",display/style
code/mountain_flood/figure/spatial.py,192,0,"rcount=65, ccount=90, linewidth=0, antialiased=False,",display/style
code/mountain_flood/figure/spatial.py,193,0.88,"alpha=0.88, shade=False, zorder=0)",display/style
code/mountain_flood/figure/spatial.py,193,0,"alpha=0.88, shade=False, zorder=0)",display/style
code/mountain_flood/figure/spatial.py,205,8,"ax.set_xlim(-8, 8)",display/style
code/mountain_flood/figure/spatial.py,206,1,"ax.set_ylim(-1, 10)",display/style
code/mountain_flood/figure/spatial.py,207,1300,"ax.set_zlim(0, max(1300, float(np.nanmax(z)) * 1.1))",display/style
code/mountain_flood/figure/spatial.py,208,29,"ax.view_init(elev=29, azim=-69)",display/style
code/mountain_flood/figure/spatial.py,209,1.5,"ax.set_box_aspect((1.5, 1, 0.42), zoom=1.12)",display/style
code/mountain_flood/figure/spatial.py,209,1,"ax.set_box_aspect((1.5, 1, 0.42), zoom=1.12)",display/style
code/mountain_flood/figure/spatial.py,209,0.42,"ax.set_box_aspect((1.5, 1, 0.42), zoom=1.12)",display/style
code/mountain_flood/figure/spatial.py,209,1.12,"ax.set_box_aspect((1.5, 1, 0.42), zoom=1.12)",display/style
code/mountain_flood/figure/spatial.py,210,9,"ax.set_title(title, loc=""left"", fontsize=9)",display/style
code/mountain_flood/figure/spatial.py,211,0,"ax.set_zticks((0, 400, 800, 1200))",display/style
code/mountain_flood/figure/spatial.py,211,400,"ax.set_zticks((0, 400, 800, 1200))",display/style
code/mountain_flood/figure/spatial.py,211,800,"ax.set_zticks((0, 400, 800, 1200))",display/style
code/mountain_flood/figure/spatial.py,211,1200,"ax.set_zticks((0, 400, 800, 1200))",display/style
code/mountain_flood/figure/spatial.py,212,6,"ax.tick_params(labelsize=6, pad=0)",display/style
code/mountain_flood/figure/spatial.py,212,0,"ax.tick_params(labelsize=6, pad=0)",display/style
code/mountain_flood/figure/spatial.py,213,0,"handles = [Line2D([0], [0], color=color, lw=1.5, label=f""{kind} 型"")",display/style
code/mountain_flood/figure/spatial.py,213,0,"handles = [Line2D([0], [0], color=color, lw=1.5, label=f""{kind} 型"")",display/style
code/mountain_flood/figure/spatial.py,213,1.5,"handles = [Line2D([0], [0], color=color, lw=1.5, label=f""{kind} 型"")",display/style
code/mountain_flood/figure/spatial.py,216,0,"handles.append(Line2D([0], [0], marker=""D"", linestyle=""none"", color=""#563E8A"",",display/style
code/mountain_flood/figure/spatial.py,216,0,"handles.append(Line2D([0], [0], marker=""D"", linestyle=""none"", color=""#563E8A"",",display/style
code/mountain_flood/figure/spatial.py,224,0.025,"bbox_to_anchor=(0.025, 0.028))",display/style
code/mountain_flood/figure/spatial.py,224,0.028,"bbox_to_anchor=(0.025, 0.028))",display/style
code/mountain_flood/figure/spatial.py,239,2,"first = np.asarray(segment[""a""][:2], dtype=float)",display/style
code/mountain_flood/figure/spatial.py,240,2,"last = np.asarray(segment[""b""][:2], dtype=float)",display/style
code/mountain_flood/figure/spatial.py,246,13.5,"fig, axes = plt.subplots(1, 3, figsize=(13.5, 4.4), sharex=True, sharey=True)",display/style
code/mountain_flood/figure/spatial.py,246,4.4,"fig, axes = plt.subplots(1, 3, figsize=(13.5, 4.4), sharex=True, sharey=True)",display/style
code/mountain_flood/figure/spatial.py,267,0,"handles = [Line2D([0], [0], color=color, lw=1.6, label=f""{kind} 型航段"")",display/style
code/mountain_flood/figure/spatial.py,267,0,"handles = [Line2D([0], [0], color=color, lw=1.6, label=f""{kind} 型航段"")",display/style
code/mountain_flood/figure/spatial.py,267,1.6,"handles = [Line2D([0], [0], color=color, lw=1.6, label=f""{kind} 型航段"")",display/style
code/mountain_flood/figure/spatial.py,269,0,"handles.append(Line2D([0], [0], marker=""D"", linestyle=""none"", color=""#563E8A"",",display/style
code/mountain_flood/figure/spatial.py,269,0,"handles.append(Line2D([0], [0], marker=""D"", linestyle=""none"", color=""#563E8A"",",display/style
code/mountain_flood/figure/spatial.py,271,0.5,"fig.legend(handles=handles, loc=""lower center"", ncol=4, bbox_to_anchor=(0.5, -0.02))",display/style
code/mountain_flood/figure/spatial.py,27,6.8,"for x in np.arange(-6.8, 7.0, spacing_x) + (row % 2) * spacing_x / 2:",display/style
code/mountain_flood/figure/spatial.py,36,50,"longitude, latitude) + 50,",display/style
code/mountain_flood/figure/spatial.py,54,2,"nearest = np.argmin(np.sum((centers[:, None, :2] - sites[None, :, :]) ** 2, axis=2),",display/style
code/mountain_flood/figure/spatial.py,54,2,"nearest = np.argmin(np.sum((centers[:, None, :2] - sites[None, :, :]) ** 2, axis=2),",display/style
code/mountain_flood/figure/spatial.py,83,1000,"xy = model.xy[group[""nodes""]] / 1000",display/style
code/mountain_flood/figure/spatial.py,88,1000,"ax.scatter(model.xy[1:, 0] / 1000, model.xy[1:, 1] / 1000,",display/style
code/mountain_flood/figure/spatial.py,88,1000,"ax.scatter(model.xy[1:, 0] / 1000, model.xy[1:, 1] / 1000,",display/style
code/mountain_flood/figure/spatial.py,89,30,"s=30, facecolor=""white"", edgecolor=NEUTRAL,",display/style
code/mountain_flood/figure/spatial.py,90,0.8,"linewidth=0.8, zorder=8)",display/style
code/mountain_flood/figure/spatial.py,90,8,"linewidth=0.8, zorder=8)",display/style
code/mountain_flood/figure/spatial.py,118,1,"angle = np.degrees(np.arctan2(eigenvectors[1, 0], eigenvectors[0, 0]))",display/style
code/mountain_flood/figure/spatial.py,118,0,"angle = np.degrees(np.arctan2(eigenvectors[1, 0], eigenvectors[0, 0]))",display/style
code/mountain_flood/figure/spatial.py,118,0,"angle = np.degrees(np.arctan2(eigenvectors[1, 0], eigenvectors[0, 0]))",display/style
code/mountain_flood/figure/spatial.py,118,0,"angle = np.degrees(np.arctan2(eigenvectors[1, 0], eigenvectors[0, 0]))",display/style
code/mountain_flood/figure/spatial.py,137,34,"ax.scatter(xy[:, 0], xy[:, 1], s=34, facecolor=color,",display/style
code/mountain_flood/figure/spatial.py,138,0.7,"edgecolor=""white"", linewidth=0.7, zorder=7)",display/style
code/mountain_flood/figure/spatial.py,138,7,"edgecolor=""white"", linewidth=0.7, zorder=7)",display/style
code/mountain_flood/figure/spatial.py,169,0,"x0, y0 = model.local(start[0], start[1])",display/style
code/mountain_flood/figure/spatial.py,169,1,"x0, y0 = model.local(start[0], start[1])",display/style
code/mountain_flood/figure/spatial.py,170,0,"x1, y1 = model.local(end[0], end[1])",display/style
code/mountain_flood/figure/spatial.py,170,1,"x1, y1 = model.local(end[0], end[1])",display/style
code/mountain_flood/figure/spatial.py,173,0.7,"linewidth=0.7, alpha=0.82, zorder=8)",display/style
code/mountain_flood/figure/spatial.py,173,0.82,"linewidth=0.7, alpha=0.82, zorder=8)",display/style
code/mountain_flood/figure/spatial.py,173,8,"linewidth=0.7, alpha=0.82, zorder=8)",display/style
code/mountain_flood/figure/spatial.py,207,1.1,"ax.set_zlim(0, max(1300, float(np.nanmax(z)) * 1.1))",display/style
code/mountain_flood/figure/spatial.py,208,69,"ax.view_init(elev=29, azim=-69)",display/style
code/mountain_flood/figure/spatial.py,271,0.02,"fig.legend(handles=handles, loc=""lower center"", ncol=4, bbox_to_anchor=(0.5, -0.02))",display/style
code/mountain_flood/figure/spatial.py,27,2,"for x in np.arange(-6.8, 7.0, spacing_x) + (row % 2) * spacing_x / 2:",display/style
code/mountain_flood/figure/spatial.py,28,1000,"longitude, latitude = model.lonlat(float(x * 1000), float(y * 1000))",display/style
code/mountain_flood/figure/spatial.py,28,1000,"longitude, latitude = model.lonlat(float(x * 1000), float(y * 1000))",display/style
code/mountain_flood/figure/spatial.py,37,0,"float(model.op[0]), dest_altitude,",display/style
code/mountain_flood/figure/spatial.py,77,6,"(x, y), numVertices=6, radius=radius, orientation=np.pi / 6,",display/style
code/mountain_flood/figure/spatial.py,79,0.91,"linewidth=0.36 if groups else 0.22, alpha=0.91, zorder=5,",display/style
code/mountain_flood/figure/spatial.py,79,5,"linewidth=0.36 if groups else 0.22, alpha=0.91, zorder=5,",display/style
code/mountain_flood/figure/spatial.py,84,43,"ax.scatter(xy[:, 0], xy[:, 1], s=43,",display/style
code/mountain_flood/figure/spatial.py,86,0.8,"linewidth=0.8, zorder=8)",display/style
code/mountain_flood/figure/spatial.py,86,8,"linewidth=0.8, zorder=8)",display/style
code/mountain_flood/figure/spatial.py,119,0,"ellipse = Ellipse(center, width=2 * np.sqrt(max(eigenvalues[0], 0)),",display/style
code/mountain_flood/figure/spatial.py,120,0,"height=2 * np.sqrt(max(eigenvalues[1], 0)), angle=angle,",display/style
code/mountain_flood/figure/spatial.py,137,0,"ax.scatter(xy[:, 0], xy[:, 1], s=34, facecolor=color,",display/style
code/mountain_flood/figure/spatial.py,137,1,"ax.scatter(xy[:, 0], xy[:, 1], s=34, facecolor=color,",display/style
code/mountain_flood/figure/spatial.py,171,1000,"ax.plot([x0 / 1000, x1 / 1000], [y0 / 1000, y1 / 1000],",display/style
code/mountain_flood/figure/spatial.py,171,1000,"ax.plot([x0 / 1000, x1 / 1000], [y0 / 1000, y1 / 1000],",display/style
code/mountain_flood/figure/spatial.py,171,1000,"ax.plot([x0 / 1000, x1 / 1000], [y0 / 1000, y1 / 1000],",display/style
code/mountain_flood/figure/spatial.py,171,1000,"ax.plot([x0 / 1000, x1 / 1000], [y0 / 1000, y1 / 1000],",display/style
code/mountain_flood/figure/spatial.py,172,2,"[start[2], end[2]], color=COLORS[route[""g""]],",display/style
code/mountain_flood/figure/spatial.py,172,2,"[start[2], end[2]], color=COLORS[route[""g""]],",display/style
code/mountain_flood/figure/spatial.py,201,1.2,"linewidth=1.2, color=""#563E8A"", zorder=18)",display/style
code/mountain_flood/figure/spatial.py,201,18,"linewidth=1.2, color=""#563E8A"", zorder=18)",display/style
code/mountain_flood/figure/spatial.py,203,100,"s=100, marker=""D"", color=""#563E8A"", edgecolor=""white"",",display/style
code/mountain_flood/figure/spatial.py,204,0.8,"linewidth=0.8, depthshade=False, zorder=20)",display/style
code/mountain_flood/figure/spatial.py,204,20,"linewidth=0.8, depthshade=False, zorder=20)",display/style
code/mountain_flood/figure/spatial.py,252,60,"clipped = _segment_in_window(route, segment, start_min * 60, end_min * 60)",display/style
code/mountain_flood/figure/spatial.py,252,60,"clipped = _segment_in_window(route, segment, start_min * 60, end_min * 60)",display/style
code/mountain_flood/figure/spatial.py,258,1.0,"color=COLORS[route[""g""]], linewidth=1.0,",display/style
code/mountain_flood/figure/spatial.py,259,0.85,"alpha=0.85, zorder=8)",display/style
code/mountain_flood/figure/spatial.py,259,8,"alpha=0.85, zorder=8)",display/style
code/mountain_flood/figure/spatial.py,261,60,"if relay[""ready""] < end_min * 60 and relay[""service_end""] > start_min * 60:",display/style
code/mountain_flood/figure/spatial.py,261,60,"if relay[""ready""] < end_min * 60 and relay[""service_end""] > start_min * 60:",display/style
code/mountain_flood/figure/spatial.py,263,1000,"ax.scatter(x / 1000, y / 1000, s=44, marker=""D"",",display/style
code/mountain_flood/figure/spatial.py,263,1000,"ax.scatter(x / 1000, y / 1000, s=44, marker=""D"",",display/style
code/mountain_flood/figure/spatial.py,263,44,"ax.scatter(x / 1000, y / 1000, s=44, marker=""D"",",display/style
code/mountain_flood/figure/spatial.py,264,0.7,"facecolor=""#563E8A"", edgecolor=""white"", linewidth=0.7,",display/style
code/mountain_flood/figure/spatial.py,265,9,zorder=9),display/style
code/mountain_flood/figure/spatial.py,40,0,"distance = model.geo.inv(model.nodes[0][""lon""], model.nodes[0][""lat""],",display/style
code/mountain_flood/figure/spatial.py,40,0,"distance = model.geo.inv(model.nodes[0][""lon""], model.nodes[0][""lat""],",display/style
code/mountain_flood/figure/spatial.py,45,60,"centers.append((float(x), float(y), float(seconds / 60)))",display/style
code/mountain_flood/figure/spatial.py,77,6,"(x, y), numVertices=6, radius=radius, orientation=np.pi / 6,",display/style
code/mountain_flood/figure/spatial.py,79,0.36,"linewidth=0.36 if groups else 0.22, alpha=0.91, zorder=5,",display/style
code/mountain_flood/figure/spatial.py,79,0.22,"linewidth=0.36 if groups else 0.22, alpha=0.91, zorder=5,",display/style
code/mountain_flood/figure/spatial.py,84,0,"ax.scatter(xy[:, 0], xy[:, 1], s=43,",display/style
code/mountain_flood/figure/spatial.py,84,1,"ax.scatter(xy[:, 0], xy[:, 1], s=43,",display/style
code/mountain_flood/figure/spatial.py,88,0,"ax.scatter(model.xy[1:, 0] / 1000, model.xy[1:, 1] / 1000,",display/style
code/mountain_flood/figure/spatial.py,88,1,"ax.scatter(model.xy[1:, 0] / 1000, model.xy[1:, 1] / 1000,",display/style
code/mountain_flood/figure/spatial.py,119,0,"ellipse = Ellipse(center, width=2 * np.sqrt(max(eigenvalues[0], 0)),",display/style
code/mountain_flood/figure/spatial.py,120,1,"height=2 * np.sqrt(max(eigenvalues[1], 0)), angle=angle,",display/style
code/mountain_flood/figure/spatial.py,139,1,"_standard_ellipse(ax, xy, color, f""第{index + 1}组（n={len(xy)}）"")",display/style
code/mountain_flood/figure/spatial.py,140,2,"ax.set_title(f""{'a' if group_count == 2 else 'b'}  {group_count} 组服务点空间分布"", loc=""left"")",display/style
code/mountain_flood/figure/spatial.py,199,1000,"ax.plot([rx / 1000, rx / 1000], [ry / 1000, ry / 1000],",display/style
code/mountain_flood/figure/spatial.py,199,1000,"ax.plot([rx / 1000, rx / 1000], [ry / 1000, ry / 1000],",display/style
code/mountain_flood/figure/spatial.py,199,1000,"ax.plot([rx / 1000, rx / 1000], [ry / 1000, ry / 1000],",display/style
code/mountain_flood/figure/spatial.py,199,1000,"ax.plot([rx / 1000, rx / 1000], [ry / 1000, ry / 1000],",display/style
code/mountain_flood/figure/spatial.py,200,2,"[ground, relay[""pos""][2]], linestyle="":"",",display/style
code/mountain_flood/figure/spatial.py,202,1000,"ax.scatter([rx / 1000], [ry / 1000], [relay[""pos""][2]],",display/style
code/mountain_flood/figure/spatial.py,202,1000,"ax.scatter([rx / 1000], [ry / 1000], [relay[""pos""][2]],",display/style
code/mountain_flood/figure/spatial.py,202,2,"ax.scatter([rx / 1000], [ry / 1000], [relay[""pos""][2]],",display/style
code/mountain_flood/figure/spatial.py,256,1000,"ax.plot([point[0] / 1000 for point in endpoints],",display/style
code/mountain_flood/figure/spatial.py,257,1000,"[point[1] / 1000 for point in endpoints],",display/style
code/mountain_flood/figure/spatial.py,266,97,"ax.set_title(f""{chr(97 + index)}  {start_min}–{end_min} min"", loc=""left"")",display/style
code/mountain_flood/figure/spatial.py,35,0,"model.line_max(model.nodes[0][""lon""], model.nodes[0][""lat""],",display/style
code/mountain_flood/figure/spatial.py,35,0,"model.line_max(model.nodes[0][""lon""], model.nodes[0][""lat""],",display/style
code/mountain_flood/figure/spatial.py,42,0,"seconds = ((max_altitude - model.op[0]) / spec[""vu""]",display/style
code/mountain_flood/figure/spatial.py,62,2,"norm = colors.Normalize(vmin=float(centers[:, 2].min()),",display/style
code/mountain_flood/figure/spatial.py,63,2,"vmax=float(centers[:, 2].max()))",display/style
code/mountain_flood/figure/spatial.py,88,1,"ax.scatter(model.xy[1:, 0] / 1000, model.xy[1:, 1] / 1000,",display/style
code/mountain_flood/figure/spatial.py,88,1,"ax.scatter(model.xy[1:, 0] / 1000, model.xy[1:, 1] / 1000,",display/style
code/mountain_flood/figure/spatial.py,94,2,"f""{'c' if group_count == 2 else 'd'}  {group_count} 组任务分区""),",display/style
code/mountain_flood/figure/spatial.py,197,2,"rx, ry = model.local(*relay[""pos""][:2])",display/style
code/mountain_flood/figure/spatial.py,256,0,"ax.plot([point[0] / 1000 for point in endpoints],",display/style
code/mountain_flood/figure/spatial.py,257,1,"[point[1] / 1000 for point in endpoints],",display/style
code/mountain_flood/figure/spatial.py,262,2,"x, y = model.local(*relay[""pos""][:2])",display/style
code/mountain_flood/figure/spatial.py,54,2,"nearest = np.argmin(np.sum((centers[:, None, :2] - sites[None, :, :]) ** 2, axis=2),",display/style
code/mountain_flood/figure/spatial.py,198,2,"ground = float(model.ground(*relay[""pos""][:2]))",display/style
code/mountain_flood/paths.py,5,2,ROOT = Path(__file__).resolve().parents[2],path/bootstrap
code/mountain_flood/problem1/packing.py,18,1,"for node in range(1,16):",solver/physics/index; inspect context
code/mountain_flood/problem1/packing.py,18,16,"for node in range(1,16):",solver/physics/index; inspect context
code/mountain_flood/problem1/packing.py,15,1,if len(reserves)!=1:raise ValueError('Q1 default reserve requires equal model reserve percentages'),solver/physics/index; inspect context
code/mountain_flood/problem1/packing.py,16,100,rho=reserves.pop()/100,solver/physics/index; inspect context
code/mountain_flood/problem1/packing.py,20,0.0,"lo,hi=0.,float(t['Q'])",solver/physics/index; inspect context
code/mountain_flood/problem1/packing.py,41,3,"best=(float('inf'),)*3;path=()",solver/physics/index; inspect context
code/mountain_flood/problem1/packing.py,52,0,offsets=[0]*len(counts),solver/physics/index; inspect context
code/mountain_flood/problem1/packing.py,22,2,mid=(lo+hi)/2,solver/physics/index; inspect context
code/mountain_flood/problem1/packing.py,50,0,if not math.isfinite(value[0]):,solver/physics/index; inspect context
code/mountain_flood/problem1/packing.py,57,0,"certs.append(dict(node=node,status=0,gap=0.,candidates=len(patterns),states=dp.cache_info().currsize,method='exact_count_state_DP'))",solver/physics/index; inspect context
code/mountain_flood/problem1/packing.py,57,0.0,"certs.append(dict(node=node,status=0,gap=0.,candidates=len(patterns),states=dp.cache_info().currsize,method='exact_count_state_DP'))",solver/physics/index; inspect context
code/mountain_flood/problem1/packing.py,40,0.0,"if not any(state):return (0.,0.,0.),()",solver/physics/index; inspect context
code/mountain_flood/problem1/packing.py,40,0.0,"if not any(state):return (0.,0.,0.),()",solver/physics/index; inspect context
code/mountain_flood/problem1/packing.py,40,0.0,"if not any(state):return (0.,0.,0.),()",solver/physics/index; inspect context
code/mountain_flood/problem1/packing.py,44,0,"if sz[first]==0 or any(a>b for a,b in zip(sz,state)):continue",solver/physics/index; inspect context
code/mountain_flood/problem1/packing.py,23,0,"if m.energy(g,0,node,mid)+m.energy(g,node,0,0)<=(1-rho)*t['E']:lo=mid",solver/physics/index; inspect context
code/mountain_flood/problem1/packing.py,23,0,"if m.energy(g,0,node,mid)+m.energy(g,node,0,0)<=(1-rho)*t['E']:lo=mid",solver/physics/index; inspect context
code/mountain_flood/problem1/packing.py,23,0,"if m.energy(g,0,node,mid)+m.energy(g,node,0,0)<=(1-rho)*t['E']:lo=mid",solver/physics/index; inspect context
code/mountain_flood/problem1/packing.py,23,1,"if m.energy(g,0,node,mid)+m.energy(g,node,0,0)<=(1-rho)*t['E']:lo=mid",solver/physics/index; inspect context
code/mountain_flood/problem1/packing.py,30,1,for sizes in product(*(range(c+1) for c in counts)):,solver/physics/index; inspect context
code/mountain_flood/problem1/packing.py,36,1,"cost=(1,r['energy'],r['duration']) if objective=='count' else ((r['energy'],1,r['duration']) if objective=='energy' else (r['duration'],1,r['energy']))",solver/physics/index; inspect context
code/mountain_flood/problem1/packing.py,51,2,"return dict(routes=[],capacities=capacities,certificates=certs,summary=dict(feasible=False,failed_node=node,status=2,message='Exact count-state dynamic program infeasible'))",solver/physics/index; inspect context
code/mountain_flood/problem1/packing.py,36,1,"cost=(1,r['energy'],r['duration']) if objective=='count' else ((r['energy'],1,r['duration']) if objective=='energy' else (r['duration'],1,r['energy']))",solver/physics/index; inspect context
code/mountain_flood/problem1/packing.py,36,1,"cost=(1,r['energy'],r['duration']) if objective=='count' else ((r['energy'],1,r['duration']) if objective=='energy' else (r['duration'],1,r['energy']))",solver/physics/index; inspect context
code/mountain_flood/problem1/recompute.py,7,0,"sys.path.insert(0, str(_BootstrapPath(__file__).resolve().parents[2]))",path/bootstrap
code/mountain_flood/problem1/recompute.py,14,10,"for pct in (10, 20, 30, 40):",solver/physics/index; inspect context
code/mountain_flood/problem1/recompute.py,14,20,"for pct in (10, 20, 30, 40):",solver/physics/index; inspect context
code/mountain_flood/problem1/recompute.py,14,30,"for pct in (10, 20, 30, 40):",solver/physics/index; inspect context
code/mountain_flood/problem1/recompute.py,14,40,"for pct in (10, 20, 30, 40):",solver/physics/index; inspect context
code/mountain_flood/problem1/recompute.py,7,2,"sys.path.insert(0, str(_BootstrapPath(__file__).resolve().parents[2]))",path/bootstrap
code/mountain_flood/problem1/recompute.py,18,0.2,"save(f'q1_{objective}.json', q1(m, .2, objective))",solver/physics/index; inspect context
code/mountain_flood/problem1/recompute.py,15,100,"save(f'q1_rho{pct}.json', q1(m, pct / 100))",solver/physics/index; inspect context
code/mountain_flood/problem2/search.py,91,0.0,return 0.0,solver/physics/index; inspect context
code/mountain_flood/problem2/search.py,144,0,seen={signature(curr_plan)};tabu={};history=[];iterations=0;evaluated=1,solver/physics/index; inspect context
code/mountain_flood/problem2/search.py,144,1,seen={signature(curr_plan)};tabu={};history=[];iterations=0;evaluated=1,solver/physics/index; inspect context
code/mountain_flood/problem2/search.py,207,6.0,"def refine_timefirst(m, rs, seconds=6.0):",solver/physics/index; inspect context
code/mountain_flood/problem2/search.py,236,1,solver=cp_model.CpSolver();solver.parameters.num_search_workers=1;solver.parameters.random_seed=optimization_parameters()['method_comparison']['cp_sat_seed'],solver/physics/index; inspect context
code/mountain_flood/problem2/search.py,10,0,"sys.path.insert(0, str(_BootstrapPath(__file__).resolve().parents[2]))",path/bootstrap
code/mountain_flood/problem2/search.py,146,1,iterations+=1,solver/physics/index; inspect context
code/mountain_flood/problem2/search.py,233,0,"cmax=model.new_int_var(0,horizon+max(math.ceil(r['duration']) for r in rs),'cmax')",solver/physics/index; inspect context
code/mountain_flood/problem2/search.py,69,0.0,"max(0.0,z['weighted_tardiness']-epsilon.get('weighted_tardiness',math.inf)),",solver/physics/index; inspect context
code/mountain_flood/problem2/search.py,70,0.0,"max(0.0,z['makespan']-epsilon.get('makespan',math.inf)),",solver/physics/index; inspect context
code/mountain_flood/problem2/search.py,100,5,kind=rng.randrange(5),solver/physics/index; inspect context
code/mountain_flood/problem2/search.py,138,100000,rng=random.Random(100000+seed),solver/physics/index; inspect context
code/mountain_flood/problem2/search.py,153,1,"z=rank(routes);evaluated+=1;curr_plan,curr_score=q,z",solver/physics/index; inspect context
code/mountain_flood/problem2/search.py,215,0,"start=model.new_int_var(0,horizon,f's{j}')",solver/physics/index; inspect context
code/mountain_flood/problem2/search.py,216,0,"end=model.new_int_var(0,horizon+duration,f'e{j}')",solver/physics/index; inspect context
code/mountain_flood/problem2/search.py,218,0,"bend=model.new_int_var(0,horizon+duration+recharge,f'be{j}')",solver/physics/index; inspect context
code/mountain_flood/problem2/search.py,240,1.0,"solver.parameters.max_time_in_seconds=max(1.0,seconds/3)",solver/physics/index; inspect context
code/mountain_flood/problem2/search.py,295,2,"check=validate(m,dict(routes=refined),2)",solver/physics/index; inspect context
code/mountain_flood/problem2/search.py,10,2,"sys.path.insert(0, str(_BootstrapPath(__file__).resolve().parents[2]))",path/bootstrap
code/mountain_flood/problem2/search.py,34,0.0,units={g:[0.]*len(m.units[g]) for g in m.types},solver/physics/index; inspect context
code/mountain_flood/problem2/search.py,35,0.0,batteries={g:[0.]*m.types[g]['batteries'] for g in m.types},solver/physics/index; inspect context
code/mountain_flood/problem2/search.py,102,0,if kind==0 and n>1:  # 调整架次执行顺序,solver/physics/index; inspect context
code/mountain_flood/problem2/search.py,102,1,if kind==0 and n>1:  # 调整架次执行顺序,solver/physics/index; inspect context
code/mountain_flood/problem2/search.py,103,2,"i,j=rng.sample(range(n),2);q[i],q[j]=q[j],q[i]",solver/physics/index; inspect context
code/mountain_flood/problem2/search.py,224,100000000.0,if box['deadline']<1e8:model.add(start<=math.floor(box['deadline']-t)),solver/physics/index; inspect context
code/mountain_flood/problem2/search.py,225,0,"delay=model.new_int_var(0,horizon*1000,f'late{j}_{b}')",solver/physics/index; inspect context
code/mountain_flood/problem2/search.py,240,3,"solver.parameters.max_time_in_seconds=max(1.0,seconds/3)",solver/physics/index; inspect context
code/mountain_flood/problem2/search.py,254,0.0,units=[0.]*len(m.units[g]);batteries=[0.]*m.types[g]['batteries'],solver/physics/index; inspect context
code/mountain_flood/problem2/search.py,254,0.0,units=[0.]*len(m.units[g]);batteries=[0.]*m.types[g]['batteries'],solver/physics/index; inspect context
code/mountain_flood/problem2/search.py,259,0,ui=available_units[0];bi=available_batteries[0],solver/physics/index; inspect context
code/mountain_flood/problem2/search.py,259,0,ui=available_units[0];bi=available_batteries[0],solver/physics/index; inspect context
code/mountain_flood/problem2/search.py,274,100,"for trial_seed in range(seed*100,seed*100+optimization_parameters()['route_search']['initial_seed_attempts']):",solver/physics/index; inspect context
code/mountain_flood/problem2/search.py,56,100,return min(r['soc']-m.types[r['g']]['rho']/100 for r in routes),solver/physics/index; inspect context
code/mountain_flood/problem2/search.py,90,1.0,"return (new-old)/max(1.0, abs(old))",solver/physics/index; inspect context
code/mountain_flood/problem2/search.py,104,1,elif kind==1 and n>1:  # 将整箱货物移至另一架次,solver/physics/index; inspect context
code/mountain_flood/problem2/search.py,104,1,elif kind==1 and n>1:  # 将整箱货物移至另一架次,solver/physics/index; inspect context
code/mountain_flood/problem2/search.py,105,2,"i,j=rng.sample(range(n),2);g,a,o=q[i];h,b,p=q[j]",solver/physics/index; inspect context
code/mountain_flood/problem2/search.py,110,2,elif kind==2:  # 将一个货箱拆为单独直送架次,solver/physics/index; inspect context
code/mountain_flood/problem2/search.py,168,1,z=rank(routes);evaluated+=1,solver/physics/index; inspect context
code/mountain_flood/problem2/search.py,225,1000,"delay=model.new_int_var(0,horizon*1000,f'late{j}_{b}')",solver/physics/index; inspect context
code/mountain_flood/problem2/search.py,226,0,"model.add_max_equality(delay,[0,1000*start+round(t*1000)-round(box['due']*1000)])",solver/physics/index; inspect context
code/mountain_flood/problem2/search.py,231,1,"model.add_cumulative([intervals[j] for j in js],[1]*len(js),len(m.units[g]))",solver/physics/index; inspect context
code/mountain_flood/problem2/search.py,232,1,"model.add_cumulative([battery_intervals[j] for j in js],[1]*len(js),m.types[g]['batteries'])",solver/physics/index; inspect context
code/mountain_flood/problem2/search.py,274,100,"for trial_seed in range(seed*100,seed*100+optimization_parameters()['route_search']['initial_seed_attempts']):",solver/physics/index; inspect context
code/mountain_flood/problem2/search.py,298,2,"candidates.append(dict(method='existing_baseline',seed=None,metrics=metrics(m,base),solver={'status':'archived_verified','origin':'prior hill-climbing seed 1 under stricter all-due",solver/physics/index; inspect context
code/mountain_flood/problem2/search.py,299,0,feasible=[x for x in candidates if x['validation']['pass_'] and x['metrics']['hard_violations']==0 and x['metrics']['delivered']==80],solver/physics/index; inspect context
code/mountain_flood/problem2/search.py,299,80,feasible=[x for x in candidates if x['validation']['pass_'] and x['metrics']['hard_violations']==0 and x['metrics']['delivered']==80],solver/physics/index; inspect context
code/mountain_flood/problem2/search.py,112,2,if len(a)<2:continue,solver/physics/index; inspect context
code/mountain_flood/problem2/search.py,118,3,elif kind==3:  # 更换机型或调整服务区访问顺序,solver/physics/index; inspect context
code/mountain_flood/problem2/search.py,149,10000,"fresh=construct(m,seed*10000+iterations,multi=True)",solver/physics/index; inspect context
code/mountain_flood/problem2/search.py,160,1,"candidates.append((rank(routes),q));evaluated+=1",solver/physics/index; inspect context
code/mountain_flood/problem2/search.py,164,0,elif iterations%optimization_parameters()['route_search']['hill_restart_interval']==0:curr_plan=list(best_plan);curr_score=best_score,solver/physics/index; inspect context
code/mountain_flood/problem2/search.py,188,3,"history.append({'iteration':iterations,'elapsed_s':round(time.monotonic()-start,3),'score':best_score})",solver/physics/index; inspect context
code/mountain_flood/problem2/search.py,260,1,r['unit']=m.units[g][ui];r['battery']=f'{g}B{bi+1:02}',solver/physics/index; inspect context
code/mountain_flood/problem2/search.py,45,1,"r.update(id=f'T{index+1:03}',start=start,end=start+r['duration'],unit=m.units[g][ui],battery=f'{g}B{bi+1:02}')",solver/physics/index; inspect context
code/mountain_flood/problem2/search.py,45,1,"r.update(id=f'T{index+1:03}',start=start,end=start+r['duration'],unit=m.units[g][ui],battery=f'{g}B{bi+1:02}')",solver/physics/index; inspect context
code/mountain_flood/problem2/search.py,120,0.5,if rng.random()<.5:,solver/physics/index; inspect context
code/mountain_flood/problem2/search.py,170,1,"temp=max(optimization_parameters()['route_search']['anneal_min_temperature'],1-progress)",solver/physics/index; inspect context
code/mountain_flood/problem2/search.py,173,0,"if delta<=0 or rng.random()<math.exp(-min(700,delta/(scale*temp))):",solver/physics/index; inspect context
code/mountain_flood/problem2/search.py,181,1,sig=signature(q);z=rank(routes);evaluated+=1,solver/physics/index; inspect context
code/mountain_flood/problem2/search.py,228,1000,arrival_terms.append(box['priority']*(1000*start+round(t*1000))),solver/physics/index; inspect context
code/mountain_flood/problem2/search.py,256,1e-06,"available_units=[k for k,t in enumerate(units) if t<=r['start']+1e-6]",solver/physics/index; inspect context
code/mountain_flood/problem2/search.py,257,1e-06,"available_batteries=[k for k,t in enumerate(batteries) if t<=r['start']+1e-6]",solver/physics/index; inspect context
code/mountain_flood/problem2/search.py,117,1,"q.insert(rng.randrange(len(q)+1),direct)",solver/physics/index; inspect context
code/mountain_flood/problem2/search.py,123,2,if len(o)<2:continue,solver/physics/index; inspect context
code/mountain_flood/problem2/search.py,125,4,elif kind==4 and n>1:  # 合并两个架次,solver/physics/index; inspect context
code/mountain_flood/problem2/search.py,125,1,elif kind==4 and n>1:  # 合并两个架次,solver/physics/index; inspect context
code/mountain_flood/problem2/search.py,162,0,"z,q=min(candidates,key=lambda x:x[0])",solver/physics/index; inspect context
code/mountain_flood/problem2/search.py,226,1000,"model.add_max_equality(delay,[0,1000*start+round(t*1000)-round(box['due']*1000)])",solver/physics/index; inspect context
code/mountain_flood/problem2/search.py,226,1000,"model.add_max_equality(delay,[0,1000*start+round(t*1000)-round(box['due']*1000)])",solver/physics/index; inspect context
code/mountain_flood/problem2/search.py,228,1000,arrival_terms.append(box['priority']*(1000*start+round(t*1000))),solver/physics/index; inspect context
code/mountain_flood/problem2/search.py,126,2,"i,j=sorted(rng.sample(range(n),2));g,a,o=q[i];h,b,p=q[j]",solver/physics/index; inspect context
code/mountain_flood/problem2/search.py,226,1000,"model.add_max_equality(delay,[0,1000*start+round(t*1000)-round(box['due']*1000)])",solver/physics/index; inspect context
code/mountain_flood/problem2/search.py,173,700,"if delta<=0 or rng.random()<math.exp(-min(700,delta/(scale*temp))):",solver/physics/index; inspect context
code/mountain_flood/problem2/search.py,182,0,"if tabu.get(sig,0)<=iterations or z<best_score:candidates.append((z,q,sig))",solver/physics/index; inspect context
code/mountain_flood/problem2/search.py,184,0,"z,q,sig=min(candidates,key=lambda x:x[0]);curr_plan,curr_score=q,z",solver/physics/index; inspect context
code/mountain_flood/problem2/search.py,204,1e-07,"if not any(y is not x and all(b<=c+1e-7 for b,c in zip(vector(y),a)) and any(b<c-1e-7 for b,c in zip(vector(y),a)) for y in items):out.append(x)",solver/physics/index; inspect context
code/mountain_flood/problem2/search.py,204,1e-07,"if not any(y is not x and all(b<=c+1e-7 for b,c in zip(vector(y),a)) and any(b<c-1e-7 for b,c in zip(vector(y),a)) for y in items):out.append(x)",solver/physics/index; inspect context
code/mountain_flood/problem2/transport.py,21,0,"def construct(m,seed,multi=True,earliest=0):",solver/physics/index; inspect context
code/mountain_flood/problem2/transport.py,67,15,"def improve_schedule(m,rs,seconds=15,earliest=0,start_after=None):",solver/physics/index; inspect context
code/mountain_flood/problem2/transport.py,67,0,"def improve_schedule(m,rs,seconds=15,earliest=0,start_after=None):",solver/physics/index; inspect context
code/mountain_flood/problem2/transport.py,70,20000,model=cp_model.CpModel();starts=[];ends=[];iv=[];biv=[];horizon=20000,solver/physics/index; inspect context
code/mountain_flood/problem2/transport.py,94,1,solver=cp_model.CpSolver();solver.parameters.max_time_in_seconds=seconds;solver.parameters.num_search_workers=1;solver.parameters.random_seed=optimization_parameters()['method_comp,solver/physics/index; inspect context
code/mountain_flood/problem2/transport.py,117,3,"def relocate_candidates(m,rs,limit=3):",solver/physics/index; inspect context
code/mountain_flood/problem2/transport.py,9,0,"sys.path.insert(0, str(_BootstrapPath(__file__).resolve().parents[2]))",path/bootstrap
code/mountain_flood/problem2/transport.py,25,0.0,units={u:0. for us in m.units.values() for u in us},solver/physics/index; inspect context
code/mountain_flood/problem2/transport.py,29,0,"exp=rng.uniform(p['exponent_min'],p['exponent_max']);energy_weight=rng.uniform(0,p['energy_weight_max'])",solver/physics/index; inspect context
code/mountain_flood/problem2/transport.py,85,0,"makespan=model.new_int_var(0,horizon,'Cmax');model.add_max_equality(makespan,ends)",solver/physics/index; inspect context
code/mountain_flood/problem2/transport.py,182,0.1,"for rho in [.1,.2,.3,.4]:",solver/physics/index; inspect context
code/mountain_flood/problem2/transport.py,182,0.2,"for rho in [.1,.2,.3,.4]:",solver/physics/index; inspect context
code/mountain_flood/problem2/transport.py,182,0.3,"for rho in [.1,.2,.3,.4]:",solver/physics/index; inspect context
code/mountain_flood/problem2/transport.py,182,0.4,"for rho in [.1,.2,.3,.4]:",solver/physics/index; inspect context
code/mountain_flood/problem2/transport.py,24,80,remaining=set(range(80));routes=[],solver/physics/index; inspect context
code/mountain_flood/problem2/transport.py,74,0,"s=model.new_int_var(math.ceil(max(earliest,start_after.get(r['id'],0))),horizon,f's{j}');e=model.new_int_var(0,horizon,f'e{j}')",solver/physics/index; inspect context
code/mountain_flood/problem2/transport.py,76,0,"be=model.new_int_var(0,horizon+5000,f'be{j}')",solver/physics/index; inspect context
code/mountain_flood/problem2/transport.py,187,0.2,"z=q1(m,.2,obj);save(f'q1_{obj}.json',z);print('Q1',obj,z['summary'],flush=True)",solver/physics/index; inspect context
code/mountain_flood/problem2/transport.py,191,24,for seed in range(24):,solver/physics/index; inspect context
code/mountain_flood/problem2/transport.py,199,30,"localbest,cert=improve_schedule(m,localbest,30)",solver/physics/index; inspect context
code/mountain_flood/problem2/transport.py,9,2,"sys.path.insert(0, str(_BootstrapPath(__file__).resolve().parents[2]))",path/bootstrap
code/mountain_flood/problem2/transport.py,26,0.0,"bat={g:[0.]*t['batteries'] for g,t in m.types.items()}",solver/physics/index; inspect context
code/mountain_flood/problem2/transport.py,76,5000,"be=model.new_int_var(0,horizon+5000,f'be{j}')",solver/physics/index; inspect context
code/mountain_flood/problem2/transport.py,80,100000000.0,if m.boxes[int(b)]['deadline']<1e8:model.add(s<=math.floor(m.boxes[int(b)]['deadline']-t)),solver/physics/index; inspect context
code/mountain_flood/problem2/transport.py,89,0,"b=int(b);v=model.new_int_var(0,horizon*1000,'late')",solver/physics/index; inspect context
code/mountain_flood/problem2/transport.py,110,0.0,us=[0.]*len(m.units[g]);bs=[0.]*m.types[g]['batteries'],solver/physics/index; inspect context
code/mountain_flood/problem2/transport.py,110,0.0,us=[0.]*len(m.units[g]);bs=[0.]*m.types[g]['batteries'],solver/physics/index; inspect context
code/mountain_flood/problem2/transport.py,197,0,"if seed%6==0:print('Q2 trial',multi,seed,mm,flush=True)",solver/physics/index; inspect context
code/mountain_flood/problem2/transport.py,83,1,"model.add_cumulative([iv[j] for j in js],[1]*len(js),len(m.units[g]))",solver/physics/index; inspect context
code/mountain_flood/problem2/transport.py,84,1,"model.add_cumulative([biv[j] for j in js],[1]*len(js),m.types[g]['batteries'])",solver/physics/index; inspect context
code/mountain_flood/problem2/transport.py,89,1000,"b=int(b);v=model.new_int_var(0,horizon*1000,'late')",solver/physics/index; inspect context
code/mountain_flood/problem2/transport.py,90,0,"model.add_max_equality(v,[0,1000*starts[j]+round(t*1000)-round(m.boxes[b]['due']*1000)])",solver/physics/index; inspect context
code/mountain_flood/problem2/transport.py,148,0,options.sort(key=lambda item:item[0]),solver/physics/index; inspect context
code/mountain_flood/problem2/transport.py,157,1e-07,"if r['start']+t>m.boxes[b]['due']+1e-7:late.append((r['id'],b))",solver/physics/index; inspect context
code/mountain_flood/problem2/transport.py,197,6,"if seed%6==0:print('Q2 trial',multi,seed,mm,flush=True)",solver/physics/index; inspect context
code/mountain_flood/problem2/transport.py,205,10,"candidate,candidate_cert=improve_schedule(m,trial,10)",solver/physics/index; inspect context
code/mountain_flood/problem2/transport.py,212,40,"candidate,candidate_cert=improve_schedule(m,trial,40)",solver/physics/index; inspect context
code/mountain_flood/problem2/transport.py,61,0,"_,u,bi,start,r=max(choices,key=lambda a:a[0]);g=r['g']",solver/physics/index; inspect context
code/mountain_flood/problem2/transport.py,74,0,"s=model.new_int_var(math.ceil(max(earliest,start_after.get(r['id'],0))),horizon,f's{j}');e=model.new_int_var(0,horizon,f'e{j}')",solver/physics/index; inspect context
code/mountain_flood/problem2/transport.py,113,1,"r['unit']=m.units[g][ui];r['battery']=f'{g}B{bi+1:02}';us[ui]=r['end'];bs[bi]=r['end']+charge(r['soc'],m.types[g]['charge'])",solver/physics/index; inspect context
code/mountain_flood/problem2/transport.py,175,0.0,"extra.update(id=f'T{len(rs)+1:03}',start=0.,end=extra['duration'])",solver/physics/index; inspect context
code/mountain_flood/problem2/transport.py,19,0,"return dict(count=len(rs),energy=sum(r['energy'] for r in rs),makespan=max(r['end'] for r in rs),weighted_tardiness=sum(m.boxes[b]['priority']*max(0,t-m.boxes[b]['due']) for b,t in",solver/physics/index; inspect context
code/mountain_flood/problem2/transport.py,19,1e-06,"return dict(count=len(rs),energy=sum(r['energy'] for r in rs),makespan=max(r['end'] for r in rs),weighted_tardiness=sum(m.boxes[b]['priority']*max(0,t-m.boxes[b]['due']) for b,t in",solver/physics/index; inspect context
code/mountain_flood/problem2/transport.py,62,1,"r.update(start=start,end=start+r['duration'],unit=u,battery=f'{g}B{bi+1:02}',id=f'T{len(routes)+1:03}')",solver/physics/index; inspect context
code/mountain_flood/problem2/transport.py,62,1,"r.update(start=start,end=start+r['duration'],unit=u,battery=f'{g}B{bi+1:02}',id=f'T{len(routes)+1:03}')",solver/physics/index; inspect context
code/mountain_flood/problem2/transport.py,130,3,if len(b['order'])<3 else []),solver/physics/index; inspect context
code/mountain_flood/problem2/transport.py,184,100,"z=q1(m,rho);save(f'q1_rho{int(rho*100)}.json',z);print('Q1',rho,z['summary'],flush=True)",solver/physics/index; inspect context
code/mountain_flood/problem2/transport.py,90,1000,"model.add_max_equality(v,[0,1000*starts[j]+round(t*1000)-round(m.boxes[b]['due']*1000)])",solver/physics/index; inspect context
code/mountain_flood/problem2/transport.py,90,1000,"model.add_max_equality(v,[0,1000*starts[j]+round(t*1000)-round(m.boxes[b]['due']*1000)])",solver/physics/index; inspect context
code/mountain_flood/problem2/transport.py,112,1e-06,"ui=next(i for i,t in enumerate(us) if t<=r['start']+1e-6);bi=next(i for i,t in enumerate(bs) if t<=r['start']+1e-6)",solver/physics/index; inspect context
code/mountain_flood/problem2/transport.py,112,1e-06,"ui=next(i for i,t in enumerate(us) if t<=r['start']+1e-6);bi=next(i for i,t in enumerate(bs) if t<=r['start']+1e-6)",solver/physics/index; inspect context
code/mountain_flood/problem2/transport.py,55,0,"_,b,r=max(add,key=lambda a:a[0]);ids.append(b)",solver/physics/index; inspect context
code/mountain_flood/problem2/transport.py,56,1,benefit=sum(m.boxes[b]['priority']*(p['hard_priority_multiplier'] if m.boxes[b]['deadline']<1e8 else 1)*jitter[b] for b in ids),solver/physics/index; inspect context
code/mountain_flood/problem2/transport.py,57,0,"late=sum(m.boxes[b]['priority']*max(0,start+t-m.boxes[b]['due'])/p['tardiness_divisor_s'] for b,t in r['deliver'].items())",solver/physics/index; inspect context
code/mountain_flood/problem2/transport.py,90,1000,"model.add_max_equality(v,[0,1000*starts[j]+round(t*1000)-round(m.boxes[b]['due']*1000)])",solver/physics/index; inspect context
code/mountain_flood/problem2/transport.py,175,1,"extra.update(id=f'T{len(rs)+1:03}',start=0.,end=extra['duration'])",solver/physics/index; inspect context
code/mountain_flood/problem2/transport.py,183,100,if (RESULT/f'q1_rho{int(rho*100)}.json').exists():continue,solver/physics/index; inspect context
code/mountain_flood/problem2/transport.py,34,100000000.0,"seeds=sorted(remaining,key=lambda i:(m.boxes[i]['deadline'] if m.boxes[i]['deadline']<1e8 else m.boxes[i]['due']+p['soft_due_offset_s'])*jitter[i])[:p['seed_shortlist']]",solver/physics/index; inspect context
code/mountain_flood/problem2/transport.py,51,1,benefit=m.boxes[b]['priority']*(p['hard_priority_multiplier'] if m.boxes[b]['deadline']<1e8 else 1)*jitter[b],solver/physics/index; inspect context
code/mountain_flood/problem2/transport.py,56,100000000.0,benefit=sum(m.boxes[b]['priority']*(p['hard_priority_multiplier'] if m.boxes[b]['deadline']<1e8 else 1)*jitter[b] for b in ids),solver/physics/index; inspect context
code/mountain_flood/problem2/transport.py,129,1,[b['order'][:k]+[node]+b['order'][k:] for k in range(len(b['order'])+1)],solver/physics/index; inspect context
code/mountain_flood/problem2/transport.py,46,1,orders=[order] if node in order else [order[:j]+[node]+order[j:] for j in range(len(order)+1)],solver/physics/index; inspect context
code/mountain_flood/problem2/transport.py,51,100000000.0,benefit=m.boxes[b]['priority']*(p['hard_priority_multiplier'] if m.boxes[b]['deadline']<1e8 else 1)*jitter[b],solver/physics/index; inspect context
code/mountain_flood/problem3/communication.py,65,150,"def sample_segments(rs,step=150):",solver/physics/index; inspect context
code/mountain_flood/problem3/communication.py,9,0,"sys.path.insert(0, str(_BootstrapPath(__file__).resolve().parents[2]))",path/bootstrap
code/mountain_flood/problem3/communication.py,17,0,"n=m.nodes[0];return [n['lon'],n['lat'],n['z']+m.comm['gateway_height_m']]",solver/physics/index; inspect context
code/mountain_flood/problem3/communication.py,33,1e-15,if abs(det)<1e-15:,solver/physics/index; inspect context
code/mountain_flood/problem3/communication.py,43,0,"c0=max(0,int(math.floor(cols.min()))-1);c1=min(m.dem.shape[1],int(math.ceil(cols.max()))+1)",solver/physics/index; inspect context
code/mountain_flood/problem3/communication.py,44,0,"r0=max(0,int(math.floor(rows_.min()))-1);r1=min(m.dem.shape[0],int(math.ceil(rows_.max()))+1)",solver/physics/index; inspect context
code/mountain_flood/problem3/communication.py,57,0,"t=m.relay;o=m.nodes[0];h=max(m.line_max(o['lon'],o['lat'],lon,lat)+m.parameters['terrain_clearance_m'],z)",solver/physics/index; inspect context
code/mountain_flood/problem3/communication.py,58,2,"d=m.geo.inv(o['lon'],o['lat'],lon,lat)[2]",solver/physics/index; inspect context
code/mountain_flood/problem3/communication.py,76,200,"pts,meta=sample_segments(rs,200);gw=gateway(m)",solver/physics/index; inspect context
code/mountain_flood/problem3/communication.py,95,2,"for a,b in combinations(range(len(candidates)),2):",solver/physics/index; inspect context
code/mountain_flood/problem3/communication.py,27,32.45,"fspl=32.45+20*math.log10(m.comm['frequency_mhz'])+20*math.log10(max(max(ds)/1000,1e-6))",solver/physics/index; inspect context
code/mountain_flood/problem3/communication.py,27,20,"fspl=32.45+20*math.log10(m.comm['frequency_mhz'])+20*math.log10(max(max(ds)/1000,1e-6))",solver/physics/index; inspect context
code/mountain_flood/problem3/communication.py,35,1e-12,if np.linalg.norm(ab)<1e-12:,solver/physics/index; inspect context
code/mountain_flood/problem3/communication.py,43,1,"c0=max(0,int(math.floor(cols.min()))-1);c1=min(m.dem.shape[1],int(math.ceil(cols.max()))+1)",solver/physics/index; inspect context
code/mountain_flood/problem3/communication.py,43,1,"c0=max(0,int(math.floor(cols.min()))-1);c1=min(m.dem.shape[1],int(math.ceil(cols.max()))+1)",solver/physics/index; inspect context
code/mountain_flood/problem3/communication.py,43,1,"c0=max(0,int(math.floor(cols.min()))-1);c1=min(m.dem.shape[1],int(math.ceil(cols.max()))+1)",solver/physics/index; inspect context
code/mountain_flood/problem3/communication.py,44,1,"r0=max(0,int(math.floor(rows_.min()))-1);r1=min(m.dem.shape[0],int(math.ceil(rows_.max()))+1)",solver/physics/index; inspect context
code/mountain_flood/problem3/communication.py,44,0,"r0=max(0,int(math.floor(rows_.min()))-1);r1=min(m.dem.shape[0],int(math.ceil(rows_.max()))+1)",solver/physics/index; inspect context
code/mountain_flood/problem3/communication.py,44,1,"r0=max(0,int(math.floor(rows_.min()))-1);r1=min(m.dem.shape[0],int(math.ceil(rows_.max()))+1)",solver/physics/index; inspect context
code/mountain_flood/problem3/communication.py,52,2,z-=abs(slopes[0]*m.tf.a)/2+abs(slopes[1]*m.tf.e)/2,solver/physics/index; inspect context
code/mountain_flood/problem3/communication.py,52,2,z-=abs(slopes[0]*m.tf.a)/2+abs(slopes[1]*m.tf.e)/2,solver/physics/index; inspect context
code/mountain_flood/problem3/communication.py,61,3600,e=2*t['cruise_power']*d/t['vc']/3600+t['mass']*m.parameters['gravity_m_s2']*((h-o['z'])+(h-z))/(t['eta']*3.6e6),solver/physics/index; inspect context
code/mountain_flood/problem3/communication.py,99,0,"print('relay grid',len(candidates),'required points',len(pts),'best',best[0],flush=True)",solver/physics/index; inspect context
code/mountain_flood/problem3/communication.py,9,2,"sys.path.insert(0, str(_BootstrapPath(__file__).resolve().parents[2]))",path/bootstrap
code/mountain_flood/problem3/communication.py,27,20,"fspl=32.45+20*math.log10(m.comm['frequency_mhz'])+20*math.log10(max(max(ds)/1000,1e-6))",solver/physics/index; inspect context
code/mountain_flood/problem3/communication.py,29,1.0,"if fspl>threshold:return -1.,'distance'",solver/physics/index; inspect context
code/mountain_flood/problem3/communication.py,31,2,ab=b[:2]-a[:2];af=f[:2]-a[:2],solver/physics/index; inspect context
code/mountain_flood/problem3/communication.py,31,2,ab=b[:2]-a[:2];af=f[:2]-a[:2],solver/physics/index; inspect context
code/mountain_flood/problem3/communication.py,31,2,ab=b[:2]-a[:2];af=f[:2]-a[:2],solver/physics/index; inspect context
code/mountain_flood/problem3/communication.py,31,2,ab=b[:2]-a[:2];af=f[:2]-a[:2],solver/physics/index; inspect context
code/mountain_flood/problem3/communication.py,32,0,det=ab[0]*af[1]-ab[1]*af[0],solver/physics/index; inspect context
code/mountain_flood/problem3/communication.py,32,1,det=ab[0]*af[1]-ab[1]*af[0],solver/physics/index; inspect context
code/mountain_flood/problem3/communication.py,32,1,det=ab[0]*af[1]-ab[1]*af[0],solver/physics/index; inspect context
code/mountain_flood/problem3/communication.py,32,0,det=ab[0]*af[1]-ab[1]*af[0],solver/physics/index; inspect context
code/mountain_flood/problem3/communication.py,38,1.0,"return -1.,'degenerate'",solver/physics/index; inspect context
code/mountain_flood/problem3/communication.py,50,0.5,lon=m.tf.c+(c0+cc+.5)*m.tf.a;lat=m.tf.f+(r0+rr+.5)*m.tf.e,solver/physics/index; inspect context
code/mountain_flood/problem3/communication.py,50,0.5,lon=m.tf.c+(c0+cc+.5)*m.tf.a;lat=m.tf.f+(r0+rr+.5)*m.tf.e,solver/physics/index; inspect context
code/mountain_flood/problem3/communication.py,51,2,z=a[2]+slopes[0]*(lon-a[0])+slopes[1]*(lat-a[1]),solver/physics/index; inspect context
code/mountain_flood/problem3/communication.py,51,1,z=a[2]+slopes[0]*(lon-a[0])+slopes[1]*(lat-a[1]),solver/physics/index; inspect context
code/mountain_flood/problem3/communication.py,53,1e-08,"clear=np.all(m.dem[r0+rr,c0+cc]<=z+1e-8)",solver/physics/index; inspect context
code/mountain_flood/problem3/communication.py,54,1.0,"return (threshold-fspl,'swept_LOS') if clear else (-1.,'unproven')",solver/physics/index; inspect context
code/mountain_flood/problem3/communication.py,61,3600000.0,e=2*t['cruise_power']*d/t['vc']/3600+t['mass']*m.parameters['gravity_m_s2']*((h-o['z'])+(h-z))/(t['eta']*3.6e6),solver/physics/index; inspect context
code/mountain_flood/problem3/communication.py,70,1,"n=max(1,math.ceil((s['end']-s['start'])*15/step)) if s['phase']!='交接' else 1",solver/physics/index; inspect context
code/mountain_flood/problem3/communication.py,71,0,"for f in np.linspace(0,1,n+1):",solver/physics/index; inspect context
code/mountain_flood/problem3/communication.py,71,1,"for f in np.linspace(0,1,n+1):",solver/physics/index; inspect context
code/mountain_flood/problem3/communication.py,101,1,"return [candidates[best[1]],candidates[best[2]]]",solver/physics/index; inspect context
code/mountain_flood/problem3/communication.py,101,2,"return [candidates[best[1]],candidates[best[2]]]",solver/physics/index; inspect context
code/mountain_flood/problem3/communication.py,107,0,"def split(f0,f1,depth=0):",solver/physics/index; inspect context
code/mountain_flood/problem3/communication.py,126,0,if dur>0:,solver/physics/index; inspect context
code/mountain_flood/problem3/communication.py,26,2,"ds=[math.hypot(m.geo.inv(p[0],p[1],fixed[0],fixed[1])[2]*factor,p[2]-fixed[2]) for p in [a,b]]",solver/physics/index; inspect context
code/mountain_flood/problem3/communication.py,26,2,"ds=[math.hypot(m.geo.inv(p[0],p[1],fixed[0],fixed[1])[2]*factor,p[2]-fixed[2]) for p in [a,b]]",solver/physics/index; inspect context
code/mountain_flood/problem3/communication.py,26,2,"ds=[math.hypot(m.geo.inv(p[0],p[1],fixed[0],fixed[1])[2]*factor,p[2]-fixed[2]) for p in [a,b]]",solver/physics/index; inspect context
code/mountain_flood/problem3/communication.py,27,1e-06,"fspl=32.45+20*math.log10(m.comm['frequency_mhz'])+20*math.log10(max(max(ds)/1000,1e-6))",solver/physics/index; inspect context
code/mountain_flood/problem3/communication.py,41,2,"xy=np.array([a[:2],b[:2],f[:2]])",solver/physics/index; inspect context
code/mountain_flood/problem3/communication.py,41,2,"xy=np.array([a[:2],b[:2],f[:2]])",solver/physics/index; inspect context
code/mountain_flood/problem3/communication.py,41,2,"xy=np.array([a[:2],b[:2],f[:2]])",solver/physics/index; inspect context
code/mountain_flood/problem3/communication.py,42,0,"cols=(xy[:,0]-m.tf.c)/m.tf.a;rows_=(xy[:,1]-m.tf.f)/m.tf.e",solver/physics/index; inspect context
code/mountain_flood/problem3/communication.py,42,1,"cols=(xy[:,0]-m.tf.c)/m.tf.a;rows_=(xy[:,1]-m.tf.f)/m.tf.e",solver/physics/index; inspect context
code/mountain_flood/problem3/communication.py,51,0,z=a[2]+slopes[0]*(lon-a[0])+slopes[1]*(lat-a[1]),solver/physics/index; inspect context
code/mountain_flood/problem3/communication.py,51,1,z=a[2]+slopes[0]*(lon-a[0])+slopes[1]*(lat-a[1]),solver/physics/index; inspect context
code/mountain_flood/problem3/communication.py,70,1,"n=max(1,math.ceil((s['end']-s['start'])*15/step)) if s['phase']!='交接' else 1",solver/physics/index; inspect context
code/mountain_flood/problem3/communication.py,71,1,"for f in np.linspace(0,1,n+1):",solver/physics/index; inspect context
code/mountain_flood/problem3/communication.py,86,1,"coords.extend(map(tuple,m.xy[1:]))",solver/physics/index; inspect context
code/mountain_flood/problem3/communication.py,98,0,"if best is None or score<best[0]:best=(score,a,b)",solver/physics/index; inspect context
code/mountain_flood/problem3/communication.py,100,0,"save('relay_search.json',dict(required_points=len(pts),candidates=len(candidates),best_score=best[0],selected=[candidates[best[1]],candidates[best[2]]]))",solver/physics/index; inspect context
code/mountain_flood/problem3/communication.py,125,0,"dur=s['end']-s['start'];cuts=list(np.linspace(0,1,max(1,math.ceil(dur/optimization_parameters()['communication_certificate']['step_s']))+1))",solver/physics/index; inspect context
code/mountain_flood/problem3/communication.py,125,1,"dur=s['end']-s['start'];cuts=list(np.linspace(0,1,max(1,math.ceil(dur/optimization_parameters()['communication_certificate']['step_s']))+1))",solver/physics/index; inspect context
code/mountain_flood/problem3/communication.py,133,1,"if verbose:print('certified',ri+1,'/',len(rs),'fail',len(fails),flush=True)",solver/physics/index; inspect context
code/mountain_flood/problem3/communication.py,27,1000,"fspl=32.45+20*math.log10(m.comm['frequency_mhz'])+20*math.log10(max(max(ds)/1000,1e-6))",solver/physics/index; inspect context
code/mountain_flood/problem3/communication.py,36,2,low=a if a[2]<=b[2] else b,solver/physics/index; inspect context
code/mountain_flood/problem3/communication.py,36,2,low=a if a[2]<=b[2] else b,solver/physics/index; inspect context
code/mountain_flood/problem3/communication.py,37,1.0,"return (threshold-fspl,'vertical_LOS') if not m.blocked(low,f) else (-1.,'blocked')",solver/physics/index; inspect context
code/mountain_flood/problem3/communication.py,47,1,"mask=rasterize([(geom,1)],out_shape=(r1-r0,c1-c0),transform=tf,all_touched=True).astype(bool)",solver/physics/index; inspect context
code/mountain_flood/problem3/communication.py,49,2,"slopes=np.linalg.solve(np.array([ab,af]),np.array([b[2]-a[2],f[2]-a[2]]))",solver/physics/index; inspect context
code/mountain_flood/problem3/communication.py,49,2,"slopes=np.linalg.solve(np.array([ab,af]),np.array([b[2]-a[2],f[2]-a[2]]))",solver/physics/index; inspect context
code/mountain_flood/problem3/communication.py,49,2,"slopes=np.linalg.solve(np.array([ab,af]),np.array([b[2]-a[2],f[2]-a[2]]))",solver/physics/index; inspect context
code/mountain_flood/problem3/communication.py,49,2,"slopes=np.linalg.solve(np.array([ab,af]),np.array([b[2]-a[2],f[2]-a[2]]))",solver/physics/index; inspect context
code/mountain_flood/problem3/communication.py,51,0,z=a[2]+slopes[0]*(lon-a[0])+slopes[1]*(lat-a[1]),solver/physics/index; inspect context
code/mountain_flood/problem3/communication.py,52,0,z-=abs(slopes[0]*m.tf.a)/2+abs(slopes[1]*m.tf.e)/2,solver/physics/index; inspect context
code/mountain_flood/problem3/communication.py,52,1,z-=abs(slopes[0]*m.tf.a)/2+abs(slopes[1]*m.tf.e)/2,solver/physics/index; inspect context
code/mountain_flood/problem3/communication.py,61,2,e=2*t['cruise_power']*d/t['vc']/3600+t['mass']*m.parameters['gravity_m_s2']*((h-o['z'])+(h-z))/(t['eta']*3.6e6),solver/physics/index; inspect context
code/mountain_flood/problem3/communication.py,63,3600,"return dict(out=out,ret=ret,fly_energy=e,ready=t['prep']+out+t['link_setup'],max_service=((1-t['rho']/100)*t['E']-e)*3600/service_power-t['link_setup'])",solver/physics/index; inspect context
code/mountain_flood/problem3/communication.py,115,0,if margin>=0:,solver/physics/index; inspect context
code/mountain_flood/problem3/communication.py,123,2,"mid=(f0+f1)/2;split(f0,mid,depth+1);split(mid,f1,depth+1)",solver/physics/index; inspect context
code/mountain_flood/problem3/communication.py,125,1,"dur=s['end']-s['start'];cuts=list(np.linspace(0,1,max(1,math.ceil(dur/optimization_parameters()['communication_certificate']['step_s']))+1))",solver/physics/index; inspect context
code/mountain_flood/problem3/communication.py,132,1,"for f0,f1 in zip(cuts[:-1],cuts[1:]):split(f0,f1)",solver/physics/index; inspect context
code/mountain_flood/problem3/communication.py,26,0,"ds=[math.hypot(m.geo.inv(p[0],p[1],fixed[0],fixed[1])[2]*factor,p[2]-fixed[2]) for p in [a,b]]",solver/physics/index; inspect context
code/mountain_flood/problem3/communication.py,26,1,"ds=[math.hypot(m.geo.inv(p[0],p[1],fixed[0],fixed[1])[2]*factor,p[2]-fixed[2]) for p in [a,b]]",solver/physics/index; inspect context
code/mountain_flood/problem3/communication.py,26,0,"ds=[math.hypot(m.geo.inv(p[0],p[1],fixed[0],fixed[1])[2]*factor,p[2]-fixed[2]) for p in [a,b]]",solver/physics/index; inspect context
code/mountain_flood/problem3/communication.py,26,1,"ds=[math.hypot(m.geo.inv(p[0],p[1],fixed[0],fixed[1])[2]*factor,p[2]-fixed[2]) for p in [a,b]]",solver/physics/index; inspect context
code/mountain_flood/problem3/communication.py,100,1,"save('relay_search.json',dict(required_points=len(pts),candidates=len(candidates),best_score=best[0],selected=[candidates[best[1]],candidates[best[2]]]))",solver/physics/index; inspect context
code/mountain_flood/problem3/communication.py,100,2,"save('relay_search.json',dict(required_points=len(pts),candidates=len(candidates),best_score=best[0],selected=[candidates[best[1]],candidates[best[2]]]))",solver/physics/index; inspect context
code/mountain_flood/problem3/communication.py,123,1,"mid=(f0+f1)/2;split(f0,mid,depth+1);split(mid,f1,depth+1)",solver/physics/index; inspect context
code/mountain_flood/problem3/communication.py,123,1,"mid=(f0+f1)/2;split(f0,mid,depth+1);split(mid,f1,depth+1)",solver/physics/index; inspect context
code/mountain_flood/problem3/communication.py,125,1,"dur=s['end']-s['start'];cuts=list(np.linspace(0,1,max(1,math.ceil(dur/optimization_parameters()['communication_certificate']['step_s']))+1))",solver/physics/index; inspect context
code/mountain_flood/problem3/communication.py,130,0,if 0<frac<1:cuts.append(frac),solver/physics/index; inspect context
code/mountain_flood/problem3/communication.py,130,1,if 0<frac<1:cuts.append(frac),solver/physics/index; inspect context
code/mountain_flood/problem3/communication.py,132,1,"for f0,f1 in zip(cuts[:-1],cuts[1:]):split(f0,f1)",solver/physics/index; inspect context
code/mountain_flood/problem3/communication.py,46,2,"geom={'type':'Polygon','coordinates':[[a[:2].tolist(),b[:2].tolist(),f[:2].tolist(),a[:2].tolist()]]}",solver/physics/index; inspect context
code/mountain_flood/problem3/communication.py,46,2,"geom={'type':'Polygon','coordinates':[[a[:2].tolist(),b[:2].tolist(),f[:2].tolist(),a[:2].tolist()]]}",solver/physics/index; inspect context
code/mountain_flood/problem3/communication.py,46,2,"geom={'type':'Polygon','coordinates':[[a[:2].tolist(),b[:2].tolist(),f[:2].tolist(),a[:2].tolist()]]}",solver/physics/index; inspect context
code/mountain_flood/problem3/communication.py,46,2,"geom={'type':'Polygon','coordinates':[[a[:2].tolist(),b[:2].tolist(),f[:2].tolist(),a[:2].tolist()]]}",solver/physics/index; inspect context
code/mountain_flood/problem3/communication.py,70,15,"n=max(1,math.ceil((s['end']-s['start'])*15/step)) if s['phase']!='交接' else 1",solver/physics/index; inspect context
code/mountain_flood/problem3/communication.py,118,1,if provider=='G01' and margin>=1:break,solver/physics/index; inspect context
code/mountain_flood/problem3/communication.py,63,1,"return dict(out=out,ret=ret,fly_energy=e,ready=t['prep']+out+t['link_setup'],max_service=((1-t['rho']/100)*t['E']-e)*3600/service_power-t['link_setup'])",solver/physics/index; inspect context
code/mountain_flood/problem3/communication.py,116,0,"if best is None or margin>best[0]:best=(margin,method,provider,mission)",solver/physics/index; inspect context
code/mountain_flood/problem3/communication.py,63,100,"return dict(out=out,ret=ret,fly_energy=e,ready=t['prep']+out+t['link_setup'],max_service=((1-t['rho']/100)*t['E']-e)*3600/service_power-t['link_setup'])",solver/physics/index; inspect context
code/mountain_flood/problem3/communication.py,111,1e-07,"options=[('G01',gw,m.comm['thresholds_db']['direct'],None)]+[(v['unit'],v['pos'],m.comm['thresholds_db']['access'],v['id']) for v in relays if t0>=v['ready']-1e-7 and t1<=v['servic",solver/physics/index; inspect context
code/mountain_flood/problem3/communication.py,111,1e-07,"options=[('G01',gw,m.comm['thresholds_db']['direct'],None)]+[(v['unit'],v['pos'],m.comm['thresholds_db']['access'],v['id']) for v in relays if t0>=v['ready']-1e-7 and t1<=v['servic",solver/physics/index; inspect context
code/mountain_flood/problem3/communication.py,124,2,"else:fails.append(dict(route=r['id'],phase=s['phase'],time=[t0,t1],pos=((p+q)/2).tolist()))",solver/physics/index; inspect context
code/mountain_flood/problem3/hard_deadline.py,42,45,"def solve_choices(m, routes, relays, seconds=45, verbose=False, objective='arrival', due_buffer=0.):",solver/physics/index; inspect context
code/mountain_flood/problem3/hard_deadline.py,42,0.0,"def solve_choices(m, routes, relays, seconds=45, verbose=False, objective='arrival', due_buffer=0.):",solver/physics/index; inspect context
code/mountain_flood/problem3/hard_deadline.py,105,1,solver.parameters.num_search_workers = 1,solver/physics/index; inspect context
code/mountain_flood/problem3/hard_deadline.py,10,0,"sys.path.insert(0, str(_BootstrapPath(__file__).resolve().parents[2]))",path/bootstrap
code/mountain_flood/problem3/hard_deadline.py,134,3,"check = validate(m, out, 3)",solver/physics/index; inspect context
code/mountain_flood/problem3/hard_deadline.py,98,0,"cmax = cp.new_int_var(0, 30000, 'joint_makespan')",solver/physics/index; inspect context
code/mountain_flood/problem3/hard_deadline.py,98,30000,"cmax = cp.new_int_var(0, 30000, 'joint_makespan')",solver/physics/index; inspect context
code/mountain_flood/problem3/hard_deadline.py,157,45,"ap.add_argument('--seconds', type=int, default=45)",solver/physics/index; inspect context
code/mountain_flood/problem3/hard_deadline.py,159,0.0,"ap.add_argument('--buffer', type=float, default=0.)",solver/physics/index; inspect context
code/mountain_flood/problem3/hard_deadline.py,10,2,"sys.path.insert(0, str(_BootstrapPath(__file__).resolve().parents[2]))",path/bootstrap
code/mountain_flood/problem3/hard_deadline.py,65,0,"end = cp.new_int_var(0, 30000, f'end_{j}_{g}')",solver/physics/index; inspect context
code/mountain_flood/problem3/hard_deadline.py,65,30000,"end = cp.new_int_var(0, 30000, f'end_{j}_{g}')",solver/physics/index; inspect context
code/mountain_flood/problem3/hard_deadline.py,66,0,"battery_end = cp.new_int_var(0, 40000, f'battery_end_{j}_{g}')",solver/physics/index; inspect context
code/mountain_flood/problem3/hard_deadline.py,66,40000,"battery_end = cp.new_int_var(0, 40000, f'battery_end_{j}_{g}')",solver/physics/index; inspect context
code/mountain_flood/problem3/hard_deadline.py,71,0,"active_start = cp.new_int_var(0, 30000, f'active_{j}_{g}')",solver/physics/index; inspect context
code/mountain_flood/problem3/hard_deadline.py,71,30000,"active_start = cp.new_int_var(0, 30000, f'active_{j}_{g}')",solver/physics/index; inspect context
code/mountain_flood/problem3/hard_deadline.py,74,0,"active_end = cp.new_int_var(0, 30000, f'active_end_{j}_{g}')",solver/physics/index; inspect context
code/mountain_flood/problem3/hard_deadline.py,74,30000,"active_end = cp.new_int_var(0, 30000, f'active_end_{j}_{g}')",solver/physics/index; inspect context
code/mountain_flood/problem3/hard_deadline.py,120,0.0,free_units = [0.] * len(m.units[g]),solver/physics/index; inspect context
code/mountain_flood/problem3/hard_deadline.py,121,0.0,free_batteries = [0.] * m.types[g]['batteries'],solver/physics/index; inspect context
code/mountain_flood/problem3/hard_deadline.py,37,0.0,"part.update(id=r['id'] + chr(97 + k), start=0., end=part['duration'])",solver/physics/index; inspect context
code/mountain_flood/problem3/hard_deadline.py,86,1,"cp.add_hint(presence, 1)",solver/physics/index; inspect context
code/mountain_flood/problem3/hard_deadline.py,95,1,"cp.add_cumulative([v['interval'] for v in group], [1] * len(group), len(m.units[g]))",solver/physics/index; inspect context
code/mountain_flood/problem3/hard_deadline.py,96,1,"cp.add_cumulative([v['battery_interval'] for v in group], [1] * len(group), m.types[g]['batteries'])",solver/physics/index; inspect context
code/mountain_flood/problem3/hard_deadline.py,126,1,r['battery'] = f'{g}B{bi+1:02}',solver/physics/index; inspect context
code/mountain_flood/problem3/hard_deadline.py,136,20,"if verbose: print('validation failures', check['errors'][:20], flush=True)",solver/physics/index; inspect context
code/mountain_flood/problem3/hard_deadline.py,57,1e-07,last_start = math.floor(m.boxes[int(b)]['deadline'] - delivery_offset - due_buffer + 1e-7),solver/physics/index; inspect context
code/mountain_flood/problem3/hard_deadline.py,73,0,cp.add(active_start == 0).only_enforce_if(presence.Not()),solver/physics/index; inspect context
code/mountain_flood/problem3/hard_deadline.py,76,0,cp.add(active_end == 0).only_enforce_if(presence.Not()),solver/physics/index; inspect context
code/mountain_flood/problem3/hard_deadline.py,79,1000,arrival_terms.append(1000 * weight * active_start + round(1000 * offset) * presence),solver/physics/index; inspect context
code/mountain_flood/problem3/hard_deadline.py,37,97,"part.update(id=r['id'] + chr(97 + k), start=0., end=part['duration'])",solver/physics/index; inspect context
code/mountain_flood/problem3/hard_deadline.py,58,0,"domains = intersect(domains, [(0, last_start)])",solver/physics/index; inspect context
code/mountain_flood/problem3/hard_deadline.py,79,1000,arrival_terms.append(1000 * weight * active_start + round(1000 * offset) * presence),solver/physics/index; inspect context
code/mountain_flood/problem3/hard_deadline.py,123,1e-06,"ui = next(i for i, t in enumerate(free_units) if t <= r['start'] + 1e-6)",solver/physics/index; inspect context
code/mountain_flood/problem3/hard_deadline.py,124,1e-06,"bi = next(i for i, t in enumerate(free_batteries) if t <= r['start'] + 1e-6)",solver/physics/index; inspect context
code/mountain_flood/problem3/joint_solver.py,59,4,"def northern_sites(m,routes,west,east,limit=4):",solver/physics/index; inspect context
code/mountain_flood/problem3/joint_solver.py,9,0,"sys.path.insert(0, str(_BootstrapPath(__file__).resolve().parents[2]))",path/bootstrap
code/mountain_flood/problem3/joint_solver.py,30,1,"for n in range(1,16):groups.setdefault(find(n),[]).append(n)",solver/physics/index; inspect context
code/mountain_flood/problem3/joint_solver.py,30,16,"for n in range(1,16):groups.setdefault(find(n),[]).append(n)",solver/physics/index; inspect context
code/mountain_flood/problem3/joint_solver.py,36,3,if len(existing)>=3:,solver/physics/index; inspect context
code/mountain_flood/problem3/joint_solver.py,60,200,"pts,_=sample_segments(routes,200);gw=gateway(m)",solver/physics/index; inspect context
code/mountain_flood/problem3/joint_solver.py,105,30,final_end=max(r['end'] for r in data['routes'])+30,solver/physics/index; inspect context
code/mountain_flood/problem3/joint_solver.py,186,3,"check=validate(m,data,3)",solver/physics/index; inspect context
code/mountain_flood/problem3/joint_solver.py,20,16,parent=list(range(16)),solver/physics/index; inspect context
code/mountain_flood/problem3/joint_solver.py,40,2,if len(r['order'])<2:continue,solver/physics/index; inspect context
code/mountain_flood/problem3/joint_solver.py,50,3,if len(components(trial))<3:continue,solver/physics/index; inspect context
code/mountain_flood/problem3/joint_solver.py,91,0,"if not add(0,'R01',0,west_end,'RP01','RB01'):return None",solver/physics/index; inspect context
code/mountain_flood/problem3/joint_solver.py,91,0,"if not add(0,'R01',0,west_end,'RP01','RB01'):return None",solver/physics/index; inspect context
code/mountain_flood/problem3/joint_solver.py,92,1,"if not add(1,'R02',0,east_end,'RP02','RB02'):return None",solver/physics/index; inspect context
code/mountain_flood/problem3/joint_solver.py,92,0,"if not add(1,'R02',0,east_end,'RP02','RB02'):return None",solver/physics/index; inspect context
code/mountain_flood/problem3/joint_solver.py,93,2,"if not add(2,'R02',missions[1]['end']+m.relay['turnaround'],north_end,'RP03','RB03'):return None",solver/physics/index; inspect context
code/mountain_flood/problem3/joint_solver.py,94,0,"if not add(0,'R01',missions[0]['end']+m.relay['turnaround'],late_end,'RP04','RB04'):return None",solver/physics/index; inspect context
code/mountain_flood/problem3/joint_solver.py,95,1,"if not add(1,'R02',missions[2]['end']+m.relay['turnaround'],late_end,'RP05','RB05'):return None",solver/physics/index; inspect context
code/mountain_flood/problem3/joint_solver.py,101,6,"return (round(s['weighted_tardiness'],6),s['makespan'],s['energy'],s['count']+s['relay_count'])",solver/physics/index; inspect context
code/mountain_flood/problem3/joint_solver.py,147,15,"rs,transport_solver=improve_schedule(m,rs,seconds=15)",solver/physics/index; inspect context
code/mountain_flood/problem3/joint_solver.py,153,7800,"for north,west_end,east_end,north_end in product(norths,[7800,8100],[1931,2100,2500,3400,3665],[7600,7900]):",solver/physics/index; inspect context
code/mountain_flood/problem3/joint_solver.py,153,8100,"for north,west_end,east_end,north_end in product(norths,[7800,8100],[1931,2100,2500,3400,3665],[7600,7900]):",solver/physics/index; inspect context
code/mountain_flood/problem3/joint_solver.py,153,1931,"for north,west_end,east_end,north_end in product(norths,[7800,8100],[1931,2100,2500,3400,3665],[7600,7900]):",solver/physics/index; inspect context
code/mountain_flood/problem3/joint_solver.py,153,2100,"for north,west_end,east_end,north_end in product(norths,[7800,8100],[1931,2100,2500,3400,3665],[7600,7900]):",solver/physics/index; inspect context
code/mountain_flood/problem3/joint_solver.py,153,2500,"for north,west_end,east_end,north_end in product(norths,[7800,8100],[1931,2100,2500,3400,3665],[7600,7900]):",solver/physics/index; inspect context
code/mountain_flood/problem3/joint_solver.py,153,3400,"for north,west_end,east_end,north_end in product(norths,[7800,8100],[1931,2100,2500,3400,3665],[7600,7900]):",solver/physics/index; inspect context
code/mountain_flood/problem3/joint_solver.py,153,3665,"for north,west_end,east_end,north_end in product(norths,[7800,8100],[1931,2100,2500,3400,3665],[7600,7900]):",solver/physics/index; inspect context
code/mountain_flood/problem3/joint_solver.py,153,7600,"for north,west_end,east_end,north_end in product(norths,[7800,8100],[1931,2100,2500,3400,3665],[7600,7900]):",solver/physics/index; inspect context
code/mountain_flood/problem3/joint_solver.py,153,7900,"for north,west_end,east_end,north_end in product(norths,[7800,8100],[1931,2100,2500,3400,3665],[7600,7900]):",solver/physics/index; inspect context
code/mountain_flood/problem3/joint_solver.py,170,20,"refined=schedule_with_relays(m,rs,relays,seconds=20)",solver/physics/index; inspect context
code/mountain_flood/problem3/joint_solver.py,9,2,"sys.path.insert(0, str(_BootstrapPath(__file__).resolve().parents[2]))",path/bootstrap
code/mountain_flood/problem3/joint_solver.py,27,1,for n in r['order'][1:]:,solver/physics/index; inspect context
code/mountain_flood/problem3/joint_solver.py,86,3600,energy=v['fly_energy']+(end-ready+m.relay['link_setup'])*(m.relay['hover_power']+m.relay['comm_power'])/3600,solver/physics/index; inspect context
code/mountain_flood/problem3/joint_solver.py,115,3,"if not validate(m,data,3)['pass_']:return None",solver/physics/index; inspect context
code/mountain_flood/problem3/joint_solver.py,122,1,next_id=f'T{len(routes)+1:03}',solver/physics/index; inspect context
code/mountain_flood/problem3/joint_solver.py,156,3,"data=schedule_with_relays(m,rs,relays,seconds=3)",solver/physics/index; inspect context
code/mountain_flood/problem3/joint_solver.py,176,12,"candidate=schedule_with_relays(m,trial,relays,seconds=12)",solver/physics/index; inspect context
code/mountain_flood/problem3/joint_solver.py,28,0,parent[find(n)]=find(r['order'][0]),solver/physics/index; inspect context
code/mountain_flood/problem3/joint_solver.py,37,0.0,"return [dict(r) for r in routes],dict(split_route=None,extra_energy=0.,components=existing)",solver/physics/index; inspect context
code/mountain_flood/problem3/joint_solver.py,46,0.0,"piece.update(id=r['id']+chr(ord('a')+k),start=0.,end=piece['duration'])",solver/physics/index; inspect context
code/mountain_flood/problem3/joint_solver.py,52,1,"candidates.append((extra,len(pieces)-1,index,pieces))",solver/physics/index; inspect context
code/mountain_flood/problem3/joint_solver.py,87,1e-08,if end<=ready or energy>(1-m.relay['rho']/100)*m.relay['E']+1e-8:return False,solver/physics/index; inspect context
code/mountain_flood/problem3/joint_solver.py,127,1e-07,if scheduled['start']+t<=m.boxes[b]['due']+1e-7:continue,solver/physics/index; inspect context
code/mountain_flood/problem3/joint_solver.py,133,0.0,"remainder.update(id=next_id,start=0.,end=remainder['duration'])",solver/physics/index; inspect context
code/mountain_flood/problem3/joint_solver.py,54,0,"extra,_,index,pieces=min(candidates,key=lambda x:(x[0],x[1]))",solver/physics/index; inspect context
code/mountain_flood/problem3/joint_solver.py,54,1,"extra,_,index,pieces=min(candidates,key=lambda x:(x[0],x[1]))",solver/physics/index; inspect context
code/mountain_flood/problem3/joint_solver.py,89,1,"start=start,ready=ready,service_end=end,end=end+v['ret'],energy=energy,soc=1-energy/m.relay['E']))",solver/physics/index; inspect context
code/mountain_flood/problem3/joint_solver.py,93,1,"if not add(2,'R02',missions[1]['end']+m.relay['turnaround'],north_end,'RP03','RB03'):return None",solver/physics/index; inspect context
code/mountain_flood/problem3/joint_solver.py,94,0,"if not add(0,'R01',missions[0]['end']+m.relay['turnaround'],late_end,'RP04','RB04'):return None",solver/physics/index; inspect context
code/mountain_flood/problem3/joint_solver.py,95,2,"if not add(1,'R02',missions[2]['end']+m.relay['turnaround'],late_end,'RP05','RB05'):return None",solver/physics/index; inspect context
code/mountain_flood/problem3/joint_solver.py,137,0.0,"direct.update(id=r['id'],start=0.,end=direct['duration'])",solver/physics/index; inspect context
code/mountain_flood/problem3/joint_solver.py,49,1,trial=routes[:index]+routes[index+1:]+pieces,solver/physics/index; inspect context
code/mountain_flood/problem3/joint_solver.py,87,1,if end<=ready or energy>(1-m.relay['rho']/100)*m.relay['E']+1e-8:return False,solver/physics/index; inspect context
code/mountain_flood/problem3/joint_solver.py,163,0,if best is None or score(data)<score(best[0]):,solver/physics/index; inspect context
code/mountain_flood/problem3/joint_solver.py,87,100,if end<=ready or energy>(1-m.relay['rho']/100)*m.relay['E']+1e-8:return False,solver/physics/index; inspect context
code/mountain_flood/problem3/schedule.py,51,15,"def solve(m,rs,relays,seconds=15,verbose=False,priority_arrival=False):",solver/physics/index; inspect context
code/mountain_flood/problem3/schedule.py,77,1,solver=cp_model.CpSolver();solver.parameters.max_time_in_seconds=seconds;solver.parameters.num_search_workers=1;solver.parameters.random_seed=optimization_parameters()['method_comp,solver/physics/index; inspect context
code/mountain_flood/problem3/schedule.py,75,0,"cmax=model.new_int_var(0,25000,'cmax');model.add_max_equality(cmax,ends)",solver/physics/index; inspect context
code/mountain_flood/problem3/schedule.py,75,25000,"cmax=model.new_int_var(0,25000,'cmax');model.add_max_equality(cmax,ends)",solver/physics/index; inspect context
code/mountain_flood/problem3/schedule.py,109,3,"check=validate(m,dict(routes=out,relays=relays,communication=records),3)",solver/physics/index; inspect context
code/mountain_flood/problem3/schedule.py,31,0,"gw=gateway(m);allowed=[(0,horizon)]",solver/physics/index; inspect context
code/mountain_flood/problem3/schedule.py,33,1,"d=s['end']-s['start'];n=max(1,math.ceil(d/step))",solver/physics/index; inspect context
code/mountain_flood/problem3/schedule.py,48,100000000.0,"if deadline<1e8:allowed=intersect(allowed,[(0,math.floor(deadline-t+1e-7))])",solver/physics/index; inspect context
code/mountain_flood/problem3/schedule.py,59,0,"end=model.new_int_var(0,25000,f'e{j}')",solver/physics/index; inspect context
code/mountain_flood/problem3/schedule.py,59,25000,"end=model.new_int_var(0,25000,f'e{j}')",solver/physics/index; inspect context
code/mountain_flood/problem3/schedule.py,61,0,"be=model.new_int_var(0,30000,f'be{j}')",solver/physics/index; inspect context
code/mountain_flood/problem3/schedule.py,61,30000,"be=model.new_int_var(0,30000,f'be{j}')",solver/physics/index; inspect context
code/mountain_flood/problem3/schedule.py,37,0,"if certificate(m,p,q,gw,m.comm['thresholds_db']['direct'])[0]>=0:continue",solver/physics/index; inspect context
code/mountain_flood/problem3/schedule.py,67,0,"late=model.new_int_var(0,30000000,f'l{j}_{b}')",solver/physics/index; inspect context
code/mountain_flood/problem3/schedule.py,67,30000000,"late=model.new_int_var(0,30000000,f'l{j}_{b}')",solver/physics/index; inspect context
code/mountain_flood/problem3/schedule.py,101,0.0,us=[0.]*len(m.units[g]);bs=[0.]*m.types[g]['batteries'],solver/physics/index; inspect context
code/mountain_flood/problem3/schedule.py,101,0.0,us=[0.]*len(m.units[g]);bs=[0.]*m.types[g]['batteries'],solver/physics/index; inspect context
code/mountain_flood/problem3/schedule.py,23,1,"if merged and x<=merged[-1][1]+1:merged[-1]=(merged[-1][0],max(merged[-1][1],y))",solver/physics/index; inspect context
code/mountain_flood/problem3/schedule.py,23,1,"if merged and x<=merged[-1][1]+1:merged[-1]=(merged[-1][0],max(merged[-1][1],y))",solver/physics/index; inspect context
code/mountain_flood/problem3/schedule.py,23,0,"if merged and x<=merged[-1][1]+1:merged[-1]=(merged[-1][0],max(merged[-1][1],y))",solver/physics/index; inspect context
code/mountain_flood/problem3/schedule.py,35,0,"for f0,f1 in zip(np.linspace(0,1,n+1)[:-1],np.linspace(0,1,n+1)[1:]):",solver/physics/index; inspect context
code/mountain_flood/problem3/schedule.py,35,1,"for f0,f1 in zip(np.linspace(0,1,n+1)[:-1],np.linspace(0,1,n+1)[1:]):",solver/physics/index; inspect context
code/mountain_flood/problem3/schedule.py,35,0,"for f0,f1 in zip(np.linspace(0,1,n+1)[:-1],np.linspace(0,1,n+1)[1:]):",solver/physics/index; inspect context
code/mountain_flood/problem3/schedule.py,35,1,"for f0,f1 in zip(np.linspace(0,1,n+1)[:-1],np.linspace(0,1,n+1)[1:]):",solver/physics/index; inspect context
code/mountain_flood/problem3/schedule.py,35,1,"for f0,f1 in zip(np.linspace(0,1,n+1)[:-1],np.linspace(0,1,n+1)[1:]):",solver/physics/index; inspect context
code/mountain_flood/problem3/schedule.py,37,0,"if certificate(m,p,q,gw,m.comm['thresholds_db']['direct'])[0]>=0:continue",solver/physics/index; inspect context
code/mountain_flood/problem3/schedule.py,41,0,"if certificate(m,p,q,v['pos'],m.comm['thresholds_db']['access'])[0]>=0:",solver/physics/index; inspect context
code/mountain_flood/problem3/schedule.py,68,0,"model.add_max_equality(late,[0,1000*start+round(t*1000)-round(box['due']*1000)])",solver/physics/index; inspect context
code/mountain_flood/problem3/schedule.py,73,1,"model.add_cumulative([iv[j] for j in js],[1]*len(js),len(m.units[g]))",solver/physics/index; inspect context
code/mountain_flood/problem3/schedule.py,74,1,"model.add_cumulative([biv[j] for j in js],[1]*len(js),m.types[g]['batteries'])",solver/physics/index; inspect context
code/mountain_flood/problem3/schedule.py,23,1,"if merged and x<=merged[-1][1]+1:merged[-1]=(merged[-1][0],max(merged[-1][1],y))",solver/physics/index; inspect context
code/mountain_flood/problem3/schedule.py,23,1,"if merged and x<=merged[-1][1]+1:merged[-1]=(merged[-1][0],max(merged[-1][1],y))",solver/physics/index; inspect context
code/mountain_flood/problem3/schedule.py,35,1,"for f0,f1 in zip(np.linspace(0,1,n+1)[:-1],np.linspace(0,1,n+1)[1:]):",solver/physics/index; inspect context
code/mountain_flood/problem3/schedule.py,35,1,"for f0,f1 in zip(np.linspace(0,1,n+1)[:-1],np.linspace(0,1,n+1)[1:]):",solver/physics/index; inspect context
code/mountain_flood/problem3/schedule.py,35,1,"for f0,f1 in zip(np.linspace(0,1,n+1)[:-1],np.linspace(0,1,n+1)[1:]):",solver/physics/index; inspect context
code/mountain_flood/problem3/schedule.py,41,0,"if certificate(m,p,q,v['pos'],m.comm['thresholds_db']['access'])[0]>=0:",solver/physics/index; inspect context
code/mountain_flood/problem3/schedule.py,48,0,"if deadline<1e8:allowed=intersect(allowed,[(0,math.floor(deadline-t+1e-7))])",solver/physics/index; inspect context
code/mountain_flood/problem3/schedule.py,105,1,r['unit']=m.units[g][ui];r['battery']=f'{g}B{bi+1:02}',solver/physics/index; inspect context
code/mountain_flood/problem3/schedule.py,23,1,"if merged and x<=merged[-1][1]+1:merged[-1]=(merged[-1][0],max(merged[-1][1],y))",solver/physics/index; inspect context
code/mountain_flood/problem3/schedule.py,42,1e-07,lo=math.ceil(v['ready']-tau0-1e-7);hi=math.floor(v['service_end']-tau1+1e-7),solver/physics/index; inspect context
code/mountain_flood/problem3/schedule.py,42,1e-07,lo=math.ceil(v['ready']-tau0-1e-7);hi=math.floor(v['service_end']-tau1+1e-7),solver/physics/index; inspect context
code/mountain_flood/problem3/schedule.py,70,1000,arrivals.append(box['priority']*(1000*start+round(t*1000))),solver/physics/index; inspect context
code/mountain_flood/problem3/schedule.py,23,1,"if merged and x<=merged[-1][1]+1:merged[-1]=(merged[-1][0],max(merged[-1][1],y))",solver/physics/index; inspect context
code/mountain_flood/problem3/schedule.py,23,1,"if merged and x<=merged[-1][1]+1:merged[-1]=(merged[-1][0],max(merged[-1][1],y))",solver/physics/index; inspect context
code/mountain_flood/problem3/schedule.py,48,1e-07,"if deadline<1e8:allowed=intersect(allowed,[(0,math.floor(deadline-t+1e-7))])",solver/physics/index; inspect context
code/mountain_flood/problem3/schedule.py,68,1000,"model.add_max_equality(late,[0,1000*start+round(t*1000)-round(box['due']*1000)])",solver/physics/index; inspect context
code/mountain_flood/problem3/schedule.py,68,1000,"model.add_max_equality(late,[0,1000*start+round(t*1000)-round(box['due']*1000)])",solver/physics/index; inspect context
code/mountain_flood/problem3/schedule.py,70,1000,arrivals.append(box['priority']*(1000*start+round(t*1000))),solver/physics/index; inspect context
code/mountain_flood/problem3/schedule.py,103,1e-06,"ui=next(i for i,t in enumerate(us) if t<=r['start']+1e-6)",solver/physics/index; inspect context
code/mountain_flood/problem3/schedule.py,104,1e-06,"bi=next(i for i,t in enumerate(bs) if t<=r['start']+1e-6)",solver/physics/index; inspect context
code/mountain_flood/problem3/schedule.py,68,1000,"model.add_max_equality(late,[0,1000*start+round(t*1000)-round(box['due']*1000)])",solver/physics/index; inspect context
code/mountain_flood/problem4/partition.py,35,1,"for node in range(1, 16):",solver/physics/index; inspect context
code/mountain_flood/problem4/partition.py,35,16,"for node in range(1, 16):",solver/physics/index; inspect context
code/mountain_flood/problem4/partition.py,105,1,all_mask = (1 << component_count) - 1,solver/physics/index; inspect context
code/mountain_flood/problem4/partition.py,111,2,"for group_count in (2, 3):",solver/physics/index; inspect context
code/mountain_flood/problem4/partition.py,111,3,"for group_count in (2, 3):",solver/physics/index; inspect context
code/mountain_flood/problem4/partition.py,114,0,evaluated = 0,solver/physics/index; inspect context
code/mountain_flood/problem4/partition.py,21,16,parent = list(range(16)),solver/physics/index; inspect context
code/mountain_flood/problem4/partition.py,30,0,"first = route[""order""][0]",solver/physics/index; inspect context
code/mountain_flood/problem4/partition.py,105,1,all_mask = (1 << component_count) - 1,solver/physics/index; inspect context
code/mountain_flood/problem4/partition.py,163,0,"visit(0, [])",solver/physics/index; inspect context
code/mountain_flood/problem4/partition.py,31,1,"for node in route[""order""][1:]:",solver/physics/index; inspect context
code/mountain_flood/problem4/partition.py,122,1,evaluated += 1,solver/physics/index; inspect context
code/mountain_flood/problem4/partition.py,48,1,if mask >> index & 1,solver/physics/index; inspect context
code/mountain_flood/problem4/partition.py,158,1,next_masks[group_index] |= 1 << index,solver/physics/index; inspect context
code/mountain_flood/problem4/partition.py,51,0,"tasks = [route for route in routes if route[""order""][0] in nodes]",solver/physics/index; inspect context
code/mountain_flood/problem4/partition.py,125,0,"deficit = [max(0, target - available) for target, available in zip(total, inventory)]",solver/physics/index; inspect context
code/mountain_flood/problem4/partition.py,126,0,"duplicated = [max(0, target - base) for target, base in zip(total, pooled)]",solver/physics/index; inspect context
code/mountain_flood/problem4/partition.py,127,0,"inventory_idle = [max(0, available - target) for target, available in zip(total, inventory)]",solver/physics/index; inspect context
code/mountain_flood/problem4/partition.py,159,1,"visit(index + 1, next_masks)",solver/physics/index; inspect context
code/mountain_flood/problem4/partition.py,161,1,"visit(index + 1, masks + [1 << index])",solver/physics/index; inspect context
code/mountain_flood/problem4/partition.py,161,1,"visit(index + 1, masks + [1 << index])",solver/physics/index; inspect context
code/mountain_flood/problem4/partition.py,124,0,"total = np.sum([item[""resources""] for item in groups], axis=0).astype(int).tolist()",solver/physics/index; inspect context
code/mountain_flood/reporting/export_submission.py,9,0,"sys.path.insert(0, str(_BootstrapPath(__file__).resolve().parents[2]))",path/bootstrap
code/mountain_flood/reporting/export_submission.py,23,2,"for row_index,record in enumerate(records,2):",solver/physics/index; inspect context
code/mountain_flood/reporting/export_submission.py,32,2,"for i,(row,reference) in enumerate(zip(actual,expected),2):",solver/physics/index; inspect context
code/mountain_flood/reporting/export_submission.py,94,2,"for k in (2,3):",solver/physics/index; inspect context
code/mountain_flood/reporting/export_submission.py,94,3,"for k in (2,3):",solver/physics/index; inspect context
code/mountain_flood/reporting/export_submission.py,114,8,if len(check.sheetnames)!=8:raise RuntimeError('Result workbook missing sheets'),solver/physics/index; inspect context
code/mountain_flood/reporting/export_submission.py,24,1,"for col_index,value in enumerate(record,1):",solver/physics/index; inspect context
code/mountain_flood/reporting/export_submission.py,33,1,"for col,(value,wanted) in enumerate(zip(row,reference),1):",solver/physics/index; inspect context
code/mountain_flood/reporting/export_submission.py,96,1,"for i,g in enumerate(groups,1):",solver/physics/index; inspect context
code/mountain_flood/reporting/export_submission.py,9,2,"sys.path.insert(0, str(_BootstrapPath(__file__).resolve().parents[2]))",path/bootstrap
code/mountain_flood/reporting/export_submission.py,55,0,"return [(b['id'],by_box[i][0],f""S{b['node']:03}"",by_box[i][1])",solver/physics/index; inspect context
code/mountain_flood/reporting/export_submission.py,55,1,"return [(b['id'],by_box[i][0],f""S{b['node']:03}"",by_box[i][1])",solver/physics/index; inspect context
code/mountain_flood/reporting/export_submission.py,63,1e-06,if merged and merged[-1][0]==key and abs(merged[-1][2]-c['start'])<1e-6:,solver/physics/index; inspect context
code/mountain_flood/reporting/export_submission.py,67,0,"return [(key[0],key[1],start,end,",solver/physics/index; inspect context
code/mountain_flood/reporting/export_submission.py,67,1,"return [(key[0],key[1],start,end,",solver/physics/index; inspect context
code/mountain_flood/reporting/export_submission.py,68,3,"'固定网关直连' if key[2]=='G01' else '中继保障',key[3])",solver/physics/index; inspect context
code/mountain_flood/reporting/export_submission.py,84,100,"r['duration'],r['energy'],100*r['soc'])",solver/physics/index; inspect context
code/mountain_flood/reporting/export_submission.py,85,1,"for i,r in enumerate(q1['routes'],1)]",solver/physics/index; inspect context
code/mountain_flood/reporting/export_submission.py,101,1,transport=workbook.copy_worksheet(workbook[expected[1]]),solver/physics/index; inspect context
code/mountain_flood/reporting/export_submission.py,105,2,deliveries=workbook.copy_worksheet(workbook[expected[2]]),solver/physics/index; inspect context
code/mountain_flood/reporting/export_submission.py,29,1,actual=[row[:len(expected[0])] for row in list(sheet.values)[1:] if row[0] is not None],solver/physics/index; inspect context
code/mountain_flood/reporting/export_submission.py,29,0,actual=[row[:len(expected[0])] for row in list(sheet.values)[1:] if row[0] is not None],solver/physics/index; inspect context
code/mountain_flood/reporting/export_submission.py,63,0,if merged and merged[-1][0]==key and abs(merged[-1][2]-c['start'])<1e-6:,solver/physics/index; inspect context
code/mountain_flood/reporting/export_submission.py,64,1,"merged[-1]=(key,merged[-1][1],c['end'])",solver/physics/index; inspect context
code/mountain_flood/reporting/export_submission.py,64,1,"merged[-1]=(key,merged[-1][1],c['end'])",solver/physics/index; inspect context
code/mountain_flood/reporting/export_submission.py,29,0,actual=[row[:len(expected[0])] for row in list(sheet.values)[1:] if row[0] is not None],solver/physics/index; inspect context
code/mountain_flood/reporting/export_submission.py,35,1e-06,"good=isinstance(value,(int,float)) and abs(value-wanted)<=1e-6",solver/physics/index; inspect context
code/mountain_flood/reporting/export_submission.py,68,2,"'固定网关直连' if key[2]=='G01' else '中继保障',key[3])",solver/physics/index; inspect context
code/mountain_flood/reporting/export_submission.py,82,0,"(f'Q1-{i:03}',f""S{r['order'][0]:03}"",r['g'],",solver/physics/index; inspect context
code/mountain_flood/reporting/export_submission.py,63,1,if merged and merged[-1][0]==key and abs(merged[-1][2]-c['start'])<1e-6:,solver/physics/index; inspect context
code/mountain_flood/reporting/export_submission.py,63,2,if merged and merged[-1][0]==key and abs(merged[-1][2]-c['start'])<1e-6:,solver/physics/index; inspect context
code/mountain_flood/reporting/export_submission.py,64,1,"merged[-1]=(key,merged[-1][1],c['end'])",solver/physics/index; inspect context
code/mountain_flood/reporting/export_submission.py,63,1,if merged and merged[-1][0]==key and abs(merged[-1][2]-c['start'])<1e-6:,solver/physics/index; inspect context
code/mountain_flood/validation/compare_joint_candidates.py,7,0,"sys.path.insert(0, str(_BootstrapPath(__file__).resolve().parents[2]))",path/bootstrap
code/mountain_flood/validation/compare_joint_candidates.py,7,2,"sys.path.insert(0, str(_BootstrapPath(__file__).resolve().parents[2]))",path/bootstrap
code/mountain_flood/validation/compare_joint_candidates.py,41,3,"check = validate(m, data, 3)",solver/physics/index; inspect context
code/mountain_flood/validation/compare_joint_candidates.py,29,1e-07,"return all(x <= y + 1e-7 for x, y in zip(av, bv)) and any(x < y - 1e-7 for x, y in zip(av, bv))",solver/physics/index; inspect context
code/mountain_flood/validation/compare_joint_candidates.py,29,1e-07,"return all(x <= y + 1e-7 for x, y in zip(av, bv)) and any(x < y - 1e-7 for x, y in zip(av, bv))",solver/physics/index; inspect context
code/mountain_flood/validation/compare_joint_candidates.py,53,60,"weighted_average_delivery_min=s['weighted_arrival']/sum(b['priority'] for b in m.boxes)/60,",solver/physics/index; inspect context
code/mountain_flood/validation/compare_joint_candidates.py,45,1,"east_window_end_s=int(match.group(1)) if match else None,",solver/physics/index; inspect context
code/mountain_flood/validation/replay.py,42,3,if q==3:,solver/physics/index; inspect context
code/mountain_flood/validation/replay.py,20,1e-08,if abs(fresh['energy']-r['energy'])>1e-8:errors.append(r['id']+' energy mismatch'),solver/physics/index; inspect context
code/mountain_flood/validation/replay.py,21,1e-06,if abs(r['end']-r['start']-fresh['duration'])>1e-6:errors.append(r['id']+' duration mismatch'),solver/physics/index; inspect context
code/mountain_flood/validation/replay.py,25,1e-08,if abs(r['soc']-fresh['soc'])>1e-8:errors.append(r['id']+' SOC mismatch'),solver/physics/index; inspect context
code/mountain_flood/validation/replay.py,40,1,if peak(ints)>1:errors.append(id+' overlaps'),solver/physics/index; inspect context
code/mountain_flood/validation/replay.py,41,80,"checks=dict(boxes=80,hard_boxes=len(hard),medical_boxes=len(medical_slacks),first_boxes=len(first_slacks),min_hard_slack=min(hard),min_medical_slack=min(medical_slacks),min_first_s",solver/physics/index; inspect context
code/mountain_flood/validation/replay.py,12,80,if cover!=Counter(range(80)):errors.append('box coverage'),solver/physics/index; inspect context
code/mountain_flood/validation/replay.py,30,100000000.0,if box['deadline']<1e8:hard.append(slack),solver/physics/index; inspect context
code/mountain_flood/validation/replay.py,49,1e-06,if abs(r['ready']-r['start']-physical['ready'])>1e-6:errors.append(r['id']+' ready mismatch'),solver/physics/index; inspect context
code/mountain_flood/validation/replay.py,50,1e-06,if abs(r['end']-r['service_end']-physical['ret'])>1e-6:errors.append(r['id']+' return mismatch'),solver/physics/index; inspect context
code/mountain_flood/validation/replay.py,52,1e-06,if abs(r['energy']-expected_energy)>1e-6:errors.append(r['id']+' energy mismatch'),solver/physics/index; inspect context
code/mountain_flood/validation/replay.py,55,1e-08,if abs(r['soc']-(1-r['energy']/m.relay['E']))>1e-8:errors.append(r['id']+' SOC mismatch'),solver/physics/index; inspect context
code/mountain_flood/validation/replay.py,57,0,"if m.link_margin(r['pos'],gw,m.comm['thresholds_db']['backhaul'])<0:errors.append(r['id']+' backhaul')",solver/physics/index; inspect context
code/mountain_flood/validation/replay.py,63,1,if peak(ints)>1:errors.append(id+' overlaps'),solver/physics/index; inspect context
code/mountain_flood/validation/replay.py,73,1e-06,if abs(cursor-r['end'])>1e-6:errors.append(r['id']+' end coverage'),solver/physics/index; inspect context
code/mountain_flood/validation/replay.py,29,1e-07,if slack< -1e-7:errors.append(m.boxes[b]['id']+' deadline'),solver/physics/index; inspect context
code/mountain_flood/validation/replay.py,44,0,"gw=[m.nodes[0]['lon'],m.nodes[0]['lat'],m.nodes[0]['z']+m.comm['gateway_height_m']]",solver/physics/index; inspect context
code/mountain_flood/validation/replay.py,44,0,"gw=[m.nodes[0]['lon'],m.nodes[0]['lat'],m.nodes[0]['z']+m.comm['gateway_height_m']]",solver/physics/index; inspect context
code/mountain_flood/validation/replay.py,51,3600,expected_energy=physical['fly_energy']+(r['service_end']-r['ready']+m.relay['link_setup'])*(m.relay['hover_power']+m.relay['comm_power'])/3600,solver/physics/index; inspect context
code/mountain_flood/validation/replay.py,53,1e-07,if r['service_end']<r['ready']-1e-7:errors.append(r['id']+' negative service'),solver/physics/index; inspect context
code/mountain_flood/validation/replay.py,54,1e-08,if r['energy']>(1-m.relay['rho']/100)*m.relay['E']+1e-8:errors.append(r['id']+' SOC'),solver/physics/index; inspect context
code/mountain_flood/validation/replay.py,56,1e-07,if r['pos'][2]-float(m.ground(*r['pos'][:2]))>m.relay['max_agl']+1e-7:errors.append(r['id']+' altitude'),solver/physics/index; inspect context
code/mountain_flood/validation/replay.py,68,1e-06,if abs(cursor-c['start'])>1e-6:errors.append(r['id']+' coverage gap'),solver/physics/index; inspect context
code/mountain_flood/validation/replay.py,23,1e-06,"if saved_deliver.keys()!=fresh['deliver'].keys() or any(abs(saved_deliver[b]-t)>1e-6 for b,t in fresh['deliver'].items()):",solver/physics/index; inspect context
code/mountain_flood/validation/replay.py,35,1e-07,if not box['medical'] and due_slack< -1e-7:,solver/physics/index; inspect context
code/mountain_flood/validation/replay.py,44,0,"gw=[m.nodes[0]['lon'],m.nodes[0]['lat'],m.nodes[0]['z']+m.comm['gateway_height_m']]",solver/physics/index; inspect context
code/mountain_flood/validation/replay.py,56,2,if r['pos'][2]-float(m.ground(*r['pos'][:2]))>m.relay['max_agl']+1e-7:errors.append(r['id']+' altitude'),solver/physics/index; inspect context
code/mountain_flood/validation/replay.py,54,1,if r['energy']>(1-m.relay['rho']/100)*m.relay['E']+1e-8:errors.append(r['id']+' SOC'),solver/physics/index; inspect context
code/mountain_flood/validation/replay.py,55,1,if abs(r['soc']-(1-r['energy']/m.relay['E']))>1e-8:errors.append(r['id']+' SOC mismatch'),solver/physics/index; inspect context
code/mountain_flood/validation/replay.py,54,100,if r['energy']>(1-m.relay['rho']/100)*m.relay['E']+1e-8:errors.append(r['id']+' SOC'),solver/physics/index; inspect context
code/mountain_flood/validation/replay.py,72,1e-06,if c['start']<rr['ready']-1e-6 or c['end']>rr['service_end']+1e-6:errors.append(r['id']+' relay timing'),solver/physics/index; inspect context
code/mountain_flood/validation/replay.py,72,1e-06,if c['start']<rr['ready']-1e-6 or c['end']>rr['service_end']+1e-6:errors.append(r['id']+' relay timing'),solver/physics/index; inspect context
code/mountain_flood/validation/replay.py,56,2,if r['pos'][2]-float(m.ground(*r['pos'][:2]))>m.relay['max_agl']+1e-7:errors.append(r['id']+' altitude'),solver/physics/index; inspect context
code/mountain_flood/validation/resources.py,7,0,count=maximum=0,solver/physics/index; inspect context
code/mountain_flood/validation/resources.py,6,1,"events=sorted([(a,1) for a,b in intervals]+[(b,-1) for a,b in intervals])",solver/physics/index; inspect context
code/mountain_flood/validation/resources.py,6,1,"events=sorted([(a,1) for a,b in intervals]+[(b,-1) for a,b in intervals])",solver/physics/index; inspect context
code/mountain_flood/validation/runner.py,7,0,"sys.path.insert(0, str(_BootstrapPath(__file__).resolve().parents[2]))",path/bootstrap
code/mountain_flood/validation/runner.py,17,2,"for question in (2, 3):",solver/physics/index; inspect context
code/mountain_flood/validation/runner.py,17,3,"for question in (2, 3):",solver/physics/index; inspect context
code/mountain_flood/validation/runner.py,20,3,if question == 3:,solver/physics/index; inspect context
code/mountain_flood/validation/runner.py,7,2,"sys.path.insert(0, str(_BootstrapPath(__file__).resolve().parents[2]))",path/bootstrap
code/mountain_flood/validation/verify_methods_archive.py,9,0,"sys.path.insert(0, str(_BootstrapPath(__file__).resolve().parents[2]))",path/bootstrap
code/mountain_flood/validation/verify_methods_archive.py,58,1,if len(selected)!=1:,solver/physics/index; inspect context
code/mountain_flood/validation/verify_methods_archive.py,43,2,"check=validate(m,dict(routes=candidate['routes']),2)",solver/physics/index; inspect context
code/mountain_flood/validation/verify_methods_archive.py,61,0,"print('METHOD COMPARISON PASS',len(rows),selected[0],flush=True)",solver/physics/index; inspect context
code/mountain_flood/validation/verify_methods_archive.py,9,2,"sys.path.insert(0, str(_BootstrapPath(__file__).resolve().parents[2]))",path/bootstrap
code/mountain_flood/validation/verify_methods_archive.py,21,0,"expected={(method,seed) for method in ('grasp','hill','anneal','tabu') for seed in (0,1,2)}",solver/physics/index; inspect context
code/mountain_flood/validation/verify_methods_archive.py,21,1,"expected={(method,seed) for method in ('grasp','hill','anneal','tabu') for seed in (0,1,2)}",solver/physics/index; inspect context
code/mountain_flood/validation/verify_methods_archive.py,21,2,"expected={(method,seed) for method in ('grasp','hill','anneal','tabu') for seed in (0,1,2)}",solver/physics/index; inspect context
code/mountain_flood/validation/verify_methods_archive.py,31,1e-05,if abs(recomputed[field]-value)>1e-5:,solver/physics/index; inspect context
code/mountain_flood/validation/verify_methods_archive.py,41,1e-05,if abs(recomputed[field]-value)>1e-5:,solver/physics/index; inspect context
code/mountain_flood/validation/verify_methods_archive.py,60,0,"save('method_comparison_validation.json',dict(pass_=True,count=len(rows),selected=selected[0],rows=rows))",solver/physics/index; inspect context
code/mountain_flood/validation/verify_methods_archive.py,55,0,"rows.append(dict(method=key[0],seed=key[1],verified=True))",solver/physics/index; inspect context
code/mountain_flood/validation/verify_methods_archive.py,55,1,"rows.append(dict(method=key[0],seed=key[1],verified=True))",solver/physics/index; inspect context
code/mountain_flood/workflow/promote_fusion.py,13,0,"sys.path.insert(0, str(_BootstrapPath(__file__).resolve().parents[2]))",path/bootstrap
code/mountain_flood/workflow/promote_fusion.py,36,2,if question==2:,solver/physics/index; inspect context
code/mountain_flood/workflow/promote_fusion.py,67,2,"q2,c2=checked('q2_time_energy_candidate.json',2)",solver/physics/index; inspect context
code/mountain_flood/workflow/promote_fusion.py,68,3,"q3,c3=checked('q3_hard_hill1_e3900_margin.json',3)",solver/physics/index; inspect context
code/mountain_flood/workflow/promote_fusion.py,34,1e-05,if abs(recalculated[key]-data['summary'][key])>1e-5:,solver/physics/index; inspect context
code/mountain_flood/workflow/promote_fusion.py,54,1e-05,if abs(s['transport_energy']-recalculated['energy'])>1e-5:,solver/physics/index; inspect context
code/mountain_flood/workflow/promote_fusion.py,56,1e-05,if abs(s['relay_energy']-sum(r['energy'] for r in data['relays']))>1e-5:,solver/physics/index; inspect context
code/mountain_flood/workflow/promote_fusion.py,58,1e-05,if abs(s['energy']-s['transport_energy']-s['relay_energy'])>1e-5:,solver/physics/index; inspect context
code/mountain_flood/workflow/promote_fusion.py,61,1e-05,if abs(s['makespan']-end)>1e-5:,solver/physics/index; inspect context
code/mountain_flood/workflow/promote_fusion.py,13,2,"sys.path.insert(0, str(_BootstrapPath(__file__).resolve().parents[2]))",path/bootstrap
code/mountain_flood/workflow/promote_fusion.py,38,1e-05,if abs(recalculated[key]-data['summary'][key])>1e-5:,solver/physics/index; inspect context
code/mountain_flood/workflow/promote_fusion.py,52,1e-06,if abs(regenerated[key]-archived[key])>1e-6:,solver/physics/index; inspect context
code/mountain_flood/workflow/reproduce.py,9,0,"sys.path.insert(0, str(_BootstrapPath(__file__).resolve().parents[2]))",path/bootstrap
code/mountain_flood/workflow/reproduce.py,112,8,if len(book.sheetnames)!=8:raise RuntimeError('Submission workbook lacks required sheets'),solver/physics/index; inspect context
code/mountain_flood/workflow/reproduce.py,135,39,if len(pool_manifest['file_sha256'])!=39 or any(,solver/physics/index; inspect context
code/mountain_flood/workflow/reproduce.py,139,48,if kmax_audit['status']!='PASS' or kmax_audit['passed']!=48:,solver/physics/index; inspect context
code/mountain_flood/workflow/reproduce.py,9,2,"sys.path.insert(0, str(_BootstrapPath(__file__).resolve().parents[2]))",path/bootstrap
code/mountain_flood/workflow/reproduce.py,66,1,"name,version=line.split('==',1)",solver/physics/index; inspect context
code/mountain_flood/workflow/reproduce.py,143,0,"created_at=datetime.now(timezone.utc).isoformat(),python=sys.version.split()[0],",solver/physics/index; inspect context
code/mountain_flood/workflow/reproduce.py,158,2,"json.dumps(manifest,ensure_ascii=False,indent=2),encoding='utf8')",solver/physics/index; inspect context
code/mountain_flood/workflow/reproduce.py,145,42,"random_seeds=dict(route_construction=list(range(24)),method_comparison=[0,1,2],cp_sat=42),",solver/physics/index; inspect context
code/mountain_flood/workflow/reproduce.py,51,1024,"for chunk in iter(lambda:stream.read(1024*1024),b''):",solver/physics/index; inspect context
code/mountain_flood/workflow/reproduce.py,51,1024,"for chunk in iter(lambda:stream.read(1024*1024),b''):",solver/physics/index; inspect context
code/mountain_flood/workflow/reproduce.py,105,2,"if not all(validation[str(q)]['pass_'] for q in (2,3)):",solver/physics/index; inspect context
code/mountain_flood/workflow/reproduce.py,105,3,"if not all(validation[str(q)]['pass_'] for q in (2,3)):",solver/physics/index; inspect context
code/mountain_flood/workflow/reproduce.py,145,0,"random_seeds=dict(route_construction=list(range(24)),method_comparison=[0,1,2],cp_sat=42),",solver/physics/index; inspect context
code/mountain_flood/workflow/reproduce.py,145,1,"random_seeds=dict(route_construction=list(range(24)),method_comparison=[0,1,2],cp_sat=42),",solver/physics/index; inspect context
code/mountain_flood/workflow/reproduce.py,145,2,"random_seeds=dict(route_construction=list(range(24)),method_comparison=[0,1,2],cp_sat=42),",solver/physics/index; inspect context
code/mountain_flood/workflow/reproduce.py,149,0,"commands=[dict(script=s,exit_code=0) for s in STEPS],",solver/physics/index; inspect context
code/mountain_flood/workflow/reproduce.py,102,3000,"print(completed.stdout[-3000:],flush=True)",solver/physics/index; inspect context
code/mountain_flood/workflow/reproduce.py,145,24,"random_seeds=dict(route_construction=list(range(24)),method_comparison=[0,1,2],cp_sat=42),",solver/physics/index; inspect context
